date,time,comp,round,day,venue,result,gf,ga,opponent,xg,xga,poss,attendance,captain,formation,opp formation,referee,match report,notes,sh,sot,dist,fk,pk,pkatt,team,season
9/12/2020,12:30,Premier League,Matchweek 1,Sat,Away,W,3,0,Fulham,1.9,0.1,54,,Pierre-Emerick Aubameyang,3/4/2003,4-2-3-1,Chris Kavanagh,Match Report,,13,5,14.1,2,0,0,Arsenal,2021
9/19/2020,20:00,Premier League,Matchweek 2,Sat,Home,W,2,1,West Ham,1.1,2,62,,Pierre-Emerick Aubameyang,3/4/2003,5/4/2001,Michael Oliver,Match Report,,7,3,14.8,0,0,0,Arsenal,2021
9/28/2020,20:00,Premier League,Matchweek 3,Mon,Away,L,1,3,Liverpool,1.3,2.7,34,,Pierre-Emerick Aubameyang,3/4/2003,4/3/2003,Craig Pawson,Match Report,,4,3,15,0,0,0,Arsenal,2021
10/4/2020,14:00,Premier League,Matchweek 4,Sun,Home,W,2,1,Sheffield Utd,0.6,0.2,64,,Pierre-Emerick Aubameyang,4/3/2003,3/5/2002,Lee Mason,Match Report,,6,5,16.3,0,0,0,Arsenal,2021
10/17/2020,17:30,Premier League,Matchweek 5,Sat,Away,L,0,1,Manchester City,0.9,1.3,42,,Pierre-Emerick Aubameyang,4/3/2003,3-1-4-2,Chris Kavanagh,Match Report,,11,3,18.4,2,0,0,Arsenal,2021
10/25/2020,19:15,Premier League,Matchweek 6,Sun,Home,L,0,1,Leicester City,0.7,0.7,56,,Pierre-Emerick Aubameyang,3/4/2003,3/4/2003,Craig Pawson,Match Report,,12,4,15,1,0,0,Arsenal,2021
11/1/2020,16:30,Premier League,Matchweek 7,Sun,Away,W,1,0,Manchester Utd,1,0.4,46,,Pierre-Emerick Aubameyang,3/4/2003,4-1-2-1-2,Mike Dean,Match Report,,6,1,24.6,0,1,1,Arsenal,2021
11/8/2020,19:15,Premier League,Matchweek 8,Sun,Home,L,0,3,Aston Villa,1.5,1.8,59,,Pierre-Emerick Aubameyang,3/4/2003,4-2-3-1,Martin Atkinson,Match Report,,13,2,16.4,0,0,0,Arsenal,2021
11/22/2020,16:30,Premier League,Matchweek 9,Sun,Away,D,0,0,Leeds United,0.9,1.8,34,,Pierre-Emerick Aubameyang,4-2-3-1,4-1-4-1,Anthony Taylor,Match Report,,9,2,19.6,2,0,0,Arsenal,2021
11/29/2020,19:15,Premier League,Matchweek 10,Sun,Home,L,1,2,Wolves,1.5,1.8,56,,Pierre-Emerick Aubameyang,4-2-3-1,4-2-3-1,Michael Oliver,Match Report,,13,2,15.6,2,0,0,Arsenal,2021
12/6/2020,16:30,Premier League,Matchweek 11,Sun,Away,L,0,2,Tottenham,0.6,0.3,69,2000,Pierre-Emerick Aubameyang,4-2-3-1,4-2-3-1,Martin Atkinson,Match Report,,11,2,16.8,1,0,0,Arsenal,2021
12/13/2020,19:15,Premier League,Matchweek 12,Sun,Home,L,0,1,Burnley,1.6,1.4,65,2000,Pierre-Emerick Aubameyang,4-2-3-1,4-4-1-1,Graham Scott,Match Report,,18,6,17.6,0,0,0,Arsenal,2021
12/16/2020,18:00,Premier League,Matchweek 13,Wed,Home,D,1,1,Southampton,0.6,1.2,36,,Pierre-Emerick Aubameyang,3/4/2003,4/4/2002,Paul Tierney,Match Report,,9,4,22.3,0,0,0,Arsenal,2021
12/19/2020,17:30,Premier League,Matchweek 14,Sat,Away,L,1,2,Everton,1.4,0.6,57,,Rob Holding,3/4/2003,4-2-3-1,Andre Marriner,Match Report,,12,1,18.9,1,1,1,Arsenal,2021
12/26/2020,17:30,Premier League,Matchweek 15,Sat,Home,W,3,1,Chelsea,2,2.6,40,,Héctor Bellerín,4-2-3-1,4/3/2003,Michael Oliver,Match Report,,14,6,17.9,1,1,1,Arsenal,2021
12/29/2020,18:00,Premier League,Matchweek 16,Tue,Away,W,1,0,Brighton,1.1,0.8,50,,Pierre-Emerick Aubameyang,4-2-3-1,3/5/2002,Martin Atkinson,Match Report,,11,3,14.5,1,0,0,Arsenal,2021
1/2/2021,20:00,Premier League,Matchweek 17,Sat,Away,W,4,0,West Brom,3.7,1,61,,Pierre-Emerick Aubameyang,4-2-3-1,4-4-1-1,Martin Atkinson,Match Report,,21,11,15.2,0,0,0,Arsenal,2021
1/14/2021,20:00,Premier League,Matchweek 18,Thu,Home,D,0,0,Crystal Palace,0.4,0.8,67,,Pierre-Emerick Aubameyang,4-2-3-1,4/4/2002,Andre Marriner,Match Report,,11,4,20.1,0,0,0,Arsenal,2021
1/18/2021,20:00,Premier League,Matchweek 19,Mon,Home,W,3,0,Newcastle Utd,2.4,0.2,66,,Pierre-Emerick Aubameyang,4-2-3-1,4/4/2002,David Coote,Match Report,,20,6,16.6,1,0,0,Arsenal,2021
1/26/2021,20:15,Premier League,Matchweek 20,Tue,Away,W,3,1,Southampton,2.2,0.8,42,,Héctor Bellerín,4-2-3-1,4/4/2002,Kevin Friend,Match Report,,9,4,15.2,0,0,0,Arsenal,2021
1/30/2021,17:30,Premier League,Matchweek 21,Sat,Home,D,0,0,Manchester Utd,0.9,1.6,43,,Héctor Bellerín,4-2-3-1,4-2-3-1,Michael Oliver,Match Report,,17,3,20.8,3,0,0,Arsenal,2021
2/2/2021,18:00,Premier League,Matchweek 22,Tue,Away,L,1,2,Wolves,0.8,1.5,45,,Héctor Bellerín,4-2-3-1,4-2-3-1,Craig Pawson,Match Report,,9,3,18.7,0,0,0,Arsenal,2021
2/6/2021,12:30,Premier League,Matchweek 23,Sat,Away,L,0,1,Aston Villa,0.8,1.2,65,,Héctor Bellerín,4-2-3-1,4-2-3-1,Chris Kavanagh,Match Report,,14,3,17.3,1,0,0,Arsenal,2021
2/14/2021,16:30,Premier League,Matchweek 24,Sun,Home,W,4,2,Leeds United,2.3,0.9,46,,Pierre-Emerick Aubameyang,4-2-3-1,4-1-4-1,Stuart Attwell,Match Report,,12,4,19.1,0,1,1,Arsenal,2021
2/21/2021,16:30,Premier League,Matchweek 25,Sun,Home,L,0,1,Manchester City,0.3,1.8,45,,Pierre-Emerick Aubameyang,4-2-3-1,4/3/2003,Jonathan Moss,Match Report,,7,1,19.5,0,0,0,Arsenal,2021
2/28/2021,12:00,Premier League,Matchweek 26,Sun,Away,W,3,1,Leicester City,2.3,0.4,56,,Alexandre Lacazette,4-2-3-1,4/4/2002,Paul Tierney,Match Report,,11,3,18.5,0,1,1,Arsenal,2021
3/6/2021,12:30,Premier League,Matchweek 27,Sat,Away,D,1,1,Burnley,2.5,1.1,59,,Pierre-Emerick Aubameyang,4-2-3-1,4/4/2002,Andre Marriner,Match Report,,15,2,15.5,0,0,0,Arsenal,2021
3/14/2021,16:30,Premier League,Matchweek 28,Sun,Home,W,2,1,Tottenham,1.7,0.4,52,,Alexandre Lacazette,4-2-3-1,4-2-3-1,Michael Oliver,Match Report,,12,2,22.5,0,1,1,Arsenal,2021
3/21/2021,15:00,Premier League,Matchweek 29,Sun,Away,D,3,3,West Ham,1.4,2.4,62,,Pierre-Emerick Aubameyang,4-2-3-1,4-2-3-1,Jonathan Moss,Match Report,,16,6,18.2,0,0,0,Arsenal,2021
4/3/2021,20:00,Premier League,Matchweek 30,Sat,Home,L,0,3,Liverpool,0.1,2.4,36,,Pierre-Emerick Aubameyang,4-2-3-1,4/3/2003,Stuart Attwell,Match Report,,3,2,18.9,0,0,0,Arsenal,2021
4/11/2021,19:00,Premier League,Matchweek 31,Sun,Away,W,3,0,Sheffield Utd,1.7,0.3,55,,Alexandre Lacazette,4-2-3-1,3/5/2002,Peter Bankes,Match Report,,14,5,18.3,1,0,0,Arsenal,2021
4/18/2021,13:30,Premier League,Matchweek 32,Sun,Home,D,1,1,Fulham,2.7,0.9,69,,Héctor Bellerín,4-2-3-1,4/4/2002,Craig Pawson,Match Report,,18,5,16,1,0,0,Arsenal,2021
4/23/2021,20:00,Premier League,Matchweek 33,Fri,Home,L,0,1,Everton,0.8,0.5,59,,Rob Holding,4-2-3-1,4-2-3-1,Jonathan Moss,Match Report,,14,3,18.3,0,0,0,Arsenal,2021
5/2/2021,14:00,Premier League,Matchweek 34,Sun,Away,W,2,0,Newcastle Utd,2,0.3,61,,Pierre-Emerick Aubameyang,4-2-3-1,5/3/2002,Mike Dean,Match Report,,19,4,17,1,0,0,Arsenal,2021
5/9/2021,19:00,Premier League,Matchweek 35,Sun,Home,W,3,1,West Brom,0.9,1.8,65,,Rob Holding,4-2-3-1,4-4-1-1,Peter Bankes,Match Report,,15,7,19.7,1,0,0,Arsenal,2021
5/12/2021,20:15,Premier League,Matchweek 36,Wed,Away,W,1,0,Chelsea,0.6,1.8,33,,Pierre-Emerick Aubameyang,3/4/2003,3/4/2003,Andre Marriner,Match Report,,5,2,20.7,0,0,0,Arsenal,2021
5/19/2021,19:00,Premier League,Matchweek 37,Wed,Away,W,3,1,Crystal Palace,1.8,1,68,6500,Pierre-Emerick Aubameyang,4-2-3-1,4/3/2003,Anthony Taylor,Match Report,,6,3,14.2,0,0,0,Arsenal,2021
5/23/2021,16:00,Premier League,Matchweek 38,Sun,Home,W,2,0,Brighton,0.8,0.2,54,10000,Pierre-Emerick Aubameyang,4-2-3-1,4/3/2003,Jonathan Moss,Match Report,,16,5,20.8,1,0,0,Arsenal,2021
8/13/2021,20:00,Premier League,Matchweek 1,Fri,Away,L,0,2,Brentford,1.3,1.2,64,16479,Granit Xhaka,4-2-3-1,3/5/2002,Michael Oliver,Match Report,,22,4,19,1,0,0,Arsenal,2022
8/22/2021,16:30,Premier League,Matchweek 2,Sun,Home,L,0,2,Chelsea,0.3,3.1,35,58729,Granit Xhaka,4-2-3-1,3/4/2003,Paul Tierney,Match Report,,6,3,18.7,0,0,0,Arsenal,2022
8/28/2021,12:30,Premier League,Matchweek 3,Sat,Away,L,0,5,Manchester City,0.2,4.4,20,52276,Pierre-Emerick Aubameyang,5/4/2001,4/3/2003,Martin Atkinson,Match Report,,1,0,6.8,0,0,0,Arsenal,2022
9/11/2021,15:00,Premier League,Matchweek 4,Sat,Home,W,1,0,Norwich City,2.7,0.7,51,58000,Pierre-Emerick Aubameyang,4-2-3-1,4/3/2003,Michael Oliver,Match Report,,30,6,16.9,1,0,0,Arsenal,2022
9/18/2021,15:00,Premier League,Matchweek 5,Sat,Away,W,1,0,Burnley,1.1,1,54,20000,Pierre-Emerick Aubameyang,4-1-4-1,4/4/2002,Anthony Taylor,Match Report,,13,3,20.7,1,0,0,Arsenal,2022
9/26/2021,16:30,Premier League,Matchweek 6,Sun,Home,W,3,1,Tottenham,1.1,1,46,59919,Pierre-Emerick Aubameyang,4-2-3-1,4/3/2003,Craig Pawson,Match Report,,12,7,17.7,0,0,0,Arsenal,2022
10/2/2021,17:30,Premier League,Matchweek 7,Sat,Away,D,0,0,Brighton,0.4,1.1,42,31266,Pierre-Emerick Aubameyang,4-2-3-1,3/5/2002,Jonathan Moss,Match Report,,8,2,21.1,1,0,0,Arsenal,2022
10/18/2021,20:00,Premier League,Matchweek 8,Mon,Home,D,2,2,Crystal Palace,1.7,0.7,54,59475,Pierre-Emerick Aubameyang,4-1-4-1,4-2-3-1,Mike Dean,Match Report,,17,6,17.6,1,0,0,Arsenal,2022
10/22/2021,20:00,Premier League,Matchweek 9,Fri,Home,W,3,1,Aston Villa,2.7,1.4,53,59496,Pierre-Emerick Aubameyang,4-2-3-1,3-4-1-2,Craig Pawson,Match Report,,21,8,17.3,1,0,1,Arsenal,2022
10/30/2021,12:30,Premier League,Matchweek 10,Sat,Away,W,2,0,Leicester City,0.7,1.3,36,32209,Pierre-Emerick Aubameyang,4-4-1-1,3-4-1-2,Michael Oliver,Match Report,,9,5,16.7,0,0,0,Arsenal,2022
11/7/2021,14:00,Premier League,Matchweek 11,Sun,Home,W,1,0,Watford,1.6,0.5,60,59833,Pierre-Emerick Aubameyang,4-4-1-1,4-1-4-1,Kevin Friend,Match Report,,13,5,21.1,1,0,1,Arsenal,2022
11/20/2021,17:30,Premier League,Matchweek 12,Sat,Away,L,0,4,Liverpool,0.4,4.3,38,53092,Pierre-Emerick Aubameyang,4-4-1-1,4/3/2003,Michael Oliver,Match Report,,5,3,19.9,0,0,0,Arsenal,2022
11/27/2021,12:30,Premier League,Matchweek 13,Sat,Home,W,2,0,Newcastle Utd,2.5,0.3,66,59886,Pierre-Emerick Aubameyang,4-4-1-1,4/4/2002,Stuart Attwell,Match Report,,24,6,17.8,1,0,0,Arsenal,2022
12/2/2021,20:15,Premier League,Matchweek 14,Thu,Away,L,2,3,Manchester Utd,1.4,1.9,56,73123,Pierre-Emerick Aubameyang,4-4-1-1,4-2-3-1,Martin Atkinson,Match Report,,17,7,16.5,1,0,0,Arsenal,2022
12/6/2021,20:00,Premier League,Matchweek 15,Mon,Away,L,1,2,Everton,1,0.9,63,38906,Alexandre Lacazette,4-2-3-1,4-4-1-1,Mike Dean,Match Report,,10,3,16.1,0,0,0,Arsenal,2022
12/11/2021,15:00,Premier League,Matchweek 16,Sat,Home,W,3,0,Southampton,1.8,0.6,61,59653,Alexandre Lacazette,4-4-1-1,4/4/2002,Jarred Gillett,Match Report,,15,5,15.7,0,0,0,Arsenal,2022
12/15/2021,20:00,Premier League,Matchweek 17,Wed,Home,W,2,0,West Ham,2.8,0.4,55,59777,Alexandre Lacazette,4-4-1-1,4-2-3-1,Anthony Taylor,Match Report,,20,7,19.6,2,0,1,Arsenal,2022
12/18/2021,17:30,Premier League,Matchweek 18,Sat,Away,W,4,1,Leeds United,3.5,1.6,49,36166,Alexandre Lacazette,4-2-3-1,4-2-3-1,Andre Marriner,Match Report,,21,12,16.7,0,0,0,Arsenal,2022
12/26/2021,15:00,Premier League,Matchweek 19,Sun,Away,W,5,0,Norwich City,2.5,0.1,64,26940,Alexandre Lacazette,4-2-3-1,4-2-3-1,Graham Scott,Match Report,,15,5,17.7,1,1,1,Arsenal,2022
1/1/2022,12:30,Premier League,Matchweek 21,Sat,Home,L,1,2,Manchester City,0.8,2,29,59757,Alexandre Lacazette,4-2-3-1,4-2-3-1,Stuart Attwell,Match Report,,7,2,15.6,0,0,0,Arsenal,2022
1/23/2022,14:00,Premier League,Matchweek 23,Sun,Home,D,0,0,Burnley,1.2,0.4,75,59255,Alexandre Lacazette,4-1-4-1,4/4/2002,David Coote,Match Report,,20,5,18.8,2,0,0,Arsenal,2022
2/10/2022,19:45,Premier League,Matchweek 24,Thu,Away,W,1,0,Wolves,1.8,0.8,42,31523,Alexandre Lacazette,4-2-3-1,3/4/2003,Michael Oliver,Match Report,,12,2,17.2,0,0,0,Arsenal,2022
2/19/2022,15:00,Premier League,Matchweek 26,Sat,Home,W,2,1,Brentford,1.7,0.6,66,59249,Alexandre Lacazette,4-2-3-1,3/5/2002,Jonathan Moss,Match Report,,24,7,16,0,0,0,Arsenal,2022
2/24/2022,19:45,Premier League,Matchweek 20,Thu,Home,W,2,1,Wolves,3.1,1,56,59888,Alexandre Lacazette,4-2-3-1,3/4/2003,Martin Atkinson,Match Report,,26,5,15.6,1,0,0,Arsenal,2022
3/6/2022,14:00,Premier League,Matchweek 28,Sun,Away,W,3,2,Watford,1,1,56,21142,Alexandre Lacazette,4-2-3-1,4/3/2003,Craig Pawson,Match Report,,16,4,17.3,0,0,0,Arsenal,2022
3/13/2022,16:30,Premier League,Matchweek 29,Sun,Home,W,2,0,Leicester City,2.4,0.4,46,60111,Alexandre Lacazette,4-2-3-1,4-2-3-1,Anthony Taylor,Match Report,,20,6,16.2,0,1,1,Arsenal,2022
3/16/2022,20:15,Premier League,Matchweek 27,Wed,Home,L,0,2,Liverpool,0.5,0.8,49,59968,Alexandre Lacazette,4-2-3-1,4/3/2003,Andre Marriner,Match Report,,9,2,22.5,0,0,0,Arsenal,2022
3/19/2022,12:30,Premier League,Matchweek 30,Sat,Away,W,1,0,Aston Villa,1.3,0.5,53,41956,Alexandre Lacazette,4-2-3-1,4-3-2-1,Andy Madley,Match Report,,10,3,19.5,0,0,0,Arsenal,2022
4/4/2022,20:00,Premier League,Matchweek 31,Mon,Away,L,0,3,Crystal Palace,0.8,1.5,68,25149,Alexandre Lacazette,4-2-3-1,4-2-3-1,Paul Tierney,Match Report,,12,3,18.5,0,0,0,Arsenal,2022
4/9/2022,15:00,Premier League,Matchweek 32,Sat,Home,L,1,2,Brighton,1.9,0.6,64,60112,Alexandre Lacazette,4-2-3-1,3/5/2002,David Coote,Match Report,,20,4,16.7,2,0,0,Arsenal,2022
4/16/2022,15:00,Premier League,Matchweek 33,Sat,Away,L,0,1,Southampton,1.7,0.8,75,31465,Martin Ødegaard,4-2-3-1,3/4/2003,Peter Bankes,Match Report,,23,6,18.3,1,0,0,Arsenal,2022
4/20/2022,19:45,Premier League,Matchweek 25,Wed,Away,W,4,2,Chelsea,2,0.7,33,32249,Martin Ødegaard,4-2-3-1,3-4-1-2,Jonathan Moss,Match Report,,13,3,19.5,0,1,1,Arsenal,2022
4/23/2022,12:30,Premier League,Matchweek 34,Sat,Home,W,3,1,Manchester Utd,2.3,1.8,54,60223,Martin Ødegaard,4-2-3-1,4-2-3-1,Craig Pawson,Match Report,,13,6,19.3,1,1,1,Arsenal,2022
5/1/2022,16:30,Premier League,Matchweek 35,Sun,Away,W,2,1,West Ham,0.9,0.5,43,59959,Martin Ødegaard,4-2-3-1,4-2-3-1,Mike Dean,Match Report,,13,7,19.3,0,0,0,Arsenal,2022
5/8/2022,14:00,Premier League,Matchweek 36,Sun,Home,W,2,1,Leeds United,2,0.3,64,60108,Martin Ødegaard,4-2-3-1,4-2-3-1,Chris Kavanagh,Match Report,,19,9,14.3,2,0,0,Arsenal,2022
5/12/2022,19:45,Premier League,Matchweek 22,Thu,Away,L,0,3,Tottenham,0.5,2.7,43,62027,Martin Ødegaard,4/3/2003,3/4/2003,Paul Tierney,Match Report,,9,5,24,0,0,0,Arsenal,2022
5/16/2022,20:00,Premier League,Matchweek 37,Mon,Away,L,0,2,Newcastle Utd,0.6,1.6,49,52274,Martin Ødegaard,4-2-3-1,4/3/2003,Darren England,Match Report,,11,2,21.1,0,0,0,Arsenal,2022
5/22/2022,16:00,Premier League,Matchweek 38,Sun,Home,W,5,1,Everton,4.2,1.1,73,60201,Martin Ødegaard,4-2-3-1,5/4/2001,Andre Marriner,Match Report,,25,8,17,0,1,1,Arsenal,2022
8/5/2022,20:00,Premier League,Matchweek 1,Fri,Away,W,2,0,Crystal Palace,1,1.2,44,25286,Martin Ødegaard,4/3/2003,4-2-3-1,Anthony Taylor,Match Report,,10,2,14.6,1,0,0,Arsenal,2023
8/13/2022,15:00,Premier League,Matchweek 2,Sat,Home,W,4,2,Leicester City,2.7,0.5,50,60033,Martin Ødegaard,4/3/2003,3-5-1-1,Darren England,Match Report,,19,7,13,0,0,0,Arsenal,2023
8/20/2022,17:30,Premier League,Matchweek 3,Sat,Away,W,3,0,Bournemouth,1.3,0.3,57,10423,Martin Ødegaard,4/3/2003,3-1-4-2,Craig Pawson,Match Report,,14,6,14.8,0,0,0,Arsenal,2023
8/27/2022,17:30,Premier League,Matchweek 4,Sat,Home,W,2,1,Fulham,2.6,0.8,71,60164,Martin Ødegaard,4/3/2003,4-2-3-1,Jarred Gillett,Match Report,,22,8,15.5,1,0,0,Arsenal,2023
8/31/2022,19:30,Premier League,Matchweek 5,Wed,Home,W,2,1,Aston Villa,2.4,0.4,59,60012,Martin Ødegaard,4/3/2003,4/3/2003,Robert Jones,Match Report,,22,8,16.3,1,0,0,Arsenal,2023
9/4/2022,16:30,Premier League,Matchweek 6,Sun,Away,L,1,3,Manchester Utd,1.3,1.5,60,73431,Martin Ødegaard,4/3/2003,4-2-3-1,Paul Tierney,Match Report,,16,3,18.6,1,0,0,Arsenal,2023
9/18/2022,12:00,Premier League,Matchweek 8,Sun,Away,W,3,0,Brentford,1.5,0.5,63,17122,Granit Xhaka,4/3/2003,3/5/2002,David Coote,Match Report,,13,7,18.2,0,0,0,Arsenal,2023
10/1/2022,12:30,Premier League,Matchweek 9,Sat,Home,W,3,1,Tottenham,2.4,1.6,64,60278,Martin Ødegaard,4/3/2003,3/4/2003,Anthony Taylor,Match Report,,22,9,18.6,1,0,0,Arsenal,2023
10/9/2022,16:30,Premier League,Matchweek 10,Sun,Home,W,3,2,Liverpool,2.7,1.1,43,60059,Martin Ødegaard,4/3/2003,4-2-3-1,Michael Oliver,Match Report,,10,6,14.3,0,1,1,Arsenal,2023
10/16/2022,14:00,Premier League,Matchweek 11,Sun,Away,W,1,0,Leeds United,0.5,1.8,53,36700,Martin Ødegaard,4/3/2003,4-2-3-1,Chris Kavanagh,Match Report,,9,4,16.6,1,0,0,Arsenal,2023
10/23/2022,14:00,Premier League,Matchweek 13,Sun,Away,D,1,1,Southampton,1,0.7,59,31145,Martin Ødegaard,4/3/2003,4/4/2002,Robert Jones,Match Report,,12,3,17.2,0,0,0,Arsenal,2023
10/30/2022,14:00,Premier League,Matchweek 14,Sun,Home,W,5,0,Nott'ham Forest,2.3,0.4,69,60263,Martin Ødegaard,4/3/2003,4/3/2003,Simon Hooper,Match Report,,24,9,16,1,0,0,Arsenal,2023
11/6/2022,12:00,Premier League,Matchweek 15,Sun,Away,W,1,0,Chelsea,2.1,0.3,55,40142,Martin Ødegaard,4/3/2003,4-2-3-1,Michael Oliver,Match Report,,14,2,14.5,0,0,0,Arsenal,2023
11/12/2022,19:45,Premier League,Matchweek 16,Sat,Away,W,2,0,Wolves,2.1,0.7,62,34624,Martin Ødegaard,4/3/2003,5/3/2002,Stuart Attwell,Match Report,,14,3,13.7,0,0,0,Arsenal,2023
12/26/2022,20:00,Premier League,Matchweek 17,Mon,Home,W,3,1,West Ham,2.1,1,66,60125,Martin Ødegaard,4/3/2003,4-2-3-1,Michael Oliver,Match Report,,16,5,18.2,1,0,0,Arsenal,2023
12/31/2022,17:30,Premier League,Matchweek 18,Sat,Away,W,4,2,Brighton,2.9,1.2,32,31647,Martin Ødegaard,4/3/2003,4-2-3-1,Anthony Taylor,Match Report,,14,7,11.2,0,0,0,Arsenal,2023
1/3/2023,19:45,Premier League,Matchweek 19,Tue,Home,D,0,0,Newcastle Utd,1.1,1,66,60319,Martin Ødegaard,4/3/2003,4/3/2003,Andy Madley,Match Report,,17,4,17,0,0,0,Arsenal,2023
1/15/2023,16:30,Premier League,Matchweek 20,Sun,Away,W,2,0,Tottenham,1.8,1.6,49,61870,Martin Ødegaard,4/3/2003,3/4/2003,Craig Pawson,Match Report,,14,5,17.9,2,0,0,Arsenal,2023
1/22/2023,16:30,Premier League,Matchweek 21,Sun,Home,W,3,2,Manchester Utd,3.1,0.4,57,60325,Martin Ødegaard,4/3/2003,4-2-3-1,Anthony Taylor,Match Report,,25,5,14.2,0,0,0,Arsenal,2023
2/4/2023,12:30,Premier League,Matchweek 22,Sat,Away,L,0,1,Everton,0.9,1.7,70,39314,Martin Ødegaard,4/3/2003,4/5/2001,David Coote,Match Report,,15,2,17.6,0,0,0,Arsenal,2023
2/11/2023,15:00,Premier League,Matchweek 23,Sat,Home,D,1,1,Brentford,1.6,2,69,60254,Martin Ødegaard,4/3/2003,3/5/2002,Peter Bankes,Match Report,,23,7,19.6,0,0,0,Arsenal,2023
2/15/2023,19:30,Premier League,Matchweek 12,Wed,Home,L,1,3,Manchester City,1.6,1.8,63,60276,Martin Ødegaard,4/3/2003,4-1-4-1,Anthony Taylor,Match Report,,9,0,19.2,0,1,1,Arsenal,2023
2/18/2023,12:30,Premier League,Matchweek 24,Sat,Away,W,4,2,Aston Villa,3.2,0.5,67,42066,Martin Ødegaard,4/3/2003,4/4/2002,Simon Hooper,Match Report,,20,5,15.7,0,0,0,Arsenal,2023
2/25/2023,15:00,Premier League,Matchweek 25,Sat,Away,W,1,0,Leicester City,0.7,0,65,32227,Oleksandr Zinchenko,4/3/2003,4/3/2003,Craig Pawson,Match Report,,10,2,19.4,1,0,0,Arsenal,2023
3/1/2023,19:45,Premier League,Matchweek 7,Wed,Home,W,4,0,Everton,2.4,1.2,73,60213,Martin Ødegaard,4/3/2003,4/5/2001,Michael Oliver,Match Report,,15,5,12.9,0,0,0,Arsenal,2023
3/4/2023,15:00,Premier League,Matchweek 26,Sat,Home,W,3,2,Bournemouth,2.1,1.3,79,60222,Martin Ødegaard,4/3/2003,5/4/2001,Chris Kavanagh,Match Report,,31,9,18.1,2,0,0,Arsenal,2023
3/12/2023,14:00,Premier League,Matchweek 27,Sun,Away,W,3,0,Fulham,2.3,0.8,55,24426,Martin Ødegaard,4/3/2003,4-2-3-1,David Coote,Match Report,,15,7,15.2,1,0,0,Arsenal,2023
3/19/2023,14:00,Premier League,Matchweek 28,Sun,Home,W,4,1,Crystal Palace,1.6,0.8,62,60247,Martin Ødegaard,4/3/2003,4-2-3-1,Stuart Attwell,Match Report,,15,5,16.4,0,0,0,Arsenal,2023
4/1/2023,15:00,Premier League,Matchweek 29,Sat,Home,W,4,1,Leeds United,3.8,0.7,66,60283,Martin Ødegaard,4/3/2003,4/3/2003,Darren England,Match Report,,12,4,13.9,0,1,1,Arsenal,2023
4/9/2023,16:30,Premier League,Matchweek 30,Sun,Away,D,2,2,Liverpool,1.4,3.9,41,53267,Martin Ødegaard,4/3/2003,4/3/2003,Paul Tierney,Match Report,,9,5,15.7,0,0,0,Arsenal,2023
4/16/2023,14:00,Premier League,Matchweek 31,Sun,Away,D,2,2,West Ham,2.7,1.8,70,62481,Martin Ødegaard,4/3/2003,4/3/2003,David Coote,Match Report,,10,5,13.9,0,0,1,Arsenal,2023
4/21/2023,20:00,Premier League,Matchweek 32,Fri,Home,D,3,3,Southampton,2.4,1.3,74,60175,Martin Ødegaard,4/3/2003,4/4/2002,Simon Hooper,Match Report,,25,5,15.3,0,0,0,Arsenal,2023
4/26/2023,20:00,Premier League,Matchweek 33,Wed,Away,L,1,4,Manchester City,0.5,2.5,48,53482,Martin Ødegaard,4/3/2003,4/3/2003,Michael Oliver,Match Report,,8,2,18,1,0,0,Arsenal,2023
5/2/2023,20:00,Premier League,Matchweek 34,Tue,Home,W,3,1,Chelsea,1.7,0.8,55,60144,Martin Ødegaard,4/3/2003,4/3/2003,Robert Jones,Match Report,,16,9,13,0,0,0,Arsenal,2023
5/7/2023,16:30,Premier League,Matchweek 35,Sun,Away,W,2,0,Newcastle Utd,1.3,1.3,45,50267,Martin Ødegaard,4/3/2003,4/3/2003,Chris Kavanagh,Match Report,,10,6,16.6,0,0,0,Arsenal,2023
5/14/2023,16:30,Premier League,Matchweek 36,Sun,Home,L,0,3,Brighton,0.9,1.7,41,60139,Martin Ødegaard,4/3/2003,4-2-3-1,Andy Madley,Match Report,,14,2,16.4,0,0,0,Arsenal,2023
5/20/2023,17:30,Premier League,Matchweek 37,Sat,Away,L,0,1,Nott'ham Forest,0.6,0.6,81,29514,Martin Ødegaard,4/3/2003,3/4/2003,Anthony Taylor,Match Report,,11,3,16.4,0,0,0,Arsenal,2023
5/28/2023,16:30,Premier League,Matchweek 38,Sun,Home,W,5,0,Wolves,2.8,0.5,51,60095,Martin Ødegaard,4/3/2003,4/3/2003,Andre Marriner,Match Report,,14,8,13.7,1,0,0,Arsenal,2023
8/12/2023,12:30,Premier League,Matchweek 1,Sat,Home,W,2,1,Nott'ham Forest,0.8,1.2,78,59984,Martin Ødegaard,4/3/2003,3/4/2003,Michael Oliver,Match Report,,15,7,19.1,0,0,0,Arsenal,2024
8/21/2023,20:00,Premier League,Matchweek 2,Mon,Away,W,1,0,Crystal Palace,2,1,53,24189,Martin Ødegaard,4/3/2003,4-2-3-1,David Coote,Match Report,,13,2,16.4,0,1,1,Arsenal,2024
8/26/2023,15:00,Premier League,Matchweek 3,Sat,Home,D,2,2,Fulham,3.2,0.6,71,59961,Martin Ødegaard,4/3/2003,4/3/2003,Paul Tierney,Match Report,,18,9,13.8,0,1,1,Arsenal,2024
9/3/2023,16:30,Premier League,Matchweek 4,Sun,Home,W,3,1,Manchester Utd,2.3,0.9,55,60192,Martin Ødegaard,4/3/2003,4-2-3-1,Anthony Taylor,Match Report,,17,5,15,0,0,0,Arsenal,2024
9/17/2023,16:30,Premier League,Matchweek 5,Sun,Away,W,1,0,Everton,1,0.3,74,39217,Martin Ødegaard,4/3/2003,4/5/2001,Simon Hooper,Match Report,,13,4,17.4,0,0,0,Arsenal,2024
9/24/2023,14:00,Premier League,Matchweek 6,Sun,Home,D,2,2,Tottenham,1.8,1.4,47,60156,Martin Ødegaard,4/3/2003,4-2-3-1,Robert Jones,Match Report,,12,4,16.9,0,1,1,Arsenal,2024
9/30/2023,15:00,Premier League,Matchweek 7,Sat,Away,W,4,0,Bournemouth,3.4,0.6,57,11193,Martin Ødegaard,4/3/2003,4-2-3-1,Michael Salisbury,Match Report,,13,6,15.5,0,2,2,Arsenal,2024
10/8/2023,16:30,Premier League,Matchweek 8,Sun,Home,W,1,0,Manchester City,0.4,0.5,49,60233,Martin Ødegaard,4/3/2003,4/3/2003,Michael Oliver,Match Report,,12,2,19.2,0,0,0,Arsenal,2024
10/21/2023,17:30,Premier League,Matchweek 9,Sat,Away,D,2,2,Chelsea,1,1.3,56,39723,Martin Ødegaard,4/3/2003,4-2-3-1,Chris Kavanagh,Match Report,,13,3,14.3,0,0,0,Arsenal,2024
10/28/2023,15:00,Premier League,Matchweek 10,Sat,Home,W,5,0,Sheffield Utd,2.8,0,67,60153,Bukayo Saka,4/3/2003,4/4/2002,Tim Robinson,Match Report,,12,6,17,0,1,1,Arsenal,2024
11/4/2023,17:30,Premier League,Matchweek 11,Sat,Away,L,0,1,Newcastle Utd,0.6,1,58,52194,Jorginho,4/3/2003,4/3/2003,Stuart Attwell,Match Report,,14,1,20.7,0,0,0,Arsenal,2024
11/11/2023,15:00,Premier League,Matchweek 12,Sat,Home,W,3,1,Burnley,1.8,0.3,63,60232,Jorginho,4/3/2003,4/4/2002,Michael Oliver,Match Report,,16,6,13.8,0,0,0,Arsenal,2024
11/25/2023,17:30,Premier League,Matchweek 13,Sat,Away,W,1,0,Brentford,1.6,1.1,63,17201,Martin Ødegaard,4/3/2003,5/3/2002,Tim Robinson,Match Report,,15,4,15.2,0,0,0,Arsenal,2024
12/2/2023,15:00,Premier League,Matchweek 14,Sat,Home,W,2,1,Wolves,2.8,0.7,57,60262,Martin Ødegaard,4/3/2003,3/5/2002,Peter Bankes,Match Report,,19,6,15.6,0,0,0,Arsenal,2024
12/5/2023,20:15,Premier League,Matchweek 15,Tue,Away,W,4,3,Luton Town,2.2,0.5,66,11031,Martin Ødegaard,4/3/2003,3/4/2003,Samuel Barrott,Match Report,,23,9,15.5,0,0,0,Arsenal,2024
12/9/2023,17:30,Premier League,Matchweek 16,Sat,Away,L,0,1,Aston Villa,1.4,0.6,61,42000,Martin Ødegaard,4/3/2003,4-4-1-1,Jarred Gillett,Match Report,,12,3,14.8,1,0,0,Arsenal,2024
12/17/2023,14:00,Premier League,Matchweek 17,Sun,Home,W,2,0,Brighton,2.3,0.7,49,60257,Martin Ødegaard,4/3/2003,4-2-3-1,Tim Robinson,Match Report,,26,8,14.2,0,0,0,Arsenal,2024
12/23/2023,17:30,Premier League,Matchweek 18,Sat,Away,D,1,1,Liverpool,0.7,1,48,57548,Martin Ødegaard,4/3/2003,4/3/2003,Chris Kavanagh,Match Report,,13,2,17.2,0,0,0,Arsenal,2024
12/28/2023,20:15,Premier League,Matchweek 19,Thu,Home,L,0,2,West Ham,2.7,1.4,73,60261,Martin Ødegaard,4/3/2003,4-2-3-1,Michael Oliver,Match Report,,30,8,16.8,0,0,0,Arsenal,2024
12/31/2023,14:00,Premier League,Matchweek 20,Sun,Away,L,1,2,Fulham,1.6,1.2,60,24444,Martin Ødegaard,4/3/2003,4-2-3-1,Joshua Smith,Match Report,,13,3,15.4,1,0,0,Arsenal,2024
1/20/2024,12:30,Premier League,Matchweek 21,Sat,Home,W,5,0,Crystal Palace,3.3,0.3,60,60284,Martin Ødegaard,4/3/2003,3/4/2003,Paul Tierney,Match Report,,21,7,16.7,0,0,0,Arsenal,2024
1/30/2024,19:30,Premier League,Matchweek 22,Tue,Away,W,2,1,Nott'ham Forest,1.2,0.5,73,29387,Martin Ødegaard,4/3/2003,4-2-3-1,Simon Hooper,Match Report,,19,3,17.6,0,0,0,Arsenal,2024
2/4/2024,16:30,Premier League,Matchweek 23,Sun,Home,W,3,1,Liverpool,3.5,0.4,43,60374,Martin Ødegaard,4/3/2003,4/3/2003,Anthony Taylor,Match Report,,15,7,14.2,0,0,0,Arsenal,2024
2/11/2024,14:00,Premier League,Matchweek 24,Sun,Away,W,6,0,West Ham,3.6,0.2,70,62475,Martin Ødegaard,4/3/2003,4-2-3-1,Craig Pawson,Match Report,,24,11,16,0,1,1,Arsenal,2024
2/17/2024,15:00,Premier League,Matchweek 25,Sat,Away,W,5,0,Burnley,2.3,0.3,64,21311,Martin Ødegaard,4/3/2003,4/4/2002,Jarred Gillett,Match Report,,15,6,16.8,1,1,1,Arsenal,2024
2/24/2024,20:00,Premier League,Matchweek 26,Sat,Home,W,4,1,Newcastle Utd,2.8,0.2,55,60298,Martin Ødegaard,4/3/2003,4/3/2003,Paul Tierney,Match Report,,18,7,13.8,0,0,0,Arsenal,2024
3/4/2024,20:00,Premier League,Matchweek 27,Mon,Away,W,6,0,Sheffield Utd,2.3,0.2,80,29157,Martin Ødegaard,4/3/2003,4/5/2001,Samuel Barrott,Match Report,,22,9,15.6,1,0,0,Arsenal,2024
3/9/2024,17:30,Premier League,Matchweek 28,Sat,Home,W,2,1,Brentford,1.3,1,71,60331,Martin Ødegaard,4/3/2003,3/5/2002,Robert Jones,Match Report,,17,5,16.4,0,0,0,Arsenal,2024
3/31/2024,16:30,Premier League,Matchweek 30,Sun,Away,D,0,0,Manchester City,0.7,1,28,52178,Martin Ødegaard,4/3/2003,4-1-4-1,Anthony Taylor,Match Report,,6,2,14.2,0,0,0,Arsenal,2024
4/3/2024,19:30,Premier League,Matchweek 31,Wed,Home,W,2,0,Luton Town,0.7,0.3,58,60262,Martin Ødegaard,4/3/2003,3/4/2003,Craig Pawson,Match Report,,13,4,17.8,0,0,0,Arsenal,2024
4/6/2024,17:30,Premier League,Matchweek 32,Sat,Away,W,3,0,Brighton,3.4,0.5,46,31677,Martin Ødegaard,4/3/2003,4-2-3-1,John Brooks,Match Report,,19,6,12.4,0,1,1,Arsenal,2024
4/14/2024,16:30,Premier League,Matchweek 33,Sun,Home,L,0,2,Aston Villa,1.6,0.9,52,60350,Martin Ødegaard,4/3/2003,4-2-3-1,David Coote,Match Report,,18,4,17.2,1,0,0,Arsenal,2024
4/20/2024,19:30,Premier League,Matchweek 34,Sat,Away,W,2,0,Wolves,1.2,0.2,54,31621,Martin Ødegaard,4/3/2003,4/4/2002,Paul Tierney,Match Report,,24,9,17.8,0,0,0,Arsenal,2024
4/23/2024,20:00,Premier League,Matchweek 29,Tue,Home,W,5,0,Chelsea,3.3,1.6,45,60238,Martin Ødegaard,4/3/2003,4-2-3-1,Simon Hooper,Match Report,,27,10,16.3,0,0,0,Arsenal,2024
4/28/2024,14:00,Premier League,Matchweek 35,Sun,Away,W,3,2,Tottenham,1,2.3,38,61554,Martin Ødegaard,4/3/2003,4-2-3-1,Michael Oliver,Match Report,,9,3,14.3,1,0,0,Arsenal,2024
5/4/2024,12:30,Premier League,Matchweek 36,Sat,Home,W,3,0,Bournemouth,3.3,0.5,55,60348,Martin Ødegaard,4/3/2003,4/3/2003,David Coote,Match Report,,24,8,14,0,1,1,Arsenal,2024
5/12/2024,16:30,Premier League,Matchweek 37,Sun,Away,W,1,0,Manchester Utd,1.5,0.5,46,73600,Martin Ødegaard,4/3/2003,4-2-3-1,Paul Tierney,Match Report,,11,5,13.4,0,0,0,Arsenal,2024
5/19/2024,16:00,Premier League,Matchweek 38,Sun,Home,W,2,1,Everton,2.9,0.6,68,60312,Martin Ødegaard,4/3/2003,4-4-1-1,Michael Oliver,Match Report,,26,5,14.1,0,0,0,Arsenal,2024
8/17/2024,15:00,Premier League,Matchweek 1,Sat,Home,W,2,0,Wolves,1.2,0.5,53,60261,Martin Ødegaard,4/3/2003,4-2-3-1,Jarred Gillett,Match Report,,18,6,17.3,0,0,0,Arsenal,2025
8/24/2024,17:30,Premier League,Matchweek 2,Sat,Away,W,2,0,Aston Villa,0.9,1.2,60,41587,Martin Ødegaard,4/3/2003,4/4/2002,Michael Oliver,Match Report,,9,4,18.8,0,0,0,Arsenal,2025
8/31/2024,12:30,Premier League,Matchweek 3,Sat,Home,D,1,1,Brighton,2.1,1.7,36,60326,Martin Ødegaard,4/3/2003,4-2-3-1,Chris Kavanagh,Match Report,,11,7,12.9,0,0,0,Arsenal,2025
9/15/2024,14:00,Premier League,Matchweek 4,Sun,Away,W,1,0,Tottenham,0.7,0.7,37,61645,Jorginho,4/4/2002,4/3/2003,Jarred Gillett,Match Report,,7,4,12.1,0,0,0,Arsenal,2025
9/22/2024,16:30,Premier League,Matchweek 5,Sun,Away,D,2,2,Manchester City,0.7,2.1,23,52846,Bukayo Saka,4/4/2002,4/3/2003,Michael Oliver,Match Report,,5,3,11.3,0,0,0,Arsenal,2025
9/28/2024,15:00,Premier League,Matchweek 6,Sat,Home,W,4,2,Leicester City,4.4,0.3,74,60323,Bukayo Saka,4/4/2002,4-2-3-1,Samuel Barrott,Match Report,,35,16,14.1,0,0,0,Arsenal,2025
10/5/2024,15:00,Premier League,Matchweek 7,Sat,Home,W,3,1,Southampton,2.8,0.6,59,60307,Jorginho,4/4/2002,5/4/2001,Tony Harrington,Match Report,,29,6,14.6,0,0,0,Arsenal,2025
10/19/2024,17:30,Premier League,Matchweek 8,Sat,Away,L,0,2,Bournemouth,0.7,1.8,51,11235,Gabriel Magalhães,4-2-3-1,4-2-3-1,Robert Jones,Match Report,,6,1,15.1,0,0,0,Arsenal,2025
10/27/2024,16:30,Premier League,Matchweek 9,Sun,Home,D,2,2,Liverpool,0.9,0.8,45,60383,Bukayo Saka,4/4/2002,4-2-3-1,Anthony Taylor,Match Report,,9,3,14.1,0,0,0,Arsenal,2025
11/2/2024,12:30,Premier League,Matchweek 10,Sat,Away,L,0,1,Newcastle Utd,1.1,0.5,63,52249,Bukayo Saka,4/4/2002,4/3/2003,John Brooks,Match Report,,10,0,14.9,0,0,0,Arsenal,2025
11/10/2024,16:30,Premier League,Matchweek 11,Sun,Away,D,1,1,Chelsea,1.5,1.5,51,39780,Martin Ødegaard,4/3/2003,4-2-3-1,Michael Oliver,Match Report,,13,3,16.3,0,0,0,Arsenal,2025
11/23/2024,15:00,Premier League,Matchweek 12,Sat,Home,W,3,0,Nott'ham Forest,1.2,0.3,66,60298,Martin Ødegaard,4/3/2003,4-2-3-1,Simon Hooper,Match Report,,19,6,17.7,0,0,0,Arsenal,2025
11/30/2024,17:30,Premier League,Matchweek 13,Sat,Away,W,5,2,West Ham,3.5,1.5,60,62475,Martin Ødegaard,4/3/2003,4-2-3-1,Anthony Taylor,Match Report,,14,5,15.4,1,2,2,Arsenal,2025
12/4/2024,20:15,Premier League,Matchweek 14,Wed,Home,W,2,0,Manchester Utd,2.1,0.2,51,60256,Martin Ødegaard,4/3/2003,3/4/2003,Samuel Barrott,Match Report,,14,6,11,0,0,0,Arsenal,2025
12/8/2024,14:00,Premier League,Matchweek 15,Sun,Away,D,1,1,Fulham,1.8,0.2,66,26954,Martin Ødegaard,4/3/2003,4-2-3-1,Chris Kavanagh,Match Report,,12,4,12.2,0,0,0,Arsenal,2025
12/14/2024,15:00,Premier League,Matchweek 16,Sat,Home,D,0,0,Everton,1.2,0.1,76,60176,Martin Ødegaard,4/3/2003,4/3/2003,Craig Pawson,Match Report,,13,5,13,0,0,0,Arsenal,2025
12/21/2024,17:30,Premier League,Matchweek 17,Sat,Away,W,5,1,Crystal Palace,2.5,1.6,58,25167,Martin Ødegaard,4/3/2003,3/4/2003,Simon Hooper,Match Report,,14,6,11.5,0,0,0,Arsenal,2025
12/27/2024,20:15,Premier League,Matchweek 18,Fri,Home,W,1,0,Ipswich Town,1.8,0.2,68,60271,Martin Ødegaard,4/3/2003,5/4/2001,Darren England,Match Report,,13,5,15.7,1,0,0,Arsenal,2025
1/1/2025,17:30,Premier League,Matchweek 19,Wed,Away,W,3,1,Brentford,1.9,0.3,50,47190,Martin Ødegaard,4/3/2003,4-3-1-2,Peter Bankes,Match Report,,14,4,14.7,0,0,0,Arsenal,2025
1/4/2025,17:30,Premier League,Matchweek 20,Sat,Away,D,1,1,Brighton,0.9,1.5,55,31714,Jorginho,4/3/2003,4-2-3-1,Anthony Taylor,Match Report,,9,3,15.3,0,0,0,Arsenal,2025
1/15/2025,20:00,Premier League,Matchweek 21,Wed,Home,W,2,1,Tottenham,1.4,0.8,53,60287,Martin Ødegaard,4/3/2003,4/3/2003,Simon Hooper,Match Report,,14,4,15.2,0,0,0,Arsenal,2025
1/18/2025,17:30,Premier League,Matchweek 22,Sat,Home,D,2,2,Aston Villa,1.3,1,66,60067,Martin Ødegaard,4/3/2003,4-2-3-1,Chris Kavanagh,Match Report,,18,6,15.5,0,0,0,Arsenal,2025
1/25/2025,15:00,Premier League,Matchweek 23,Sat,Away,W,1,0,Wolves,1,0.7,49,31503,Gabriel Magalhães,4/3/2003,3/4/2003,Michael Oliver,Match Report,,9,3,14.8,1,0,0,Arsenal,2025
2/2/2025,16:30,Premier League,Matchweek 24,Sun,Home,W,5,1,Manchester City,1,0.8,46,60355,Martin Ødegaard,4/3/2003,4-2-3-1,Peter Bankes,Match Report,,12,7,15.8,0,0,0,Arsenal,2025
2/15/2025,12:30,Premier League,Matchweek 25,Sat,Away,W,2,0,Leicester City,1.4,0.2,60,31968,Martin Ødegaard,4/3/2003,4-2-3-1,Samuel Barrott,Match Report,,11,5,17.1,0,0,0,Arsenal,2025
2/22/2025,15:00,Premier League,Matchweek 26,Sat,Home,L,0,1,West Ham,1.2,1.1,68,60262,Martin Ødegaard,4/3/2003,5/3/2002,Craig Pawson,Match Report,,20,2,16.2,1,0,0,Arsenal,2025
2/26/2025,19:30,Premier League,Matchweek 27,Wed,Away,D,0,0,Nott'ham Forest,1,0.4,64,30200,Martin Ødegaard,4/3/2003,4-2-3-1,Andy Madley,Match Report,,13,1,14.1,0,0,0,Arsenal,2025
3/9/2025,16:30,Premier League,Matchweek 28,Sun,Away,D,1,1,Manchester Utd,1.6,1.5,68,73812,Martin Ødegaard,4/3/2003,3/4/2003,Anthony Taylor,Match Report,,17,6,19.6,1,0,0,Arsenal,2025
3/16/2025,13:30,Premier League,Matchweek 29,Sun,Home,W,1,0,Chelsea,0.7,0.4,42,60311,Martin Ødegaard,4/3/2003,4-2-3-1,Chris Kavanagh,Match Report,,12,4,16.2,1,0,0,Arsenal,2025
4/1/2025,19:45,Premier League,Matchweek 30,Tue,Home,W,2,1,Fulham,2.2,1,51,60256,Martin Ødegaard,4/3/2003,3/4/2003,John Brooks,Match Report,,17,4,12,0,0,0,Arsenal,2025
4/5/2025,12:30,Premier League,Matchweek 31,Sat,Away,D,1,1,Everton,1.8,1.1,69,39316,Jorginho,4/3/2003,4-2-3-1,Darren England,Match Report,,14,4,13.3,2,0,0,Arsenal,2025
4/12/2025,17:30,Premier League,Matchweek 32,Sat,Home,D,1,1,Brentford,1,0.2,63,60184,Jorginho,4/3/2003,4/4/2002,Simon Hooper,Match Report,,14,3,18.3,0,0,0,Arsenal,2025
4/20/2025,14:00,Premier League,Matchweek 33,Sun,Away,W,4,0,Ipswich Town,2.4,0.2,75,29549,Martin Ødegaard,4/3/2003,4-4-1-1,Chris Kavanagh,Match Report,,24,7,15.2,1,0,0,Arsenal,2025
4/23/2025,20:00,Premier League,Matchweek 34,Wed,Home,D,2,2,Crystal Palace,1.2,1.7,67,60167,Martin Ødegaard,4/3/2003,3/4/2003,Michael Salisbury,Match Report,,12,4,15,0,0,0,Arsenal,2025
5/3/2025,17:30,Premier League,Matchweek 35,Sat,Home,L,1,2,Bournemouth,1.4,0.9,51,60110,Martin Ødegaard,4/3/2003,4-2-3-1,Jarred Gillett,Match Report,,13,4,14.1,1,0,0,Arsenal,2025
5/11/2025,16:30,Premier League,Matchweek 36,Sun,Away,D,2,2,Liverpool,2.6,2.4,55,60324,Martin Ødegaard,4/3/2003,4-2-3-1,Anthony Taylor,Match Report,,15,6,15.5,0,0,0,Arsenal,2025
5/18/2025,16:30,Premier League,Matchweek 37,Sun,Home,W,1,0,Newcastle Utd,0.6,1.5,51,60160,Martin Ødegaard,4/3/2003,3/4/2003,Simon Hooper,Match Report,,12,4,18.1,0,0,0,Arsenal,2025
5/25/2025,16:00,Premier League,Matchweek 38,Sun,Away,W,2,1,Southampton,2.3,0.6,62,31289,Declan Rice,4-2-3-1,5/4/2001,Darren Bond,Match Report,,23,7,15.9,0,0,0,Arsenal,2025
9/21/2020,18:00,Premier League,Matchweek 2,Mon,Home,W,1,0,Sheffield Utd,1,0.9,71,,Jack Grealish,4/3/2003,3/5/2002,Graham Scott,Match Report,,18,2,17.4,0,0,0,Aston Villa,2021
9/28/2020,17:45,Premier League,Matchweek 3,Mon,Away,W,3,0,Fulham,1.4,0.7,36,,Jack Grealish,4/3/2003,3/4/2003,Stuart Attwell,Match Report,,12,5,14.5,0,0,0,Aston Villa,2021
10/4/2020,19:15,Premier League,Matchweek 4,Sun,Home,W,7,2,Liverpool,2.7,1.8,31,,Jack Grealish,4-2-3-1,4/3/2003,Martin Atkinson,Match Report,,18,11,16.7,0,0,0,Aston Villa,2021
10/18/2020,19:15,Premier League,Matchweek 5,Sun,Away,W,1,0,Leicester City,0.7,0.6,50,,Jack Grealish,4-2-3-1,4-1-4-1,Jonathan Moss,Match Report,,10,4,19.4,1,0,0,Aston Villa,2021
10/23/2020,20:00,Premier League,Matchweek 6,Fri,Home,L,0,3,Leeds United,1.4,2.7,41,,Jack Grealish,4-2-3-1,4-4-1-1,Paul Tierney,Match Report,,12,3,18.5,0,0,0,Aston Villa,2021
11/1/2020,12:00,Premier League,Matchweek 7,Sun,Home,L,3,4,Southampton,1.9,0.7,56,,Jack Grealish,4-2-3-1,4/4/2002,Darren England,Match Report,,18,9,15.9,1,1,1,Aston Villa,2021
11/8/2020,19:15,Premier League,Matchweek 8,Sun,Away,W,3,0,Arsenal,1.8,1.5,41,,Jack Grealish,4-2-3-1,3/4/2003,Martin Atkinson,Match Report,,15,5,12.7,0,0,0,Aston Villa,2021
11/21/2020,15:00,Premier League,Matchweek 9,Sat,Home,L,1,2,Brighton,1.5,1.4,56,,Jack Grealish,4-2-3-1,3-4-1-2,Michael Oliver,Match Report,,15,4,18.2,0,0,0,Aston Villa,2021
11/30/2020,20:00,Premier League,Matchweek 10,Mon,Away,L,1,2,West Ham,2.5,0.4,66,,Jack Grealish,4/3/2003,3/4/2003,Peter Bankes,Match Report,,15,6,18.5,2,0,1,Aston Villa,2021
12/12/2020,12:30,Premier League,Matchweek 12,Sat,Away,W,1,0,Wolves,1.4,1.1,50,,Jack Grealish,4/3/2003,4-2-3-1,Mike Dean,Match Report,,12,1,20.1,1,1,1,Aston Villa,2021
12/17/2020,18:00,Premier League,Matchweek 13,Thu,Home,D,0,0,Burnley,1.5,0.3,59,,Jack Grealish,4-2-3-1,4/4/2002,Craig Pawson,Match Report,,27,6,17,1,0,0,Aston Villa,2021
12/20/2020,19:15,Premier League,Matchweek 14,Sun,Away,W,3,0,West Brom,2.4,0,67,,Jack Grealish,4-2-3-1,4-1-4-1,Martin Atkinson,Match Report,,18,9,19.7,1,1,1,Aston Villa,2021
12/26/2020,15:00,Premier League,Matchweek 15,Sat,Home,W,3,0,Crystal Palace,3.9,0.9,39,,Jack Grealish,4-2-3-1,4/4/2002,Anthony Taylor,Match Report,,20,9,12.3,0,0,0,Aston Villa,2021
12/28/2020,17:30,Premier League,Matchweek 16,Mon,Away,D,1,1,Chelsea,0.7,1.7,37,,Jack Grealish,4-2-3-1,4/3/2003,Stuart Attwell,Match Report,,10,2,17.5,0,0,0,Aston Villa,2021
1/1/2021,20:00,Premier League,Matchweek 17,Fri,Away,L,1,2,Manchester Utd,1.4,2.1,52,,Jack Grealish,4-2-3-1,4-2-3-1,Michael Oliver,Match Report,,15,5,14.4,1,0,0,Aston Villa,2021
1/20/2021,18:00,Premier League,Matchweek 1,Wed,Away,L,0,2,Manchester City,0.6,3.4,31,,Jack Grealish,4-2-3-1,4/3/2003,Jonathan Moss,Match Report,,11,4,18.6,1,0,0,Aston Villa,2021
1/23/2021,20:00,Premier League,Matchweek 11,Sat,Home,W,2,0,Newcastle Utd,2.3,0.5,58,,Jack Grealish,4-2-3-1,5/3/2002,Simon Hooper,Match Report,,14,5,17.4,0,0,0,Aston Villa,2021
1/27/2021,18:00,Premier League,Matchweek 20,Wed,Away,L,2,3,Burnley,2.2,0.5,61,,Jack Grealish,4-2-3-1,4/4/2002,Paul Tierney,Match Report,,18,10,15.1,1,0,0,Aston Villa,2021
1/30/2021,20:00,Premier League,Matchweek 21,Sat,Away,W,1,0,Southampton,0.6,1.9,41,,Jack Grealish,4-2-3-1,4/4/2002,Lee Mason,Match Report,,8,4,16.2,0,0,0,Aston Villa,2021
2/3/2021,20:15,Premier League,Matchweek 22,Wed,Home,L,1,3,West Ham,0.7,1.7,56,,Jack Grealish,4-2-3-1,4-2-3-1,Andy Madley,Match Report,,9,2,17.5,1,0,0,Aston Villa,2021
2/6/2021,12:30,Premier League,Matchweek 23,Sat,Home,W,1,0,Arsenal,1.2,0.8,35,,Jack Grealish,4-2-3-1,4-2-3-1,Chris Kavanagh,Match Report,,12,8,16.6,0,0,0,Aston Villa,2021
2/13/2021,20:00,Premier League,Matchweek 24,Sat,Away,D,0,0,Brighton,0.1,2.2,42,,Jack Grealish,4-2-3-1,4-1-3-2,Darren England,Match Report,,4,1,23.9,0,0,0,Aston Villa,2021
2/21/2021,14:05,Premier League,Matchweek 25,Sun,Home,L,1,2,Leicester City,1.4,1.1,51,,Tyrone Mings,4-2-3-1,4-2-3-1,Michael Oliver,Match Report,,11,2,16.6,0,0,0,Aston Villa,2021
2/27/2021,17:30,Premier League,Matchweek 26,Sat,Away,W,1,0,Leeds United,0.7,0.9,31,,Tyrone Mings,4/3/2003,4-1-4-1,Peter Bankes,Match Report,,9,4,15.8,0,0,0,Aston Villa,2021
3/3/2021,18:00,Premier League,Matchweek 29,Wed,Away,L,0,1,Sheffield Utd,2.3,0.9,72,,Tyrone Mings,4/3/2003,3/5/2002,Robert Jones,Match Report,,16,4,16.1,1,0,0,Aston Villa,2021
3/6/2021,17:30,Premier League,Matchweek 27,Sat,Home,D,0,0,Wolves,0.6,1.6,49,,Tyrone Mings,4/3/2003,3/4/2003,Andy Madley,Match Report,,9,1,18,0,0,0,Aston Villa,2021
3/12/2021,20:00,Premier League,Matchweek 28,Fri,Away,D,1,1,Newcastle Utd,0.9,1.5,51,,Tyrone Mings,4/3/2003,4/3/2003,Paul Tierney,Match Report,,15,6,20.1,0,0,0,Aston Villa,2021
3/21/2021,19:30,Premier League,Matchweek 18,Sun,Home,L,0,2,Tottenham,0.4,1.8,50,,Tyrone Mings,4-2-3-1,4/4/2002,Mike Dean,Match Report,,8,1,19.9,0,0,0,Aston Villa,2021
4/4/2021,16:30,Premier League,Matchweek 30,Sun,Home,W,3,1,Fulham,1.5,1,53,,Tyrone Mings,4-2-3-1,4-2-3-1,Andy Madley,Match Report,,14,4,19.7,0,0,0,Aston Villa,2021
4/10/2021,15:00,Premier League,Matchweek 31,Sat,Away,L,1,2,Liverpool,0.5,2.3,35,,Tyrone Mings,4/3/2003,4/3/2003,Paul Tierney,Match Report,,9,5,17.4,0,0,0,Aston Villa,2021
4/21/2021,20:15,Premier League,Matchweek 32,Wed,Home,L,1,2,Manchester City,0.7,1.2,28,,Tyrone Mings,4-1-4-1,4/3/2003,Peter Bankes,Match Report,,8,3,14.6,0,0,0,Aston Villa,2021
4/25/2021,19:00,Premier League,Matchweek 33,Sun,Home,D,2,2,West Brom,3.2,1.5,70,,Tyrone Mings,4-2-3-1,4-1-4-1,Stuart Attwell,Match Report,,23,10,16.1,0,1,1,Aston Villa,2021
5/1/2021,20:00,Premier League,Matchweek 34,Sat,Away,W,2,1,Everton,1.6,1,53,,Tyrone Mings,4-2-3-1,4-2-3-1,Simon Hooper,Match Report,,13,5,19.6,1,0,0,Aston Villa,2021
5/9/2021,14:05,Premier League,Matchweek 35,Sun,Home,L,1,3,Manchester Utd,0.5,1.7,41,,Tyrone Mings,4-2-3-1,4-2-3-1,Chris Kavanagh,Match Report,,11,5,20.5,0,0,0,Aston Villa,2021
5/13/2021,18:00,Premier League,Matchweek 19,Thu,Home,D,0,0,Everton,0.6,1,58,,Tyrone Mings,4-2-3-1,4/4/2002,Martin Atkinson,Match Report,,13,2,19.2,1,0,0,Aston Villa,2021
5/16/2021,12:00,Premier League,Matchweek 36,Sun,Away,L,2,3,Crystal Palace,1.4,1.9,55,,John McGinn,4/3/2003,4/3/2003,David Coote,Match Report,,19,5,17.9,2,0,0,Aston Villa,2021
5/19/2021,18:00,Premier League,Matchweek 37,Wed,Away,W,2,1,Tottenham,1.4,0.8,40,10000,Jack Grealish,4-2-3-1,4-2-3-1,Craig Pawson,Match Report,,20,4,17,0,0,0,Aston Villa,2021
5/23/2021,16:00,Premier League,Matchweek 38,Sun,Home,W,2,1,Chelsea,1.1,3.3,29,10000,Jack Grealish,4-2-3-1,3/4/2003,Stuart Attwell,Match Report,,5,2,21.4,0,1,1,Aston Villa,2021
8/14/2021,15:00,Premier League,Matchweek 1,Sat,Away,L,2,3,Watford,1.2,1.2,62,20051,Tyrone Mings,4-2-3-1,4-1-4-1,Mike Dean,Match Report,,10,1,22.8,1,1,1,Aston Villa,2022
8/21/2021,15:00,Premier League,Matchweek 2,Sat,Home,W,2,0,Newcastle Utd,1.2,0.7,47,41964,Tyrone Mings,4/3/2003,5/3/2002,David Coote,Match Report,,9,1,19.5,0,1,1,Aston Villa,2022
8/28/2021,15:00,Premier League,Matchweek 3,Sat,Home,D,1,1,Brentford,0.7,0.9,46,42045,Ezri Konsa,4-1-4-1,3-4-1-2,Peter Bankes,Match Report,,7,5,13.8,0,0,0,Aston Villa,2022
9/11/2021,17:30,Premier League,Matchweek 4,Sat,Away,L,0,3,Chelsea,1.2,1.3,43,39969,Tyrone Mings,5/3/2002,3/4/2003,Stuart Attwell,Match Report,,18,6,18.6,0,0,0,Aston Villa,2022
9/18/2021,17:30,Premier League,Matchweek 5,Sat,Home,W,3,0,Everton,0.8,0.7,55,41888,Tyrone Mings,5/3/2002,4-4-1-1,Craig Pawson,Match Report,,15,3,19.3,1,0,0,Aston Villa,2022
9/25/2021,12:30,Premier League,Matchweek 6,Sat,Away,W,1,0,Manchester Utd,1,2.2,41,72922,Tyrone Mings,3/5/2002,4-2-3-1,Mike Dean,Match Report,,7,3,14.1,1,0,0,Aston Villa,2022
10/3/2021,14:00,Premier League,Matchweek 7,Sun,Away,L,1,2,Tottenham,1.2,1.3,44,53076,Tyrone Mings,3/5/2002,4-2-3-1,Chris Kavanagh,Match Report,,14,3,18,0,0,0,Aston Villa,2022
10/16/2021,15:00,Premier League,Matchweek 8,Sat,Home,L,2,3,Wolves,1,2,48,41951,Tyrone Mings,3-4-1-2,3/4/2003,Michael Oliver,Match Report,,14,5,18,0,0,0,Aston Villa,2022
10/22/2021,20:00,Premier League,Matchweek 9,Fri,Away,L,1,3,Arsenal,1.4,2.7,47,59496,Tyrone Mings,3-4-1-2,4-2-3-1,Craig Pawson,Match Report,,10,4,17.2,1,0,0,Aston Villa,2022
10/31/2021,16:30,Premier League,Matchweek 10,Sun,Home,L,1,4,West Ham,0.7,2.3,43,41874,John McGinn,4/3/2003,4-2-3-1,Chris Kavanagh,Match Report,,9,3,16.4,0,0,0,Aston Villa,2022
11/5/2021,20:00,Premier League,Matchweek 11,Fri,Away,L,0,1,Southampton,0.6,0.6,44,30178,Tyrone Mings,4-2-3-1,4/4/2002,Andy Madley,Match Report,,14,3,19.5,1,0,0,Aston Villa,2022
11/20/2021,15:00,Premier League,Matchweek 12,Sat,Home,W,2,0,Brighton,0.7,0.4,38,41925,Tyrone Mings,4/3/2003,3/5/2002,Anthony Taylor,Match Report,,9,5,16.5,0,0,0,Aston Villa,2022
11/27/2021,15:00,Premier League,Matchweek 13,Sat,Away,W,2,1,Crystal Palace,0.5,1,36,25203,Tyrone Mings,4/3/2003,4-2-3-1,Michael Salisbury,Match Report,,10,3,20.5,2,0,0,Aston Villa,2022
12/1/2021,20:15,Premier League,Matchweek 14,Wed,Home,L,1,2,Manchester City,0.8,1,36,41400,Tyrone Mings,4/3/2003,4-2-3-1,Mike Dean,Match Report,,9,3,13.1,0,0,0,Aston Villa,2022
12/5/2021,16:30,Premier League,Matchweek 15,Sun,Home,W,2,1,Leicester City,2.1,1.1,41,41572,Tyrone Mings,4/3/2003,4-2-3-1,Michael Oliver,Match Report,,13,4,13.9,0,0,0,Aston Villa,2022
12/11/2021,15:00,Premier League,Matchweek 16,Sat,Away,L,0,1,Liverpool,0.2,2.2,38,53093,Tyrone Mings,4/3/2003,4/3/2003,Stuart Attwell,Match Report,,4,0,23.6,1,0,0,Aston Villa,2022
12/14/2021,19:45,Premier League,Matchweek 17,Tue,Away,W,2,0,Norwich City,2,0.5,50,26836,Tyrone Mings,4/3/2003,4/3/2003,David Coote,Match Report,,17,6,16.7,0,0,0,Aston Villa,2022
12/26/2021,17:30,Premier League,Matchweek 19,Sun,Home,L,1,3,Chelsea,0.4,2.6,42,41907,Tyrone Mings,4-3-1-2,3/4/2003,Martin Atkinson,Match Report,,8,1,18.8,0,0,0,Aston Villa,2022
1/2/2022,14:00,Premier League,Matchweek 21,Sun,Away,L,1,2,Brentford,0.8,0.6,55,16876,John McGinn,4/3/2003,3/5/2002,Craig Pawson,Match Report,,16,5,17.1,0,0,0,Aston Villa,2022
1/15/2022,17:30,Premier League,Matchweek 22,Sat,Home,D,2,2,Manchester Utd,1.9,1,54,41968,Tyrone Mings,4/3/2003,4/3/2003,David Coote,Match Report,,13,9,12.7,0,0,0,Aston Villa,2022
1/22/2022,12:30,Premier League,Matchweek 23,Sat,Away,W,1,0,Everton,0.8,1.6,50,38203,Tyrone Mings,4/3/2003,4/4/2002,Craig Pawson,Match Report,,8,3,19.8,2,0,0,Aston Villa,2022
2/9/2022,20:00,Premier League,Matchweek 24,Wed,Home,D,3,3,Leeds United,1.6,1.8,40,41927,Tyrone Mings,4/3/2003,4-2-3-1,Jarred Gillett,Match Report,,12,4,15.7,0,0,0,Aston Villa,2022
2/13/2022,14:00,Premier League,Matchweek 25,Sun,Away,L,0,1,Newcastle Utd,0.6,0.5,62,52207,Tyrone Mings,4/3/2003,4/3/2003,Craig Pawson,Match Report,,11,1,19.9,1,0,0,Aston Villa,2022
2/19/2022,15:00,Premier League,Matchweek 26,Sat,Home,L,0,1,Watford,1.3,1.2,59,41936,Tyrone Mings,4/3/2003,4/3/2003,Robert Jones,Match Report,,20,1,21,1,0,0,Aston Villa,2022
2/26/2022,15:00,Premier League,Matchweek 27,Sat,Away,W,2,0,Brighton,1,0.7,34,31475,Tyrone Mings,4-1-2-1-2◆,3/5/2002,John Brooks,Match Report,,9,4,17.5,1,0,0,Aston Villa,2022
3/5/2022,15:00,Premier League,Matchweek 28,Sat,Home,W,4,0,Southampton,2.5,1.1,38,41855,Tyrone Mings,4-3-1-2,4/4/2002,Peter Bankes,Match Report,,14,9,15.7,0,0,0,Aston Villa,2022
3/10/2022,19:45,Premier League,Matchweek 20,Thu,Away,W,3,0,Leeds United,1.5,0.2,49,36400,Tyrone Mings,4-3-1-2,4-2-3-1,Simon Hooper,Match Report,,15,9,19.6,1,0,0,Aston Villa,2022
3/13/2022,14:00,Premier League,Matchweek 29,Sun,Away,L,1,2,West Ham,1.1,1.2,53,59957,Tyrone Mings,4-1-2-1-2◆,4-2-3-1,Jarred Gillett,Match Report,,13,7,14.9,1,0,0,Aston Villa,2022
3/19/2022,12:30,Premier League,Matchweek 30,Sat,Home,L,0,1,Arsenal,0.5,1.3,47,41956,Tyrone Mings,4-3-2-1,4-2-3-1,Andy Madley,Match Report,,8,1,16.8,2,0,0,Aston Villa,2022
4/2/2022,15:00,Premier League,Matchweek 31,Sat,Away,L,1,2,Wolves,2.1,1.3,51,31012,Tyrone Mings,4-3-1-2,3/4/2003,Darren England,Match Report,,14,4,20,1,1,1,Aston Villa,2022
4/9/2022,17:30,Premier League,Matchweek 32,Sat,Home,L,0,4,Tottenham,1.6,1.1,52,41949,Tyrone Mings,4-3-1-2,3/4/2003,Graham Scott,Match Report,,19,8,16.3,1,0,0,Aston Villa,2022
4/23/2022,15:00,Premier League,Matchweek 34,Sat,Away,D,0,0,Leicester City,0.9,0.3,36,32185,Tyrone Mings,4-3-2-1,4-1-4-1,Andy Madley,Match Report,,11,3,17.9,0,0,0,Aston Villa,2022
4/30/2022,15:00,Premier League,Matchweek 35,Sat,Home,W,2,0,Norwich City,1.8,0.5,45,40290,Tyrone Mings,4-1-4-1,4-2-3-1,John Brooks,Match Report,,21,6,15.7,0,0,0,Aston Villa,2022
5/7/2022,15:00,Premier League,Matchweek 36,Sat,Away,W,3,1,Burnley,2.1,1.9,51,20891,Tyrone Mings,4-1-2-1-2◆,4/4/2002,David Coote,Match Report,,12,7,18.3,1,0,0,Aston Villa,2022
5/10/2022,20:00,Premier League,Matchweek 33,Tue,Home,L,1,2,Liverpool,1.4,1.8,40,41919,Tyrone Mings,4-3-1-2,4/3/2003,Jonathan Moss,Match Report,,9,4,13.7,0,0,0,Aston Villa,2022
5/15/2022,14:00,Premier League,Matchweek 37,Sun,Home,D,1,1,Crystal Palace,1,1.4,49,41136,Tyrone Mings,4-3-1-2,5/3/2002,Chris Kavanagh,Match Report,,13,4,18.7,0,0,0,Aston Villa,2022
5/19/2022,20:00,Premier League,Matchweek 18,Thu,Home,D,1,1,Burnley,1.5,1.6,71,40468,Tyrone Mings,4-3-2-1,5/3/2002,Paul Tierney,Match Report,,22,9,19.4,0,0,0,Aston Villa,2022
5/22/2022,16:00,Premier League,Matchweek 38,Sun,Away,L,2,3,Manchester City,0.2,3.4,29,53395,Tyrone Mings,4-3-2-1,4/3/2003,Michael Oliver,Match Report,,4,2,16.8,0,0,0,Aston Villa,2022
8/6/2022,15:00,Premier League,Matchweek 1,Sat,Away,L,0,2,Bournemouth,0.7,0.6,65,11013,John McGinn,4/3/2003,3/4/2003,Peter Bankes,Match Report,,15,2,24.6,0,0,0,Aston Villa,2023
8/13/2022,12:30,Premier League,Matchweek 2,Sat,Home,W,2,1,Everton,2.3,1.6,57,41883,John McGinn,4-1-2-1-2◆,3/4/2003,Michael Oliver,Match Report,,12,3,13.3,0,0,0,Aston Villa,2023
8/20/2022,15:00,Premier League,Matchweek 3,Sat,Away,L,1,3,Crystal Palace,0.9,2.6,49,22012,John McGinn,4/3/2003,4/3/2003,Andy Madley,Match Report,,13,5,17.8,0,0,0,Aston Villa,2023
8/28/2022,14:00,Premier League,Matchweek 4,Sun,Home,L,0,1,West Ham,0.5,0.6,58,41796,John McGinn,4-3-1-2,3/5/2002,David Coote,Match Report,,9,3,20.5,0,0,0,Aston Villa,2023
8/31/2022,19:30,Premier League,Matchweek 5,Wed,Away,L,1,2,Arsenal,0.4,2.4,41,60012,John McGinn,4/3/2003,4/3/2003,Robert Jones,Match Report,,4,3,19.2,0,0,0,Aston Villa,2023
9/3/2022,17:30,Premier League,Matchweek 6,Sat,Home,D,1,1,Manchester City,0.3,2.1,29,41830,John McGinn,4-3-2-1,4/3/2003,Simon Hooper,Match Report,,3,1,16.8,0,0,0,Aston Villa,2023
9/16/2022,20:00,Premier League,Matchweek 8,Fri,Home,W,1,0,Southampton,1.5,0.3,53,40758,John McGinn,4-3-2-1,4-2-3-1,Tony Harrington,Match Report,,11,3,20.7,1,0,0,Aston Villa,2023
10/2/2022,16:30,Premier League,Matchweek 9,Sun,Away,D,0,0,Leeds United,2.2,0.4,56,36582,John McGinn,4/3/2003,4-2-3-1,Stuart Attwell,Match Report,,19,6,17.8,0,0,0,Aston Villa,2023
10/10/2022,20:00,Premier League,Matchweek 10,Mon,Away,D,1,1,Nott'ham Forest,0.7,0.3,60,29208,John McGinn,4/3/2003,4/3/2003,Anthony Taylor,Match Report,,12,2,20.2,3,0,0,Aston Villa,2023
10/16/2022,14:00,Premier League,Matchweek 11,Sun,Home,L,0,2,Chelsea,1.8,0.9,42,41754,John McGinn,4/3/2003,3/4/2003,Robert Jones,Match Report,,18,7,15.3,1,0,0,Aston Villa,2023
10/20/2022,19:30,Premier League,Matchweek 12,Thu,Away,L,0,3,Fulham,1.2,2.1,40,23508,John McGinn,4-3-2-1,4-2-3-1,Michael Oliver,Match Report,,12,6,15,0,0,0,Aston Villa,2023
10/23/2022,14:00,Premier League,Matchweek 13,Sun,Home,W,4,0,Brentford,2.8,0.9,45,41693,Emiliano Martínez,4-2-3-1,3/5/2002,Darren England,Match Report,,18,10,18.7,0,1,1,Aston Villa,2023
10/29/2022,15:00,Premier League,Matchweek 14,Sat,Away,L,0,4,Newcastle Utd,0.4,3.4,41,52233,Emiliano Martínez,4-2-3-1,4/3/2003,Paul Tierney,Match Report,,3,0,13.9,0,0,0,Aston Villa,2023
11/6/2022,14:00,Premier League,Matchweek 15,Sun,Home,W,3,1,Manchester Utd,0.6,0.5,42,42058,Emiliano Martínez,4-2-2-2,4-2-3-1,Anthony Taylor,Match Report,,6,4,22.7,1,0,0,Aston Villa,2023
11/13/2022,14:00,Premier League,Matchweek 16,Sun,Away,W,2,1,Brighton,1.5,0.6,35,31581,John McGinn,4/4/2002,4-2-3-1,Chris Kavanagh,Match Report,,7,1,25.1,0,1,1,Aston Villa,2023
12/26/2022,17:30,Premier League,Matchweek 17,Mon,Home,L,1,3,Liverpool,1.4,2.7,48,42085,John McGinn,4/4/2002,4/3/2003,Paul Tierney,Match Report,,12,6,15.3,0,0,0,Aston Villa,2023
1/1/2023,14:00,Premier League,Matchweek 18,Sun,Away,W,2,0,Tottenham,1,0.7,41,61651,John McGinn,4/4/2002,3/4/2003,John Brooks,Match Report,,13,4,20.8,1,0,0,Aston Villa,2023
1/4/2023,20:00,Premier League,Matchweek 19,Wed,Home,D,1,1,Wolves,1.8,0.9,56,39978,Ashley Young,4/4/2002,4-2-3-1,Jarred Gillett,Match Report,,13,3,19.2,1,0,0,Aston Villa,2023
1/13/2023,20:00,Premier League,Matchweek 20,Fri,Home,W,2,1,Leeds United,1.2,2.4,52,42008,Emiliano Martínez,4/4/2002,4-2-3-1,Michael Oliver,Match Report,,11,5,16.9,0,0,0,Aston Villa,2023
1/21/2023,15:00,Premier League,Matchweek 21,Sat,Away,W,1,0,Southampton,1.4,0.6,63,30158,Emiliano Martínez,4/4/2002,4-2-3-1,Michael Salisbury,Match Report,,16,5,17,1,0,0,Aston Villa,2023
2/4/2023,15:00,Premier League,Matchweek 22,Sat,Home,L,2,4,Leicester City,1.7,2.6,62,42055,Emiliano Martínez,4/4/2002,4-2-3-1,Darren England,Match Report,,19,4,17.5,0,0,0,Aston Villa,2023
2/12/2023,16:30,Premier League,Matchweek 23,Sun,Away,L,1,3,Manchester City,0.3,3.3,33,53392,Emiliano Martínez,4/4/2002,3-2-4-1,Robert Jones,Match Report,,6,2,22.8,0,0,0,Aston Villa,2023
2/18/2023,12:30,Premier League,Matchweek 24,Sat,Home,L,2,4,Arsenal,0.5,3.2,33,42066,John McGinn,4/4/2002,4/3/2003,Simon Hooper,Match Report,,7,5,23.3,1,0,0,Aston Villa,2023
2/25/2023,15:00,Premier League,Matchweek 25,Sat,Away,W,2,0,Everton,1.9,1.6,53,39309,John McGinn,4/4/2002,4-1-4-1,Anthony Taylor,Match Report,,8,4,22.1,1,1,1,Aston Villa,2023
3/4/2023,15:00,Premier League,Matchweek 26,Sat,Home,W,1,0,Crystal Palace,1.2,0.2,58,41893,John McGinn,4-2-3-1,4-2-3-1,Craig Pawson,Match Report,,8,1,14.8,0,0,0,Aston Villa,2023
3/12/2023,14:00,Premier League,Matchweek 27,Sun,Away,D,1,1,West Ham,1.5,2.1,59,62472,John McGinn,4-2-3-1,4-1-4-1,Chris Kavanagh,Match Report,,12,4,13.3,0,0,0,Aston Villa,2023
3/18/2023,15:00,Premier League,Matchweek 28,Sat,Home,W,3,0,Bournemouth,3.5,1.3,56,41021,John McGinn,4-2-3-1,4-4-1-1,Robert Jones,Match Report,,20,9,13.9,0,0,0,Aston Villa,2023
4/1/2023,17:30,Premier League,Matchweek 29,Sat,Away,W,2,0,Chelsea,0.9,2.1,31,40082,John McGinn,4/4/2002,3/4/2003,Andy Madley,Match Report,,5,2,22.5,0,0,0,Aston Villa,2023
4/4/2023,19:45,Premier League,Matchweek 7,Tue,Away,W,2,1,Leicester City,1,0.5,64,32087,John McGinn,4/4/2002,4/3/2003,Graham Scott,Match Report,,15,5,20.3,1,0,0,Aston Villa,2023
4/8/2023,15:00,Premier League,Matchweek 30,Sat,Home,W,2,0,Nott'ham Forest,1.3,0.2,63,42076,John McGinn,4/4/2002,3/4/2003,Anthony Taylor,Match Report,,8,3,12.4,0,0,0,Aston Villa,2023
4/15/2023,12:30,Premier League,Matchweek 31,Sat,Home,W,3,0,Newcastle Utd,1.9,0.5,52,42055,John McGinn,4-2-3-1,4/3/2003,John Brooks,Match Report,,16,6,18.3,0,0,0,Aston Villa,2023
4/22/2023,15:00,Premier League,Matchweek 32,Sat,Away,D,1,1,Brentford,1.5,2.7,56,17098,John McGinn,4-2-3-1,4/3/2003,Michael Salisbury,Match Report,,14,2,18.6,0,0,0,Aston Villa,2023
4/25/2023,19:45,Premier League,Matchweek 33,Tue,Home,W,1,0,Fulham,1,0.1,51,41046,John McGinn,4-2-3-1,4-2-3-1,Thomas Bramall,Match Report,,14,3,16.4,0,0,0,Aston Villa,2023
4/30/2023,14:00,Premier League,Matchweek 34,Sun,Away,L,0,1,Manchester Utd,0.6,1.2,43,73592,John McGinn,4-2-3-1,4-1-4-1,Jarred Gillett,Match Report,,7,1,17.7,0,0,0,Aston Villa,2023
5/6/2023,15:00,Premier League,Matchweek 35,Sat,Away,L,0,1,Wolves,1.5,0.8,62,31641,John McGinn,4/4/2002,4/4/2002,Stuart Attwell,Match Report,,16,3,16,1,0,0,Aston Villa,2023
5/13/2023,15:00,Premier League,Matchweek 36,Sat,Home,W,2,1,Tottenham,1.2,1.4,48,42164,John McGinn,4/4/2002,3/4/2003,Peter Bankes,Match Report,,8,4,15.4,1,0,0,Aston Villa,2023
5/20/2023,15:00,Premier League,Matchweek 37,Sat,Away,D,1,1,Liverpool,1.3,0.7,34,53306,John McGinn,4-2-3-1,4/3/2003,John Brooks,Match Report,,5,3,19.5,0,0,1,Aston Villa,2023
5/28/2023,16:30,Premier League,Matchweek 38,Sun,Home,W,2,1,Brighton,2.8,1.4,41,,John McGinn,4-2-3-1,4/4/2002,David Coote,Match Report,,12,5,18.2,4,0,0,Aston Villa,2023
8/12/2023,17:30,Premier League,Matchweek 1,Sat,Away,L,1,5,Newcastle Utd,1.8,3.3,48,52207,John McGinn,4-2-3-1,4/3/2003,Andy Madley,Match Report,,16,6,14.5,1,0,0,Aston Villa,2024
8/20/2023,14:00,Premier League,Matchweek 2,Sun,Home,W,4,0,Everton,2.9,0.6,60,41694,John McGinn,4-2-3-1,4-1-4-1,Anthony Taylor,Match Report,,12,6,18.5,0,1,1,Aston Villa,2024
8/27/2023,14:00,Premier League,Matchweek 3,Sun,Away,W,3,1,Burnley,2.5,0.7,43,21591,John McGinn,3/4/2003,4/4/2002,Michael Salisbury,Match Report,,16,6,13.4,0,0,0,Aston Villa,2024
9/3/2023,14:00,Premier League,Matchweek 4,Sun,Away,L,0,3,Liverpool,0.7,2.5,37,50109,John McGinn,4/4/2002,4/3/2003,Simon Hooper,Match Report,,9,3,12.5,0,0,0,Aston Villa,2024
9/16/2023,15:00,Premier League,Matchweek 5,Sat,Home,W,3,1,Crystal Palace,3,1.2,66,40809,John McGinn,4-2-3-1,4-4-1-1,Darren England,Match Report,,15,4,16.2,0,1,1,Aston Villa,2024
9/24/2023,14:00,Premier League,Matchweek 6,Sun,Away,W,1,0,Chelsea,1,1.3,47,39700,John McGinn,4-2-3-1,4-2-3-1,Jarred Gillett,Match Report,,15,7,18.2,1,0,0,Aston Villa,2024
9/30/2023,12:30,Premier League,Matchweek 7,Sat,Home,W,6,1,Brighton,1.6,1.7,39,40636,John McGinn,4-2-3-1,4-2-3-1,Andy Madley,Match Report,,19,9,17.9,1,0,0,Aston Villa,2024
10/8/2023,14:00,Premier League,Matchweek 8,Sun,Away,D,1,1,Wolves,1.6,1.7,53,31425,John McGinn,4/4/2002,3/4/2003,Robert Jones,Match Report,,18,4,16.6,0,0,0,Aston Villa,2024
10/22/2023,16:30,Premier League,Matchweek 9,Sun,Home,W,4,1,West Ham,1.9,1.1,58,41734,John McGinn,4/4/2002,4-2-3-1,David Coote,Match Report,,14,6,19.6,0,1,1,Aston Villa,2024
10/29/2023,14:00,Premier League,Matchweek 10,Sun,Home,W,3,1,Luton Town,2.3,0.5,70,41785,John McGinn,4/4/2002,3/4/2003,John Brooks,Match Report,,17,6,14.5,0,0,0,Aston Villa,2024
11/5/2023,14:00,Premier League,Matchweek 11,Sun,Away,L,0,2,Nott'ham Forest,1.2,0.4,73,29313,John McGinn,4/4/2002,4/3/2003,Jarred Gillett,Match Report,,13,3,14,0,0,0,Aston Villa,2024
11/12/2023,14:00,Premier League,Matchweek 12,Sun,Home,W,3,1,Fulham,3,0.9,51,41608,John McGinn,4-2-2-2,4-2-3-1,Simon Hooper,Match Report,,12,6,13.5,0,0,0,Aston Villa,2024
11/26/2023,14:00,Premier League,Matchweek 13,Sun,Away,W,2,1,Tottenham,1.7,2.3,38,61679,John McGinn,4/4/2002,4-2-3-1,Robert Jones,Match Report,,15,5,16.6,1,0,0,Aston Villa,2024
12/3/2023,14:00,Premier League,Matchweek 14,Sun,Away,D,2,2,Bournemouth,0.7,2,62,11191,John McGinn,4/4/2002,4-2-3-1,Thomas Bramall,Match Report,,11,3,19.2,1,0,0,Aston Villa,2024
12/6/2023,20:15,Premier League,Matchweek 15,Wed,Home,W,1,0,Manchester City,2.3,0.6,46,41421,John McGinn,4-4-1-1,3-2-4-1,John Brooks,Match Report,,22,7,18.9,0,0,0,Aston Villa,2024
12/9/2023,17:30,Premier League,Matchweek 16,Sat,Home,W,1,0,Arsenal,0.6,1.4,39,42000,John McGinn,4-4-1-1,4/3/2003,Jarred Gillett,Match Report,,10,3,20.8,1,0,0,Aston Villa,2024
12/17/2023,14:00,Premier League,Matchweek 17,Sun,Away,W,2,1,Brentford,1.4,0.5,66,17034,John McGinn,3/5/2002,3/5/2002,David Coote,Match Report,,15,5,16.7,0,0,0,Aston Villa,2024
12/22/2023,20:00,Premier League,Matchweek 18,Fri,Home,D,1,1,Sheffield Utd,0.9,0.6,77,41651,John McGinn,4-4-1-1,3/4/2003,Anthony Taylor,Match Report,,12,4,17.5,0,0,0,Aston Villa,2024
12/26/2023,20:00,Premier League,Matchweek 19,Tue,Away,L,2,3,Manchester Utd,1.7,1.1,54,73574,John McGinn,4-2-3-1,4-2-3-1,Craig Pawson,Match Report,,10,3,14.6,1,0,0,Aston Villa,2024
12/30/2023,15:00,Premier League,Matchweek 20,Sat,Home,W,3,2,Burnley,3.2,1.2,64,41613,John McGinn,4-4-1-1,4/4/2002,Stuart Attwell,Match Report,,18,6,16.9,1,1,1,Aston Villa,2024
1/14/2024,14:00,Premier League,Matchweek 21,Sun,Away,D,0,0,Everton,1.2,1.1,68,39284,John McGinn,4/4/2002,4-2-3-1,David Coote,Match Report,,16,4,14.2,0,0,0,Aston Villa,2024
1/30/2024,20:15,Premier League,Matchweek 22,Tue,Home,L,1,3,Newcastle Utd,1.4,2.6,61,42191,John McGinn,4/4/2002,4/3/2003,John Brooks,Match Report,,12,5,14.3,0,0,0,Aston Villa,2024
2/3/2024,17:30,Premier League,Matchweek 23,Sat,Away,W,5,0,Sheffield Utd,2.2,1.4,63,30187,John McGinn,4-2-3-1,5/4/2001,Paul Tierney,Match Report,,14,9,15.8,1,0,0,Aston Villa,2024
2/11/2024,16:30,Premier League,Matchweek 24,Sun,Home,L,1,2,Manchester Utd,2.4,1.8,56,42185,John McGinn,4-2-3-1,4-2-3-1,Robert Jones,Match Report,,23,9,16.7,1,0,0,Aston Villa,2024
2/17/2024,15:00,Premier League,Matchweek 25,Sat,Away,W,2,1,Fulham,1.5,1.5,48,24401,John McGinn,4-2-3-1,4-2-3-1,Lewis Smith,Match Report,,12,3,16.8,1,0,0,Aston Villa,2024
2/24/2024,15:00,Premier League,Matchweek 26,Sat,Home,W,4,2,Nott'ham Forest,3.6,2.6,58,42131,John McGinn,4-2-3-1,4-2-3-1,Samuel Barrott,Match Report,,16,6,14.3,2,0,0,Aston Villa,2024
3/2/2024,17:30,Premier League,Matchweek 27,Sat,Away,W,3,2,Luton Town,1.9,1.8,54,11594,John McGinn,4-2-3-1,3/4/2003,Michael Oliver,Match Report,,12,8,12.5,0,0,0,Aston Villa,2024
3/10/2024,13:00,Premier League,Matchweek 28,Sun,Home,L,0,4,Tottenham,0.8,1.5,32,42310,John McGinn,5/3/2002,4-2-3-1,Chris Kavanagh,Match Report,,10,1,14.1,0,0,0,Aston Villa,2024
3/17/2024,14:00,Premier League,Matchweek 29,Sun,Away,D,1,1,West Ham,0.7,2,69,62461,Emiliano Martínez,4/4/2002,4-2-3-1,Jarred Gillett,Match Report,,13,5,20.6,0,0,0,Aston Villa,2024
3/30/2024,17:30,Premier League,Matchweek 30,Sat,Home,W,2,0,Wolves,1,1.5,48,42640,Emiliano Martínez,4/4/2002,3/4/2003,Paul Tierney,Match Report,,11,5,14.7,0,0,0,Aston Villa,2024
4/3/2024,20:15,Premier League,Matchweek 31,Wed,Away,L,1,4,Manchester City,0.8,3.4,33,53422,Douglas Luiz,4-2-3-1,4-2-3-1,Darren England,Match Report,,8,3,12.4,0,0,0,Aston Villa,2024
4/6/2024,15:00,Premier League,Matchweek 32,Sat,Home,D,3,3,Brentford,1.5,1.5,69,42118,John McGinn,4-4-1-1,3/5/2002,Michael Salisbury,Match Report,,11,3,12.1,1,0,0,Aston Villa,2024
4/14/2024,16:30,Premier League,Matchweek 33,Sun,Away,W,2,0,Arsenal,0.9,1.6,48,60350,John McGinn,4-2-3-1,4/3/2003,David Coote,Match Report,,11,2,18.8,1,0,0,Aston Villa,2024
4/21/2024,15:00,Premier League,Matchweek 34,Sun,Home,W,3,1,Bournemouth,2.4,1.8,56,42189,John McGinn,4-2-3-1,4-2-3-1,Tim Robinson,Match Report,,15,5,14.8,0,0,0,Aston Villa,2024
4/27/2024,20:00,Premier League,Matchweek 35,Sat,Home,D,2,2,Chelsea,1.1,1.6,29,42354,John McGinn,4-4-1-1,4-2-3-1,Craig Pawson,Match Report,,9,4,15,0,0,0,Aston Villa,2024
5/5/2024,14:00,Premier League,Matchweek 36,Sun,Away,L,0,1,Brighton,0.1,2.5,48,31596,John McGinn,4-2-3-1,4-2-3-1,Robert Jones,Match Report,,2,1,23.2,0,0,0,Aston Villa,2024
5/13/2024,20:00,Premier League,Matchweek 37,Mon,Home,D,3,3,Liverpool,3.1,1.7,41,42241,John McGinn,4-2-3-1,4/3/2003,Simon Hooper,Match Report,,19,5,15.2,0,0,0,Aston Villa,2024
5/19/2024,16:00,Premier League,Matchweek 38,Sun,Away,L,0,5,Crystal Palace,0.9,2.5,46,25191,John McGinn,4/4/2002,3/4/2003,Darren Bond,Match Report,,8,2,13.8,0,0,0,Aston Villa,2024
8/17/2024,17:30,Premier League,Matchweek 1,Sat,Away,W,2,1,West Ham,2,2.3,48,62463,John McGinn,4-2-3-1,4-1-4-1,Tony Harrington,Match Report,,15,3,15.2,0,0,0,Aston Villa,2025
8/24/2024,17:30,Premier League,Matchweek 2,Sat,Home,L,0,2,Arsenal,1.2,0.9,40,41587,John McGinn,4/4/2002,4/3/2003,Michael Oliver,Match Report,,11,3,16,0,0,0,Aston Villa,2025
8/31/2024,15:00,Premier League,Matchweek 3,Sat,Away,W,2,1,Leicester City,1.4,0.4,43,31725,John McGinn,4/4/2002,4-2-3-1,David Coote,Match Report,,10,5,17.9,0,0,0,Aston Villa,2025
9/14/2024,17:30,Premier League,Matchweek 4,Sat,Home,W,3,2,Everton,2.1,0.9,72,41573,John McGinn,4-2-3-1,4-2-3-1,Craig Pawson,Match Report,,17,7,14,0,0,0,Aston Villa,2025
9/21/2024,15:00,Premier League,Matchweek 5,Sat,Home,W,3,1,Wolves,1.7,0.5,53,39978,John McGinn,4-2-3-1,4-1-4-1,Tim Robinson,Match Report,,9,3,13.7,1,0,0,Aston Villa,2025
9/29/2024,14:00,Premier League,Matchweek 6,Sun,Away,D,2,2,Ipswich Town,0.8,1.2,56,29943,Emiliano Martínez,4-2-3-1,4-2-3-1,Stuart Attwell,Match Report,,7,3,19,1,0,0,Aston Villa,2025
10/6/2024,14:00,Premier League,Matchweek 7,Sun,Home,D,0,0,Manchester Utd,0.5,0.6,53,42682,Emiliano Martínez,4-2-3-1,4-2-3-1,Robert Jones,Match Report,,11,1,20.3,1,0,0,Aston Villa,2025
10/19/2024,15:00,Premier League,Matchweek 8,Sat,Away,W,3,1,Fulham,1.6,1.8,48,26743,Emiliano Martínez,4-2-3-1,4-2-3-1,Darren England,Match Report,,14,5,15.1,1,0,0,Aston Villa,2025
10/26/2024,15:00,Premier League,Matchweek 9,Sat,Home,D,1,1,Bournemouth,1.8,0.3,57,42165,John McGinn,4-4-1-1,4-2-3-1,Chris Kavanagh,Match Report,,18,8,15.1,0,0,0,Aston Villa,2025
11/3/2024,14:00,Premier League,Matchweek 10,Sun,Away,L,1,4,Tottenham,1.8,2.4,49,61253,John McGinn,4-2-3-1,4/3/2003,Craig Pawson,Match Report,,12,1,16.2,0,0,0,Aston Villa,2025
11/9/2024,20:00,Premier League,Matchweek 11,Sat,Away,L,0,2,Liverpool,1.2,2,38,60292,Emiliano Martínez,4-2-3-1,4-2-3-1,David Coote,Match Report,,12,2,11.6,0,0,0,Aston Villa,2025
11/23/2024,15:00,Premier League,Matchweek 12,Sat,Home,D,2,2,Crystal Palace,3,1.3,69,42175,John McGinn,4-2-3-1,3/4/2003,Tim Robinson,Match Report,,16,4,14.9,0,0,1,Aston Villa,2025
12/1/2024,13:30,Premier League,Matchweek 13,Sun,Away,L,0,3,Chelsea,1.2,1.6,36,40853,John McGinn,4-2-3-1,4-2-3-1,Stuart Attwell,Match Report,,10,3,13.4,0,0,0,Aston Villa,2025
12/4/2024,20:15,Premier League,Matchweek 14,Wed,Home,W,3,1,Brentford,2.4,0.9,49,42148,John McGinn,4-2-3-1,4/3/2003,Lewis Smith,Match Report,,19,9,15,0,1,1,Aston Villa,2025
12/7/2024,15:00,Premier League,Matchweek 15,Sat,Home,W,1,0,Southampton,2.3,0.3,47,42453,John McGinn,4-2-3-1,5/3/2002,Darren Bond,Match Report,,18,4,14.2,0,0,0,Aston Villa,2025
12/14/2024,17:30,Premier League,Matchweek 16,Sat,Away,L,1,2,Nott'ham Forest,0.4,1.7,50,30117,John McGinn,4-2-3-1,4-2-3-1,Samuel Barrott,Match Report,,8,2,15.6,0,0,0,Aston Villa,2025
12/21/2024,12:30,Premier League,Matchweek 17,Sat,Home,W,2,1,Manchester City,1.6,1,44,42345,John McGinn,4-2-3-1,4-2-3-1,Peter Bankes,Match Report,,11,6,13.9,0,0,0,Aston Villa,2025
12/26/2024,15:00,Premier League,Matchweek 18,Thu,Away,L,0,3,Newcastle Utd,0.3,2.7,38,52168,John McGinn,4-2-3-1,4/3/2003,Anthony Taylor,Match Report,,4,1,17,1,0,0,Aston Villa,2025
12/30/2024,19:45,Premier League,Matchweek 19,Mon,Home,D,2,2,Brighton,1.8,1.1,59,41414,John McGinn,4-2-3-1,4-2-3-1,Craig Pawson,Match Report,,19,3,17.9,0,1,1,Aston Villa,2025
1/4/2025,15:00,Premier League,Matchweek 20,Sat,Home,W,2,1,Leicester City,1.4,0.4,60,42386,John McGinn,4-2-3-1,4-2-3-1,Jarred Gillett,Match Report,,13,5,15.9,0,0,0,Aston Villa,2025
1/15/2025,19:30,Premier League,Matchweek 21,Wed,Away,W,1,0,Everton,1.2,1.1,50,39085,Emiliano Martínez,4-2-3-1,4-2-3-1,Samuel Barrott,Match Report,,11,3,20.5,1,0,0,Aston Villa,2025
1/18/2025,17:30,Premier League,Matchweek 22,Sat,Away,D,2,2,Arsenal,1,1.3,34,60067,Emiliano Martínez,4-2-3-1,4/3/2003,Chris Kavanagh,Match Report,,8,4,16.9,0,0,0,Aston Villa,2025
1/26/2025,16:30,Premier League,Matchweek 23,Sun,Home,D,1,1,West Ham,0.9,1.3,46,41628,Emiliano Martínez,4-2-3-1,3/4/2003,Peter Bankes,Match Report,,14,4,18,1,0,0,Aston Villa,2025
2/1/2025,17:30,Premier League,Matchweek 24,Sat,Away,L,0,2,Wolves,0.4,1.6,68,31385,John McGinn,4-2-3-1,3/4/2003,Andy Madley,Match Report,,10,3,20.9,0,0,0,Aston Villa,2025
2/15/2025,15:00,Premier League,Matchweek 25,Sat,Home,D,1,1,Ipswich Town,2.4,0.4,75,42510,John McGinn,4-2-3-1,4-2-3-1,Robert Jones,Match Report,,25,6,18.6,2,0,0,Aston Villa,2025
2/19/2025,19:30,Premier League,Matchweek 29,Wed,Home,D,2,2,Liverpool,0.6,2.5,52,41910,John McGinn,4-2-3-1,4-2-3-1,Craig Pawson,Match Report,,9,3,18,0,0,0,Aston Villa,2025
2/22/2025,17:30,Premier League,Matchweek 26,Sat,Home,W,2,1,Chelsea,2.3,2.3,52,42423,John McGinn,4-2-3-1,4-2-3-1,Michael Oliver,Match Report,,12,6,13.2,0,0,0,Aston Villa,2025
2/25/2025,19:30,Premier League,Matchweek 27,Tue,Away,L,1,4,Crystal Palace,0.4,4.3,64,24712,John McGinn,3/4/2003,3/4/2003,Samuel Barrott,Match Report,,6,2,10,0,0,0,Aston Villa,2025
3/8/2025,17:30,Premier League,Matchweek 28,Sat,Away,W,1,0,Brentford,1.3,0.8,41,17171,John McGinn,4-2-3-1,4-2-3-1,Jarred Gillett,Match Report,,12,4,16.9,1,0,0,Aston Villa,2025
4/2/2025,19:45,Premier League,Matchweek 30,Wed,Away,W,3,0,Brighton,1.2,0.9,44,27895,John McGinn,4-2-3-1,4-2-3-1,Stuart Attwell,Match Report,,8,5,14.1,0,0,0,Aston Villa,2025
4/5/2025,17:30,Premier League,Matchweek 31,Sat,Home,W,2,1,Nott'ham Forest,3,1.5,52,42743,Emiliano Martínez,4-2-3-1,3-4-1-2,Simon Hooper,Match Report,,17,8,16.4,1,0,0,Aston Villa,2025
4/12/2025,15:00,Premier League,Matchweek 32,Sat,Away,W,3,0,Southampton,3,0.3,60,30199,Emiliano Martínez,4-2-3-1,3/4/2003,Thomas Bramall,Match Report,,23,8,21.1,1,0,2,Aston Villa,2025
4/19/2025,17:30,Premier League,Matchweek 33,Sat,Home,W,4,1,Newcastle Utd,2.2,1,48,42618,John McGinn,4-2-3-1,4/3/2003,Jarred Gillett,Match Report,,23,9,14.3,0,0,0,Aston Villa,2025
4/22/2025,20:00,Premier League,Matchweek 34,Tue,Away,L,1,2,Manchester City,1.8,1.3,39,51834,Emiliano Martínez,4-2-3-1,4-1-4-1,Craig Pawson,Match Report,,6,2,16.2,0,1,1,Aston Villa,2025
5/3/2025,12:30,Premier League,Matchweek 35,Sat,Home,W,1,0,Fulham,1,0.9,52,42515,John McGinn,4-2-3-1,4-2-3-1,Robert Jones,Match Report,,10,3,15.8,0,0,0,Aston Villa,2025
5/10/2025,17:30,Premier League,Matchweek 36,Sat,Away,W,1,0,Bournemouth,1,0.8,34,11187,Emiliano Martínez,4-2-3-1,4-2-3-1,Stuart Attwell,Match Report,,6,3,14.9,0,0,0,Aston Villa,2025
5/16/2025,19:30,Premier League,Matchweek 37,Fri,Home,W,2,0,Tottenham,1.4,0.5,67,42239,John McGinn,4-2-3-1,4-2-3-1,Peter Bankes,Match Report,,18,7,17.2,0,0,0,Aston Villa,2025
5/25/2025,16:00,Premier League,Matchweek 38,Sun,Away,L,0,2,Manchester Utd,0.4,2.9,33,73839,John McGinn,4-2-3-1,3/4/2003,Thomas Bramall,Match Report,,6,1,19.5,0,0,0,Aston Villa,2025
8/6/2022,15:00,Premier League,Matchweek 1,Sat,Home,W,2,0,Aston Villa,0.6,0.7,35,11013,Lloyd Kelly,3/4/2003,4/3/2003,Peter Bankes,Match Report,,7,3,15.7,0,0,0,Bournemouth,2023
8/13/2022,15:00,Premier League,Matchweek 2,Sat,Away,L,0,4,Manchester City,0.1,1.7,33,53453,Lloyd Kelly,3/4/2003,4-2-3-1,David Coote,Match Report,,3,1,20.6,0,0,0,Bournemouth,2023
8/20/2022,17:30,Premier League,Matchweek 3,Sat,Home,L,0,3,Arsenal,0.3,1.3,43,10423,Lloyd Kelly,3-1-4-2,4/3/2003,Craig Pawson,Match Report,,6,1,18.5,1,0,0,Bournemouth,2023
8/27/2022,15:00,Premier League,Matchweek 4,Sat,Away,L,0,9,Liverpool,0.3,3.3,31,53328,Adam Smith,4-2-3-1,4/3/2003,Stuart Attwell,Match Report,,5,2,18.2,0,0,0,Bournemouth,2023
8/31/2022,19:30,Premier League,Matchweek 5,Wed,Home,D,0,0,Wolves,0.4,1.5,35,10113,Lloyd Kelly,4/4/2002,4/3/2003,Anthony Taylor,Match Report,,5,2,16.1,0,0,0,Bournemouth,2023
9/3/2022,15:00,Premier League,Matchweek 6,Sat,Away,W,3,2,Nott'ham Forest,0.8,1.9,48,28720,Lloyd Kelly,4-2-3-1,3/4/2003,Michael Oliver,Match Report,,8,3,17.5,0,0,0,Bournemouth,2023
9/17/2022,15:00,Premier League,Matchweek 8,Sat,Away,D,1,1,Newcastle Utd,0.7,1.9,28,52238,Adam Smith,4-2-3-1,4/3/2003,Craig Pawson,Match Report,,10,3,18.1,0,0,0,Bournemouth,2023
10/1/2022,15:00,Premier League,Matchweek 9,Sat,Home,D,0,0,Brentford,0.4,0.9,42,10126,Adam Smith,4/4/2002,4/3/2003,Thomas Bramall,Match Report,,7,0,15.5,1,0,0,Bournemouth,2023
10/8/2022,15:00,Premier League,Matchweek 10,Sat,Home,W,2,1,Leicester City,1.1,1,45,10272,Adam Smith,4/4/2002,4-1-4-1,Michael Salisbury,Match Report,,10,4,15,1,0,0,Bournemouth,2023
10/15/2022,15:00,Premier League,Matchweek 11,Sat,Away,D,2,2,Fulham,1,2.1,31,22541,Adam Smith,4-2-3-1,4-2-3-1,Graham Scott,Match Report,,10,6,13,0,0,0,Bournemouth,2023
10/19/2022,19:30,Premier League,Matchweek 12,Wed,Home,L,0,1,Southampton,1,1,54,10405,Adam Smith,3/4/2003,4/4/2002,John Brooks,Match Report,,15,3,17.6,1,0,0,Bournemouth,2023
10/24/2022,20:00,Premier League,Matchweek 13,Mon,Away,L,0,2,West Ham,0.4,1.9,45,62447,Adam Smith,4-2-3-1,4-2-3-1,David Coote,Match Report,,5,3,13.6,0,0,0,Bournemouth,2023
10/29/2022,15:00,Premier League,Matchweek 14,Sat,Home,L,2,3,Tottenham,0.5,2,31,10430,Adam Smith,3-5-1-1,3/5/2002,Anthony Taylor,Match Report,,6,4,14,0,0,0,Bournemouth,2023
11/5/2022,15:00,Premier League,Matchweek 15,Sat,Away,L,3,4,Leeds United,1.5,2.2,40,36304,Adam Smith,4/4/2002,4-2-3-1,Tony Harrington,Match Report,,9,5,12.4,0,0,0,Bournemouth,2023
11/12/2022,15:00,Premier League,Matchweek 16,Sat,Home,W,3,0,Everton,2.4,0.8,36,10382,Adam Smith,4/4/2002,4/3/2003,Craig Pawson,Match Report,,16,8,13.6,0,0,0,Bournemouth,2023
12/27/2022,17:30,Premier League,Matchweek 17,Tue,Away,L,0,2,Chelsea,0.5,1.8,40,40046,Lloyd Kelly,5/3/2002,4/3/2003,Simon Hooper,Match Report,,9,4,21,2,0,0,Bournemouth,2023
12/31/2022,15:00,Premier League,Matchweek 18,Sat,Home,L,0,2,Crystal Palace,0.6,1.6,59,9972,Lloyd Kelly,4/4/2002,4-2-3-1,Andre Marriner,Match Report,,6,2,14.8,0,0,0,Bournemouth,2023
1/3/2023,20:00,Premier League,Matchweek 19,Tue,Away,L,0,3,Manchester Utd,0.6,2.2,42,73322,Lloyd Kelly,4/4/2002,4-2-3-1,Michael Salisbury,Match Report,,7,4,15.7,1,0,0,Bournemouth,2023
1/14/2023,17:30,Premier League,Matchweek 20,Sat,Away,L,0,2,Brentford,0.6,1.4,50,17031,Lloyd Kelly,4-4-1-1,4/3/2003,Jarred Gillett,Match Report,,7,2,18.1,0,0,0,Bournemouth,2023
1/21/2023,15:00,Premier League,Matchweek 21,Sat,Home,D,1,1,Nott'ham Forest,1.4,1.9,43,10248,Lloyd Kelly,4/4/2002,4-3-1-2,Andy Madley,Match Report,,16,3,15.4,2,0,0,Bournemouth,2023
2/4/2023,15:00,Premier League,Matchweek 22,Sat,Away,L,0,1,Brighton,1.1,2.2,29,31600,Neto,4-4-1-1,3/4/2003,Craig Pawson,Match Report,,12,2,15.3,0,0,0,Bournemouth,2023
2/11/2023,17:30,Premier League,Matchweek 23,Sat,Home,D,1,1,Newcastle Utd,1.5,1.3,34,10419,Neto,4-4-1-1,4/3/2003,Stuart Attwell,Match Report,,11,4,16.5,1,0,0,Bournemouth,2023
2/18/2023,15:00,Premier League,Matchweek 24,Sat,Away,W,1,0,Wolves,1.1,1.3,32,31222,Neto,4-2-3-1,4-2-3-1,Michael Salisbury,Match Report,,5,1,14,0,0,0,Bournemouth,2023
2/25/2023,17:30,Premier League,Matchweek 25,Sat,Home,L,1,4,Manchester City,1,2.4,35,10481,Neto,5/4/2001,3-2-4-1,Paul Tierney,Match Report,,13,2,14.2,0,0,0,Bournemouth,2023
3/4/2023,15:00,Premier League,Matchweek 26,Sat,Away,L,2,3,Arsenal,1.3,2.1,21,60222,Neto,5/4/2001,4/3/2003,Chris Kavanagh,Match Report,,4,4,8.1,0,0,0,Bournemouth,2023
3/11/2023,12:30,Premier League,Matchweek 27,Sat,Home,W,1,0,Liverpool,0.9,1.7,31,10536,Neto,4-4-1-1,4/3/2003,John Brooks,Match Report,,5,2,12.3,0,0,0,Bournemouth,2023
3/18/2023,15:00,Premier League,Matchweek 28,Sat,Away,L,0,3,Aston Villa,1.3,3.5,44,41021,Neto,4-4-1-1,4-2-3-1,Robert Jones,Match Report,,10,3,12.6,1,0,0,Bournemouth,2023
4/1/2023,15:00,Premier League,Matchweek 29,Sat,Home,W,2,1,Fulham,2.6,0.8,43,10305,Neto,4-4-1-1,4-2-3-1,Peter Bankes,Match Report,,12,6,12.5,0,0,0,Bournemouth,2023
4/4/2023,19:45,Premier League,Matchweek 7,Tue,Home,L,0,2,Brighton,1.7,2.7,37,10266,Neto,4-4-1-1,4-2-3-1,Darren Bond,Match Report,,14,3,15.8,0,0,0,Bournemouth,2023
4/8/2023,15:00,Premier League,Matchweek 30,Sat,Away,W,1,0,Leicester City,1.9,0.6,49,32094,Neto,4-2-3-1,4-2-3-1,David Coote,Match Report,,19,7,14.7,1,0,0,Bournemouth,2023
4/15/2023,15:00,Premier League,Matchweek 31,Sat,Away,W,3,2,Tottenham,1.3,2.2,42,61369,Neto,3/4/2003,3/4/2003,Andy Madley,Match Report,,9,6,17.9,0,0,0,Bournemouth,2023
4/23/2023,14:00,Premier League,Matchweek 32,Sun,Home,L,0,4,West Ham,1.5,2.4,64,10465,Neto,3/4/2003,4/3/2003,Anthony Taylor,Match Report,,17,5,17.4,0,0,0,Bournemouth,2023
4/27/2023,19:45,Premier League,Matchweek 33,Thu,Away,W,1,0,Southampton,0.9,0.5,43,30414,Neto,3/4/2003,4/4/2002,Darren England,Match Report,,16,2,17.6,0,0,0,Bournemouth,2023
4/30/2023,14:00,Premier League,Matchweek 34,Sun,Home,W,4,1,Leeds United,1.9,1.6,42,10434,Neto,4-2-3-1,3/4/2003,Chris Kavanagh,Match Report,,12,7,12.5,0,0,0,Bournemouth,2023
5/6/2023,15:00,Premier League,Matchweek 35,Sat,Home,L,1,3,Chelsea,1.2,1.3,35,10357,Neto,4-2-3-1,4/3/2003,John Brooks,Match Report,,10,4,14.5,0,0,0,Bournemouth,2023
5/13/2023,15:00,Premier League,Matchweek 36,Sat,Away,L,0,2,Crystal Palace,0.3,1.5,41,25034,Neto,4-2-3-1,4-2-3-1,Michael Salisbury,Match Report,,5,0,19.4,1,0,0,Bournemouth,2023
5/20/2023,15:00,Premier League,Matchweek 37,Sat,Home,L,0,1,Manchester Utd,1,1.4,41,10240,Neto,4-2-3-1,4-2-3-1,Chris Kavanagh,Match Report,,10,4,16.2,1,0,0,Bournemouth,2023
5/28/2023,16:30,Premier League,Matchweek 38,Sun,Away,L,0,1,Everton,0.5,1,62,39201,Adam Smith,4-2-3-1,3/4/2003,Stuart Attwell,Match Report,,7,1,14.5,0,0,0,Bournemouth,2023
8/12/2023,15:00,Premier League,Matchweek 1,Sat,Home,D,1,1,West Ham,1.3,1.1,62,11245,Neto,4-2-3-1,4-2-3-1,Peter Bankes,Match Report,,14,5,20.7,1,0,0,Bournemouth,2024
8/19/2023,15:00,Premier League,Matchweek 2,Sat,Away,L,1,3,Liverpool,1.3,3,36,53145,Neto,4-2-3-1,4/3/2003,Thomas Bramall,Match Report,,13,5,19.7,1,0,0,Bournemouth,2024
8/26/2023,12:30,Premier League,Matchweek 3,Sat,Home,L,0,2,Tottenham,0.7,2.1,44,10567,Neto,4-2-3-1,4-2-3-1,Tim Robinson,Match Report,,11,3,17.8,0,0,0,Bournemouth,2024
9/2/2023,15:00,Premier League,Matchweek 4,Sat,Away,D,2,2,Brentford,2.1,2.9,40,16973,Neto,4-2-3-1,4/3/2003,Robert Madley,Match Report,,12,5,15.1,0,0,0,Bournemouth,2024
9/17/2023,14:00,Premier League,Matchweek 5,Sun,Home,D,0,0,Chelsea,1,1.8,36,10421,Neto,4-2-3-1,4-2-3-1,David Coote,Match Report,,13,4,16.7,1,0,0,Bournemouth,2024
9/24/2023,14:00,Premier League,Matchweek 6,Sun,Away,L,1,3,Brighton,1.1,1.9,39,31617,Neto,4-2-3-1,4-2-3-1,John Brooks,Match Report,,12,3,17.6,1,0,0,Bournemouth,2024
9/30/2023,15:00,Premier League,Matchweek 7,Sat,Home,L,0,4,Arsenal,0.6,3.4,43,11193,Neto,4-2-3-1,4/3/2003,Michael Salisbury,Match Report,,8,1,14.1,0,0,0,Bournemouth,2024
10/7/2023,15:00,Premier League,Matchweek 8,Sat,Away,L,0,3,Everton,0.7,2.4,52,38815,Neto,4-2-3-1,4-4-1-1,David Coote,Match Report,,11,3,16.2,0,0,0,Bournemouth,2024
10/21/2023,15:00,Premier League,Matchweek 9,Sat,Home,L,1,2,Wolves,0.6,2.4,35,11175,Neto,4-2-3-1,3/4/2003,Paul Tierney,Match Report,,7,4,17.1,0,0,0,Bournemouth,2024
10/28/2023,15:00,Premier League,Matchweek 10,Sat,Home,W,2,1,Burnley,1.1,0.8,45,11152,Lloyd Kelly,4-2-3-1,4/3/2003,Samuel Barrott,Match Report,,13,6,19.5,2,0,0,Bournemouth,2024
11/4/2023,15:00,Premier League,Matchweek 11,Sat,Away,L,1,6,Manchester City,0.9,1.9,35,53358,Lloyd Kelly,5/4/2001,3/4/2003,Craig Pawson,Match Report,,5,1,11.4,0,0,0,Bournemouth,2024
11/11/2023,17:30,Premier League,Matchweek 12,Sat,Home,W,2,0,Newcastle Utd,2.4,0.5,48,11201,Neto,4-2-3-1,4/3/2003,Chris Kavanagh,Match Report,,19,10,14.9,0,0,0,Bournemouth,2024
11/25/2023,15:00,Premier League,Matchweek 13,Sat,Away,W,3,1,Sheffield Utd,2.9,0.8,54,30208,Neto,4-2-3-1,3/4/2003,Andy Madley,Match Report,,23,11,15.7,0,0,0,Bournemouth,2024
12/3/2023,14:00,Premier League,Matchweek 14,Sun,Home,D,2,2,Aston Villa,2,0.7,38,11191,Neto,4-2-3-1,4/4/2002,Thomas Bramall,Match Report,,15,7,13.6,0,0,0,Bournemouth,2024
12/6/2023,19:30,Premier League,Matchweek 15,Wed,Away,W,2,0,Crystal Palace,1.8,1,41,25078,Neto,4-2-3-1,4-2-3-1,Craig Pawson,Match Report,,11,4,11.5,0,0,0,Bournemouth,2024
12/9/2023,15:00,Premier League,Matchweek 16,Sat,Away,W,3,0,Manchester Utd,1.5,1.1,32,73427,Neto,4-2-3-1,4-2-3-1,Peter Bankes,Match Report,,10,4,12.7,0,0,0,Bournemouth,2024
12/23/2023,15:00,Premier League,Matchweek 18,Sat,Away,W,3,2,Nott'ham Forest,1.6,1,66,29188,Neto,4-2-3-1,4-2-3-1,Robert Jones,Match Report,,18,6,15.9,1,0,0,Bournemouth,2024
12/26/2023,15:00,Premier League,Matchweek 19,Tue,Home,W,3,0,Fulham,1.8,0.3,43,11099,Neto,4-2-3-1,4-2-3-1,Tim Robinson,Match Report,,15,3,18.5,0,1,1,Bournemouth,2024
12/31/2023,14:00,Premier League,Matchweek 20,Sun,Away,L,1,3,Tottenham,1.7,2.3,50,61780,Neto,4-2-3-1,4/3/2003,Simon Hooper,Match Report,,24,4,17.2,1,0,0,Bournemouth,2024
1/21/2024,16:30,Premier League,Matchweek 21,Sun,Home,L,0,4,Liverpool,1.4,1.5,40,11228,Neto,4-2-3-1,4/3/2003,Andy Madley,Match Report,,11,1,19.8,0,0,0,Bournemouth,2024
2/1/2024,19:30,Premier League,Matchweek 22,Thu,Away,D,1,1,West Ham,1.2,1.4,52,62478,Neto,4-2-3-1,4-3-2-1,Tim Robinson,Match Report,,9,4,17.2,0,0,0,Bournemouth,2024
2/4/2024,14:00,Premier League,Matchweek 23,Sun,Home,D,1,1,Nott'ham Forest,1.3,0.5,45,11200,Neto,4-2-3-1,4-2-3-1,Rebecca Welch,Match Report,,9,1,16.7,1,0,0,Bournemouth,2024
2/10/2024,15:00,Premier League,Matchweek 24,Sat,Away,L,1,3,Fulham,1.8,1.6,51,24271,Neto,4-2-3-1,4-2-3-1,Darren England,Match Report,,25,4,16.7,1,0,0,Bournemouth,2024
2/17/2024,15:00,Premier League,Matchweek 25,Sat,Away,D,2,2,Newcastle Utd,2.2,2.2,38,52224,Neto,4-2-3-1,4/3/2003,Michael Salisbury,Match Report,,12,6,20.3,0,0,0,Bournemouth,2024
2/24/2024,17:30,Premier League,Matchweek 26,Sat,Home,L,0,1,Manchester City,0.9,1.6,38,11184,Neto,4-2-3-1,3-2-4-1,Jarred Gillett,Match Report,,13,4,17.1,0,0,0,Bournemouth,2024
3/3/2024,13:00,Premier League,Matchweek 27,Sun,Away,W,2,0,Burnley,1.1,1.5,26,19713,Neto,4-2-3-1,4/4/2002,David Coote,Match Report,,10,3,15.1,1,0,0,Bournemouth,2024
3/9/2024,15:00,Premier League,Matchweek 28,Sat,Home,D,2,2,Sheffield Utd,3.3,1.2,69,11074,Neto,4-2-3-1,3/5/2002,Anthony Taylor,Match Report,,31,11,16.9,0,0,1,Bournemouth,2024
3/13/2024,19:30,Premier League,Matchweek 17,Wed,Home,W,4,3,Luton Town,2.3,2,59,11198,Neto,4-2-3-1,3/4/2003,Samuel Allison,Match Report,,24,9,15.5,0,0,0,Bournemouth,2024
3/30/2024,15:00,Premier League,Matchweek 30,Sat,Home,W,2,1,Everton,1.3,1,48,11207,Neto,4-2-3-1,4-4-1-1,Samuel Barrott,Match Report,,11,4,15.6,1,0,0,Bournemouth,2024
4/2/2024,19:45,Premier League,Matchweek 31,Tue,Home,W,1,0,Crystal Palace,1.1,0.2,50,11058,Neto,4/3/2003,3/4/2003,Graham Scott,Match Report,,11,6,18.7,2,0,0,Bournemouth,2024
4/6/2024,15:00,Premier League,Matchweek 32,Sat,Away,L,1,2,Luton Town,0.4,1.5,45,11797,Neto,4-2-3-1,3/4/2003,Andy Madley,Match Report,,8,1,19.1,1,0,0,Bournemouth,2024
4/13/2024,17:30,Premier League,Matchweek 33,Sat,Home,D,2,2,Manchester Utd,1.6,1.2,43,11229,Neto,4-2-3-1,4-2-3-1,Tony Harrington,Match Report,,20,5,16.8,1,0,0,Bournemouth,2024
4/21/2024,15:00,Premier League,Matchweek 34,Sun,Away,L,1,3,Aston Villa,1.8,2.4,44,42189,Neto,4-2-3-1,4-2-3-1,Tim Robinson,Match Report,,13,4,16.4,0,1,1,Bournemouth,2024
4/24/2024,19:45,Premier League,Matchweek 29,Wed,Away,W,1,0,Wolves,1.9,0.5,37,25541,Adam Smith,4-2-3-1,4-1-4-1,Stuart Attwell,Match Report,,21,6,16.7,0,0,0,Bournemouth,2024
4/28/2024,14:00,Premier League,Matchweek 35,Sun,Home,W,3,0,Brighton,1.9,0.9,31,11188,Adam Smith,4/4/2002,4-2-3-1,Paul Tierney,Match Report,,15,6,14.4,1,0,0,Bournemouth,2024
5/4/2024,12:30,Premier League,Matchweek 36,Sat,Away,L,0,3,Arsenal,0.5,3.3,45,60348,Adam Smith,4/3/2003,4/3/2003,David Coote,Match Report,,7,2,20.4,1,0,0,Bournemouth,2024
5/11/2024,15:00,Premier League,Matchweek 37,Sat,Home,L,1,2,Brentford,0.7,1.1,48,11154,Adam Smith,4-2-3-1,4/3/2003,Matt Donohue,Match Report,,13,4,17.1,0,0,0,Bournemouth,2024
5/19/2024,16:00,Premier League,Matchweek 38,Sun,Away,L,1,2,Chelsea,2.2,1.1,39,39724,Neto,4-2-3-1,4-2-3-1,Anthony Taylor,Match Report,,22,5,16.8,0,0,0,Bournemouth,2024
8/17/2024,15:00,Premier League,Matchweek 1,Sat,Away,D,1,1,Nott'ham Forest,1.2,1.3,47,29763,Neto,4-2-3-1,4-2-3-1,Michael Oliver,Match Report,,13,4,19.6,1,0,0,Bournemouth,2025
8/25/2024,14:00,Premier League,Matchweek 2,Sun,Home,D,1,1,Newcastle Utd,2.2,1.6,39,11161,Neto,4-2-3-1,4/3/2003,David Coote,Match Report,,16,4,16.5,1,0,0,Bournemouth,2025
8/31/2024,15:00,Premier League,Matchweek 3,Sat,Away,W,3,2,Everton,2.4,1.8,53,38805,Lewis Cook,4-2-3-1,4-2-3-1,Stuart Attwell,Match Report,,17,7,14.9,0,0,0,Bournemouth,2025
9/14/2024,20:00,Premier League,Matchweek 4,Sat,Home,L,0,1,Chelsea,1.7,0.8,34,11235,Adam Smith,4-2-3-1,4-2-3-1,Anthony Taylor,Match Report,,18,6,22.4,0,0,1,Bournemouth,2025
9/21/2024,15:00,Premier League,Matchweek 5,Sat,Away,L,0,3,Liverpool,1.1,2,42,60347,Lewis Cook,4-2-3-1,4-2-3-1,Tony Harrington,Match Report,,19,6,18.7,1,0,0,Bournemouth,2025
9/30/2024,20:00,Premier League,Matchweek 6,Mon,Home,W,3,1,Southampton,1.3,0.6,40,11243,Adam Smith,4-2-3-1,4-2-3-1,Michael Oliver,Match Report,,14,6,18.8,0,0,0,Bournemouth,2025
10/5/2024,15:00,Premier League,Matchweek 7,Sat,Away,L,0,1,Leicester City,2.1,0.8,55,31706,Adam Smith,4-2-3-1,4-2-3-1,Darren Bond,Match Report,,19,2,14.3,0,0,0,Bournemouth,2025
10/19/2024,17:30,Premier League,Matchweek 8,Sat,Home,W,2,0,Arsenal,1.8,0.7,49,11235,Lewis Cook,4-2-3-1,4-2-3-1,Robert Jones,Match Report,,12,3,18.9,0,1,1,Bournemouth,2025
10/26/2024,15:00,Premier League,Matchweek 9,Sat,Away,D,1,1,Aston Villa,0.3,1.8,43,42165,Lewis Cook,4-2-3-1,4-4-1-1,Chris Kavanagh,Match Report,,10,3,21.6,0,0,0,Bournemouth,2025
11/2/2024,15:00,Premier League,Matchweek 10,Sat,Home,W,2,1,Manchester City,2,1.6,36,11231,Adam Smith,4-2-3-1,4-1-4-1,Michael Oliver,Match Report,,12,6,16,0,0,0,Bournemouth,2025
11/9/2024,15:00,Premier League,Matchweek 11,Sat,Away,L,2,3,Brentford,2.6,1.5,49,16587,Adam Smith,4-2-3-1,4/3/2003,Darren Bond,Match Report,,15,3,14.8,1,0,0,Bournemouth,2025
11/23/2024,15:00,Premier League,Matchweek 12,Sat,Home,L,1,2,Brighton,1.6,0.9,55,11196,Adam Smith,4-2-3-1,4-2-3-1,Stuart Attwell,Match Report,,19,5,15.5,0,0,0,Bournemouth,2025
11/30/2024,15:00,Premier League,Matchweek 13,Sat,Away,W,4,2,Wolves,3.3,0.5,40,26685,Adam Smith,4-2-3-1,4-2-3-1,Peter Bankes,Match Report,,9,5,21.4,0,3,3,Bournemouth,2025
12/5/2024,20:15,Premier League,Matchweek 14,Thu,Home,W,1,0,Tottenham,3.5,0.9,35,11234,Adam Smith,4-2-3-1,4/3/2003,Simon Hooper,Match Report,,21,8,13.8,0,0,0,Bournemouth,2025
12/8/2024,14:00,Premier League,Matchweek 15,Sun,Away,W,2,1,Ipswich Town,3.2,1.3,56,29180,Adam Smith,4-2-3-1,4-2-3-1,Michael Salisbury,Match Report,,22,6,16.4,0,0,0,Bournemouth,2025
12/16/2024,20:00,Premier League,Matchweek 16,Mon,Home,D,1,1,West Ham,1.9,2.1,52,11204,Adam Smith,4-2-3-1,4-1-4-1,Chris Kavanagh,Match Report,,29,9,18.3,1,0,0,Bournemouth,2025
12/22/2024,14:00,Premier League,Matchweek 17,Sun,Away,W,3,0,Manchester Utd,1.6,2.2,40,73720,Adam Smith,4-2-3-1,3/4/2003,Craig Pawson,Match Report,,9,4,19.7,0,1,1,Bournemouth,2025
12/26/2024,15:00,Premier League,Matchweek 18,Thu,Home,D,0,0,Crystal Palace,1.4,0.4,52,11129,Lewis Cook,4-2-3-1,3/4/2003,Thomas Bramall,Match Report,,18,3,14.2,1,0,0,Bournemouth,2025
12/29/2024,15:00,Premier League,Matchweek 19,Sun,Away,D,2,2,Fulham,2,1.1,48,27301,Lewis Cook,4-2-3-1,4/5/2001,Robert Jones,Match Report,,16,8,13.7,0,0,0,Bournemouth,2025
1/4/2025,15:00,Premier League,Matchweek 20,Sat,Home,W,1,0,Everton,1.8,0.7,58,11223,Lewis Cook,4-2-3-1,4-2-3-1,John Brooks,Match Report,,19,8,14.8,0,0,0,Bournemouth,2025
1/14/2025,19:30,Premier League,Matchweek 21,Tue,Away,D,2,2,Chelsea,1.2,2.5,43,39092,Lewis Cook,4-2-3-1,4-2-3-1,Robert Jones,Match Report,,6,2,18.6,0,1,1,Bournemouth,2025
1/18/2025,12:30,Premier League,Matchweek 22,Sat,Away,W,4,1,Newcastle Utd,2,0.8,44,52227,Lewis Cook,4-2-3-1,4/3/2003,Stuart Attwell,Match Report,,19,10,13.4,0,0,0,Bournemouth,2025
1/25/2025,15:00,Premier League,Matchweek 23,Sat,Home,W,5,0,Nott'ham Forest,1.7,1,50,11228,Lewis Cook,4-2-3-1,4-2-3-1,Craig Pawson,Match Report,,16,10,16.3,1,0,0,Bournemouth,2025
2/1/2025,15:00,Premier League,Matchweek 24,Sat,Home,L,0,2,Liverpool,1.6,2.5,49,11239,Lewis Cook,4-2-3-1,4-2-3-1,Darren England,Match Report,,14,3,17.4,0,0,0,Bournemouth,2025
2/15/2025,15:00,Premier League,Matchweek 25,Sat,Away,W,3,1,Southampton,1.2,0.8,56,31037,Lewis Cook,4-2-3-1,3-4-1-2,Jarred Gillett,Match Report,,14,7,16.7,0,0,0,Bournemouth,2025
2/22/2025,15:00,Premier League,Matchweek 26,Sat,Home,L,0,1,Wolves,0.9,2,46,11206,Lewis Cook,4-2-3-1,3/4/2003,Michael Salisbury,Match Report,,8,3,17.1,0,0,0,Bournemouth,2025
2/25/2025,19:30,Premier League,Matchweek 27,Tue,Away,L,1,2,Brighton,1.5,2.4,56,31138,Lewis Cook,4-2-3-1,4-2-3-1,Michael Oliver,Match Report,,19,5,16.9,0,0,0,Bournemouth,2025
3/9/2025,14:00,Premier League,Matchweek 28,Sun,Away,D,2,2,Tottenham,2.2,1.5,39,61178,Lewis Cook,4-2-3-1,4/3/2003,John Brooks,Match Report,,17,8,14,1,0,0,Bournemouth,2025
3/15/2025,17:30,Premier League,Matchweek 29,Sat,Home,L,1,2,Brentford,1.6,0.8,58,11180,Lewis Cook,4-2-3-1,4-2-3-1,Craig Pawson,Match Report,,17,5,16.6,0,0,0,Bournemouth,2025
4/2/2025,19:45,Premier League,Matchweek 30,Wed,Home,L,1,2,Ipswich Town,1.8,1.2,63,11192,Adam Smith,4-2-3-1,4-2-3-1,Robert Jones,Match Report,,24,6,19.3,0,0,0,Bournemouth,2025
4/5/2025,15:00,Premier League,Matchweek 31,Sat,Away,D,2,2,West Ham,2.1,0.7,44,62459,Adam Smith,4-2-3-1,4-2-3-1,Tim Robinson,Match Report,,11,4,14.1,0,0,0,Bournemouth,2025
4/14/2025,20:00,Premier League,Matchweek 32,Mon,Home,W,1,0,Fulham,1.4,1,41,11195,Adam Smith,4-2-3-1,4-2-3-1,Michael Oliver,Match Report,,12,3,15.6,0,0,0,Bournemouth,2025
4/19/2025,15:00,Premier League,Matchweek 33,Sat,Away,D,0,0,Crystal Palace,0.7,0.4,71,25185,Adam Smith,4-2-3-1,3/4/2003,Samuel Barrott,Match Report,,15,4,18.6,0,0,0,Bournemouth,2025
4/27/2025,14:00,Premier League,Matchweek 34,Sun,Home,D,1,1,Manchester Utd,0.5,2.3,39,11241,Adam Smith,4-2-3-1,3/4/2003,Peter Bankes,Match Report,,8,1,17.2,1,0,0,Bournemouth,2025
5/3/2025,17:30,Premier League,Matchweek 35,Sat,Away,W,2,1,Arsenal,0.9,1.4,49,60110,Lewis Cook,4-2-3-1,4/3/2003,Jarred Gillett,Match Report,,9,2,15.2,0,0,0,Bournemouth,2025
5/10/2025,17:30,Premier League,Matchweek 36,Sat,Home,L,0,1,Aston Villa,0.8,1,66,11187,Adam Smith,4-2-3-1,4-2-3-1,Stuart Attwell,Match Report,,10,4,15.6,0,0,0,Bournemouth,2025
5/20/2025,20:00,Premier League,Matchweek 37,Tue,Away,L,1,3,Manchester City,1.1,1.5,43,52487,Lewis Cook,4-2-3-1,4-2-3-1,Thomas Bramall,Match Report,,8,2,14.8,0,0,0,Bournemouth,2025
5/25/2025,16:00,Premier League,Matchweek 38,Sun,Home,W,2,0,Leicester City,1.6,0.3,63,11238,Adam Smith,4-2-3-1,4-2-3-1,Lewis Smith,Match Report,,20,7,17.5,1,0,0,Bournemouth,2025
8/13/2021,20:00,Premier League,Matchweek 1,Fri,Home,W,2,0,Arsenal,1.2,1.3,36,16479,Pontus Jansson,3/5/2002,4-2-3-1,Michael Oliver,Match Report,,8,3,12.1,0,0,0,Brentford,2022
8/21/2021,15:00,Premier League,Matchweek 2,Sat,Away,D,0,0,Crystal Palace,0.9,0.5,47,23091,Pontus Jansson,3/5/2002,4/3/2003,Martin Atkinson,Match Report,,14,3,18,1,0,0,Brentford,2022
8/28/2021,15:00,Premier League,Matchweek 3,Sat,Away,D,1,1,Aston Villa,0.9,0.7,54,42045,Pontus Jansson,3-4-1-2,4-1-4-1,Peter Bankes,Match Report,,9,2,15.6,0,0,0,Brentford,2022
9/11/2021,15:00,Premier League,Matchweek 4,Sat,Home,L,0,1,Brighton,0.4,0.3,41,16518,Pontus Jansson,3/5/2002,3-4-1-2,Graham Scott,Match Report,,7,1,20.3,0,0,0,Brentford,2022
9/18/2021,12:30,Premier League,Matchweek 5,Sat,Away,W,2,0,Wolves,2.5,0.6,38,30000,Pontus Jansson,3/5/2002,3/4/2003,Darren England,Match Report,,8,2,18.7,0,1,1,Brentford,2022
9/25/2021,17:30,Premier League,Matchweek 6,Sat,Home,D,3,3,Liverpool,2.1,2.8,33,16876,Pontus Jansson,3/5/2002,4/3/2003,Stuart Attwell,Match Report,,12,3,12,0,0,0,Brentford,2022
10/3/2021,14:00,Premier League,Matchweek 7,Sun,Away,W,2,1,West Ham,1.2,1.5,41,49940,Pontus Jansson,3/5/2002,4-2-3-1,Peter Bankes,Match Report,,13,6,13.9,1,0,0,Brentford,2022
10/16/2021,17:30,Premier League,Matchweek 8,Sat,Home,L,0,1,Chelsea,1.4,0.3,45,16940,Pontus Jansson,3/5/2002,3/5/2002,Anthony Taylor,Match Report,,17,6,14.5,0,0,0,Brentford,2022
10/24/2021,14:00,Premier League,Matchweek 9,Sun,Home,L,1,2,Leicester City,1,1.5,54,16814,Pontus Jansson,3/5/2002,3-4-1-2,Simon Hooper,Match Report,,15,5,16.3,0,0,0,Brentford,2022
10/30/2021,15:00,Premier League,Matchweek 10,Sat,Away,L,1,3,Burnley,0.8,2.3,59,18821,Pontus Jansson,3/5/2002,4/4/2002,Jonathan Moss,Match Report,,12,4,18.2,1,0,0,Brentford,2022
11/6/2021,15:00,Premier League,Matchweek 11,Sat,Home,L,1,2,Norwich City,2.5,1.2,64,16837,Pontus Jansson,3/5/2002,4-2-3-1,Jarred Gillett,Match Report,,19,7,10.8,0,0,0,Brentford,2022
11/20/2021,15:00,Premier League,Matchweek 12,Sat,Away,D,3,3,Newcastle Utd,0.9,1.5,47,52131,Pontus Jansson,3/5/2002,3/4/2003,Robert Jones,Match Report,,10,3,18.5,1,0,0,Brentford,2022
11/28/2021,14:00,Premier League,Matchweek 13,Sun,Home,W,1,0,Everton,1.2,1,40,16957,Pontus Jansson,3/5/2002,4-4-1-1,Darren England,Match Report,,5,3,18.9,0,1,1,Brentford,2022
12/2/2021,19:30,Premier League,Matchweek 14,Thu,Away,L,0,2,Tottenham,0.3,1.9,53,54202,Pontus Jansson,3/5/2002,3/4/2003,Jonathan Moss,Match Report,,6,2,17.1,0,0,0,Brentford,2022
12/5/2021,14:00,Premier League,Matchweek 15,Sun,Away,D,2,2,Leeds United,1,1.2,37,35639,Pontus Jansson,3/5/2002,3/4/2003,David Coote,Match Report,,9,3,16.7,1,0,0,Brentford,2022
12/10/2021,20:00,Premier League,Matchweek 16,Fri,Home,W,2,1,Watford,1.6,0.5,63,16861,Pontus Jansson,3/5/2002,4-2-3-1,Michael Oliver,Match Report,,13,4,15.5,0,1,1,Brentford,2022
12/26/2021,20:00,Premier League,Matchweek 19,Sun,Away,L,0,2,Brighton,0.7,0.8,50,30141,Pontus Jansson,3/5/2002,4-1-2-1-2,Darren England,Match Report,,16,5,17.1,0,0,0,Brentford,2022
12/29/2021,20:15,Premier League,Matchweek 20,Wed,Home,L,0,1,Manchester City,0.4,1.1,24,17009,Pontus Jansson,3/5/2002,4/3/2003,David Coote,Match Report,,6,2,24.6,0,0,0,Brentford,2022
1/2/2022,14:00,Premier League,Matchweek 21,Sun,Home,W,2,1,Aston Villa,0.6,0.8,45,16876,Pontus Jansson,3/5/2002,4/3/2003,Craig Pawson,Match Report,,10,4,17.7,0,0,0,Brentford,2022
1/11/2022,19:45,Premier League,Matchweek 18,Tue,Away,L,1,4,Southampton,0.5,1.4,52,27383,Pontus Jansson,3/5/2002,3/5/2002,Stuart Attwell,Match Report,,5,4,12.8,0,0,0,Brentford,2022
1/16/2022,14:00,Premier League,Matchweek 22,Sun,Away,L,0,3,Liverpool,0.7,2.7,32,52824,Pontus Jansson,3/5/2002,4/3/2003,Jonathan Moss,Match Report,,6,1,21.2,0,0,0,Brentford,2022
1/19/2022,20:00,Premier League,Matchweek 17,Wed,Home,L,1,3,Manchester Utd,2.3,2.3,44,17094,Pontus Jansson,3/5/2002,4-2-3-1,Andre Marriner,Match Report,,18,9,16.7,0,0,0,Brentford,2022
1/22/2022,15:00,Premier League,Matchweek 23,Sat,Home,L,1,2,Wolves,1.1,0.2,50,16982,Pontus Jansson,3/5/2002,3/5/2002,Peter Bankes,Match Report,,11,1,13.6,1,0,0,Brentford,2022
2/9/2022,19:45,Premier League,Matchweek 24,Wed,Away,L,0,2,Manchester City,0.4,1.9,26,51658,Pontus Jansson,3/5/2002,4/3/2003,Darren England,Match Report,,6,2,18.3,0,0,0,Brentford,2022
2/12/2022,15:00,Premier League,Matchweek 25,Sat,Home,D,0,0,Crystal Palace,1.6,0.3,42,16958,Pontus Jansson,3/5/2002,4/3/2003,Simon Hooper,Match Report,,9,2,12.9,0,0,0,Brentford,2022
2/19/2022,15:00,Premier League,Matchweek 26,Sat,Away,L,1,2,Arsenal,0.6,1.7,34,59249,Pontus Jansson,3/5/2002,4-2-3-1,Jonathan Moss,Match Report,,6,2,20.7,0,0,0,Brentford,2022
2/26/2022,15:00,Premier League,Matchweek 27,Sat,Home,L,0,2,Newcastle Utd,0.4,2.7,37,17039,Pontus Jansson,4/3/2003,4/3/2003,Mike Dean,Match Report,,6,1,16.5,0,0,0,Brentford,2022
3/5/2022,15:00,Premier League,Matchweek 28,Sat,Away,W,3,1,Norwich City,2,1,40,26887,Pontus Jansson,4/5/2001,4-2-3-1,Anthony Taylor,Match Report,,8,4,21.4,0,2,2,Brentford,2022
3/12/2022,15:00,Premier League,Matchweek 29,Sat,Home,W,2,0,Burnley,1.9,0.7,55,17088,Pontus Jansson,4/5/2001,4/4/2002,Paul Tierney,Match Report,,12,2,21.5,0,1,1,Brentford,2022
3/20/2022,14:00,Premier League,Matchweek 30,Sun,Away,L,1,2,Leicester City,1.3,1,48,31830,Pontus Jansson,4/5/2001,4-2-3-1,Darren England,Match Report,,15,6,14.9,0,0,0,Brentford,2022
4/2/2022,15:00,Premier League,Matchweek 31,Sat,Away,W,4,1,Chelsea,1.8,1.3,30,39061,Pontus Jansson,5/3/2002,4/3/2003,Andy Madley,Match Report,,17,6,13.5,1,0,0,Brentford,2022
4/10/2022,14:00,Premier League,Matchweek 32,Sun,Home,W,2,0,West Ham,1.4,0.3,47,17032,Christian Nørgaard,4/3/2003,4-2-3-1,Martin Atkinson,Match Report,,15,7,15.8,0,0,0,Brentford,2022
4/16/2022,15:00,Premier League,Matchweek 33,Sat,Away,W,2,1,Watford,1.9,1.7,50,21045,Pontus Jansson,4/3/2003,4/3/2003,Simon Hooper,Match Report,,16,5,19.7,0,0,0,Brentford,2022
4/23/2022,17:30,Premier League,Matchweek 34,Sat,Home,D,0,0,Tottenham,0.9,0.6,44,17072,Pontus Jansson,5/3/2002,3/4/2003,Martin Atkinson,Match Report,,15,1,15.3,1,0,0,Brentford,2022
5/2/2022,20:00,Premier League,Matchweek 35,Mon,Away,L,0,3,Manchester Utd,0.6,2,37,73482,Pontus Jansson,5/3/2002,4-2-3-1,Chris Kavanagh,Match Report,,12,4,18.9,1,0,0,Brentford,2022
5/7/2022,15:00,Premier League,Matchweek 36,Sat,Home,W,3,0,Southampton,2.6,1.4,41,17051,Pontus Jansson,4/3/2003,4/4/2002,Michael Salisbury,Match Report,,18,5,13.9,1,0,0,Brentford,2022
5/15/2022,16:30,Premier League,Matchweek 37,Sun,Away,W,3,2,Everton,1.4,2.1,72,38819,Pontus Jansson,4/3/2003,3/4/2003,Michael Oliver,Match Report,,18,6,18.1,1,0,0,Brentford,2022
5/22/2022,16:00,Premier League,Matchweek 38,Sun,Home,L,1,2,Leeds United,0.8,1.3,49,16957,Pontus Jansson,4/3/2003,4-4-1-1,Paul Tierney,Match Report,,14,5,13.7,0,0,0,Brentford,2022
8/7/2022,14:00,Premier League,Matchweek 1,Sun,Away,D,2,2,Leicester City,0.8,0.6,44,31794,Pontus Jansson,4/3/2003,3-5-1-1,Jarred Gillett,Match Report,,8,3,17,0,0,0,Brentford,2023
8/13/2022,17:30,Premier League,Matchweek 2,Sat,Home,W,4,0,Manchester Utd,1.6,0.9,34,17051,Pontus Jansson,5/3/2002,4-2-3-1,Stuart Attwell,Match Report,,13,7,18.6,1,0,0,Brentford,2023
8/20/2022,15:00,Premier League,Matchweek 3,Sat,Away,L,2,3,Fulham,1.8,2.4,57,21798,Pontus Jansson,4/3/2003,4-2-3-1,Peter Bankes,Match Report,,13,5,14.1,0,0,0,Brentford,2023
8/27/2022,15:00,Premier League,Matchweek 4,Sat,Home,D,1,1,Everton,2.1,1.1,58,17009,Christian Nørgaard,4/3/2003,3/4/2003,John Brooks,Match Report,,20,5,14.8,0,0,0,Brentford,2023
8/30/2022,19:30,Premier League,Matchweek 5,Tue,Away,D,1,1,Crystal Palace,1.4,1,51,25043,Ivan Toney,4/3/2003,4-1-4-1,Simon Hooper,Match Report,,9,3,10.7,0,0,0,Brentford,2023
9/3/2022,15:00,Premier League,Matchweek 6,Sat,Home,W,5,2,Leeds United,2.3,1.7,32,17092,Pontus Jansson,4/3/2003,4-2-3-1,Robert Jones,Match Report,,13,7,18.8,2,1,1,Brentford,2023
9/18/2022,12:00,Premier League,Matchweek 8,Sun,Home,L,0,3,Arsenal,0.5,1.5,37,17122,Pontus Jansson,3/5/2002,4/3/2003,David Coote,Match Report,,5,2,13.9,1,0,0,Brentford,2023
10/1/2022,15:00,Premier League,Matchweek 9,Sat,Away,D,0,0,Bournemouth,0.9,0.4,58,10126,Pontus Jansson,4/3/2003,4/4/2002,Thomas Bramall,Match Report,,13,4,15.2,1,0,0,Brentford,2023
10/8/2022,15:00,Premier League,Matchweek 10,Sat,Away,L,1,5,Newcastle Utd,1.2,1.5,46,52067,Ivan Toney,3/5/2002,4/3/2003,John Brooks,Match Report,,5,2,18.2,0,1,1,Brentford,2023
10/14/2022,20:00,Premier League,Matchweek 11,Fri,Home,W,2,0,Brighton,1.5,1.9,28,17016,Ivan Toney,4/3/2003,4/4/2002,Michael Salisbury,Match Report,,6,1,16.3,0,1,1,Brentford,2023
10/19/2022,19:30,Premier League,Matchweek 12,Wed,Home,D,0,0,Chelsea,1.3,0.9,34,17118,Ivan Toney,3/5/2002,3-5-1-1,Jarred Gillett,Match Report,,8,5,14.5,0,0,0,Brentford,2023
10/23/2022,14:00,Premier League,Matchweek 13,Sun,Away,L,0,4,Aston Villa,0.9,2.8,55,41693,Ivan Toney,3/5/2002,4-2-3-1,Darren England,Match Report,,12,3,16.8,0,0,0,Brentford,2023
10/29/2022,15:00,Premier League,Matchweek 14,Sat,Home,D,1,1,Wolves,1.4,0.6,58,17051,Ivan Toney,4/3/2003,4-2-3-1,Robert Madley,Match Report,,12,3,15.4,0,0,0,Brentford,2023
11/5/2022,15:00,Premier League,Matchweek 15,Sat,Away,D,2,2,Nott'ham Forest,1.5,1.5,52,28869,David Raya,4/3/2003,4-3-1-2,Andre Marriner,Match Report,,5,1,20.3,0,1,1,Brentford,2023
11/12/2022,12:30,Premier League,Matchweek 16,Sat,Away,W,2,1,Manchester City,1.3,1.6,26,52786,Ivan Toney,3/5/2002,4/3/2003,Peter Bankes,Match Report,,10,7,15.2,0,0,0,Brentford,2023
12/26/2022,12:30,Premier League,Matchweek 17,Mon,Home,D,2,2,Tottenham,2,1.1,39,17137,Christian Nørgaard,3/5/2002,3/4/2003,David Coote,Match Report,,9,4,10.2,0,0,0,Brentford,2023
12/30/2022,19:45,Premier League,Matchweek 18,Fri,Away,W,2,0,West Ham,1.6,1.3,37,62467,Christian Nørgaard,3/5/2002,3/4/2003,Darren England,Match Report,,9,6,13.4,1,0,0,Brentford,2023
1/2/2023,17:30,Premier League,Matchweek 19,Mon,Home,W,3,1,Liverpool,1.6,0.9,28,17163,Christian Nørgaard,3/5/2002,4/3/2003,Stuart Attwell,Match Report,,10,7,10.5,0,0,0,Brentford,2023
1/14/2023,17:30,Premier League,Matchweek 20,Sat,Home,W,2,0,Bournemouth,1.4,0.6,50,17031,Christian Nørgaard,4/3/2003,4-4-1-1,Jarred Gillett,Match Report,,11,3,23.3,0,1,1,Brentford,2023
1/22/2023,14:00,Premier League,Matchweek 21,Sun,Away,D,0,0,Leeds United,0.4,0.5,42,36260,Christian Nørgaard,3/5/2002,4-2-3-1,Peter Bankes,Match Report,,6,0,24.2,1,0,0,Brentford,2023
2/4/2023,15:00,Premier League,Matchweek 22,Sat,Home,W,3,0,Southampton,2,0.7,49,17051,Christian Nørgaard,4/3/2003,4-2-3-1,Darren Bond,Match Report,,14,3,12.1,0,0,0,Brentford,2023
2/11/2023,15:00,Premier League,Matchweek 23,Sat,Away,D,1,1,Arsenal,2,1.6,31,60254,Christian Nørgaard,3/5/2002,4/3/2003,Peter Bankes,Match Report,,9,2,12.9,0,0,0,Brentford,2023
2/18/2023,15:00,Premier League,Matchweek 24,Sat,Home,D,1,1,Crystal Palace,0.9,1.1,59,17122,Christian Nørgaard,4/3/2003,4-2-3-1,Paul Tierney,Match Report,,12,5,19,0,0,0,Brentford,2023
3/6/2023,20:00,Premier League,Matchweek 26,Mon,Home,W,3,2,Fulham,2.1,1.4,37,17025,Christian Nørgaard,4/3/2003,4-2-3-1,Anthony Taylor,Match Report,,13,5,19.8,2,1,1,Brentford,2023
3/11/2023,15:00,Premier League,Matchweek 27,Sat,Away,L,0,1,Everton,2,1,67,39274,Christian Nørgaard,4/3/2003,4/5/2001,Simon Hooper,Match Report,,12,3,13,1,0,0,Brentford,2023
3/15/2023,19:30,Premier League,Matchweek 7,Wed,Away,W,2,0,Southampton,1.9,0.5,34,30438,Christian Nørgaard,4/3/2003,4-2-3-1,Michael Salisbury,Match Report,,11,4,18.3,0,0,0,Brentford,2023
3/18/2023,15:00,Premier League,Matchweek 28,Sat,Home,D,1,1,Leicester City,0.6,1.3,53,17006,Christian Nørgaard,4/3/2003,4-2-3-1,Darren Bond,Match Report,,11,2,17.5,0,0,0,Brentford,2023
4/1/2023,15:00,Premier League,Matchweek 29,Sat,Away,D,3,3,Brighton,1.6,4.2,28,31493,Pontus Jansson,5/3/2002,4-2-3-1,Michael Oliver,Match Report,,7,5,15.6,1,0,0,Brentford,2023
4/5/2023,20:00,Premier League,Matchweek 25,Wed,Away,L,0,1,Manchester Utd,0.7,1.2,36,73309,Pontus Jansson,5/3/2002,4-2-3-1,John Brooks,Match Report,,6,1,16.5,0,0,0,Brentford,2023
4/8/2023,15:00,Premier League,Matchweek 30,Sat,Home,L,1,2,Newcastle Utd,2.6,1.3,42,17107,Pontus Jansson,5/3/2002,4/3/2003,Chris Kavanagh,Match Report,,10,4,15.5,0,1,2,Brentford,2023
4/15/2023,15:00,Premier League,Matchweek 31,Sat,Away,L,0,2,Wolves,1.1,0.8,50,30769,Christian Nørgaard,4/3/2003,4/4/2002,Paul Tierney,Match Report,,10,3,15.6,0,0,0,Brentford,2023
4/22/2023,15:00,Premier League,Matchweek 32,Sat,Home,D,1,1,Aston Villa,2.7,1.5,44,17098,Christian Nørgaard,4/3/2003,4-2-3-1,Michael Salisbury,Match Report,,16,5,16,1,0,0,Brentford,2023
4/26/2023,19:45,Premier League,Matchweek 33,Wed,Away,W,2,0,Chelsea,1.1,1.3,29,39929,Ivan Toney,5/3/2002,3/4/2003,Andy Madley,Match Report,,7,1,11.5,0,0,0,Brentford,2023
4/29/2023,15:00,Premier League,Matchweek 34,Sat,Home,W,2,1,Nott'ham Forest,1.6,0.7,68,17080,Ivan Toney,4/3/2003,3/4/2003,Peter Bankes,Match Report,,14,8,16.8,1,0,0,Brentford,2023
5/6/2023,17:30,Premier League,Matchweek 35,Sat,Away,L,0,1,Liverpool,0.2,2.2,46,52838,Ivan Toney,5/3/2002,4/3/2003,Anthony Taylor,Match Report,,5,1,19.5,1,0,0,Brentford,2023
5/14/2023,14:00,Premier League,Matchweek 36,Sun,Home,W,2,0,West Ham,3.4,0.2,53,17075,David Raya,4/3/2003,4-2-3-1,Michael Oliver,Match Report,,24,9,12.8,0,0,0,Brentford,2023
5/20/2023,12:30,Premier League,Matchweek 37,Sat,Away,W,3,1,Tottenham,1.2,1.7,39,61514,David Raya,4/3/2003,4/4/2002,Jarred Gillett,Match Report,,11,4,18.1,0,0,0,Brentford,2023
5/28/2023,16:30,Premier League,Matchweek 38,Sun,Home,W,1,0,Manchester City,1.3,1.6,35,17120,David Raya,5/3/2002,3-2-4-1,John Brooks,Match Report,,11,4,14,0,0,0,Brentford,2023
8/13/2023,14:00,Premier League,Matchweek 1,Sun,Home,D,2,2,Tottenham,2.2,1.3,31,17066,Christian Nørgaard,5/3/2002,4-2-3-1,Robert Jones,Match Report,,10,5,18,0,1,1,Brentford,2024
8/19/2023,15:00,Premier League,Matchweek 2,Sat,Away,W,3,0,Fulham,3.7,0.5,45,24236,Christian Nørgaard,4/3/2003,4/3/2003,Darren Bond,Match Report,,16,7,13.8,1,1,1,Brentford,2024
8/26/2023,15:00,Premier League,Matchweek 3,Sat,Home,D,1,1,Crystal Palace,1,0.8,60,16997,Christian Nørgaard,4/3/2003,4-2-3-1,Peter Bankes,Match Report,,12,1,13.7,0,0,0,Brentford,2024
9/2/2023,15:00,Premier League,Matchweek 4,Sat,Home,D,2,2,Bournemouth,2.9,2.1,60,16973,Christian Nørgaard,4/3/2003,4-2-3-1,Robert Madley,Match Report,,21,7,14.7,1,0,0,Brentford,2024
9/16/2023,17:30,Premier League,Matchweek 5,Sat,Away,L,0,1,Newcastle Utd,0.5,1.4,44,51670,Christian Nørgaard,5/3/2002,4/3/2003,Craig Pawson,Match Report,,11,2,15.7,0,0,0,Brentford,2024
9/23/2023,17:30,Premier League,Matchweek 6,Sat,Home,L,1,3,Everton,1,1.9,57,16981,Christian Nørgaard,4/3/2003,4-4-1-1,Michael Oliver,Match Report,,12,2,13.9,1,0,0,Brentford,2024
10/1/2023,14:00,Premier League,Matchweek 7,Sun,Away,D,1,1,Nott'ham Forest,1.6,0.5,59,29004,Christian Nørgaard,4/3/2003,4/3/2003,Paul Tierney,Match Report,,18,3,14.1,0,0,0,Brentford,2024
10/7/2023,15:00,Premier League,Matchweek 8,Sat,Away,L,1,2,Manchester Utd,0.9,1.4,36,73453,Christian Nørgaard,3/5/2002,4-2-3-1,Andy Madley,Match Report,,11,3,17.3,0,0,0,Brentford,2024
10/21/2023,15:00,Premier League,Matchweek 9,Sat,Home,W,3,0,Burnley,3.1,1.1,50,17029,Christian Nørgaard,4/3/2003,4-2-3-1,Joshua Smith,Match Report,,23,9,15,1,0,0,Brentford,2024
10/28/2023,12:30,Premier League,Matchweek 10,Sat,Away,W,2,0,Chelsea,2.2,1.9,32,39575,Christian Nørgaard,3/5/2002,4-2-3-1,Simon Hooper,Match Report,,7,5,12.7,0,0,0,Brentford,2024
11/4/2023,15:00,Premier League,Matchweek 11,Sat,Home,W,3,2,West Ham,1.5,1.8,58,17103,Christian Nørgaard,4/3/2003,4/4/2002,Thomas Bramall,Match Report,,16,4,15.7,1,0,0,Brentford,2024
11/12/2023,14:00,Premier League,Matchweek 12,Sun,Away,L,0,3,Liverpool,1.6,1.7,42,50151,Christian Nørgaard,5/3/2002,4/3/2003,Paul Tierney,Match Report,,16,3,17,2,0,0,Brentford,2024
11/25/2023,17:30,Premier League,Matchweek 13,Sat,Home,L,0,1,Arsenal,1.1,1.6,37,17201,Christian Nørgaard,5/3/2002,4/3/2003,Tim Robinson,Match Report,,9,1,13.9,0,0,0,Brentford,2024
12/2/2023,15:00,Premier League,Matchweek 14,Sat,Home,W,3,1,Luton Town,3.1,0.2,68,17075,Christian Nørgaard,4/3/2003,3/4/2003,Anthony Taylor,Match Report,,27,6,15.4,0,0,0,Brentford,2024
12/6/2023,19:30,Premier League,Matchweek 15,Wed,Away,L,1,2,Brighton,1.5,1.5,39,31571,Vitaly Janelt,4/4/2002,4-2-3-1,Peter Bankes,Match Report,,7,0,17.6,0,1,1,Brentford,2024
12/9/2023,15:00,Premier League,Matchweek 16,Sat,Away,L,0,1,Sheffield Utd,0.6,0.8,59,28509,Christian Nørgaard,4/3/2003,4-1-4-1,Stuart Attwell,Match Report,,10,4,16.7,0,0,0,Brentford,2024
12/17/2023,14:00,Premier League,Matchweek 17,Sun,Home,L,1,2,Aston Villa,0.5,1.4,34,17034,Christian Nørgaard,3/5/2002,3/5/2002,David Coote,Match Report,,4,3,13.3,0,0,0,Brentford,2024
12/27/2023,19:30,Premier League,Matchweek 19,Wed,Home,L,1,4,Wolves,2.2,2.4,60,17109,Christian Nørgaard,4/3/2003,3/4/2003,Andy Madley,Match Report,,14,4,13.8,0,0,0,Brentford,2024
12/30/2023,15:00,Premier League,Matchweek 20,Sat,Away,L,1,3,Crystal Palace,1.4,1,54,25472,Christian Nørgaard,3/5/2002,4/3/2003,Robert Jones,Match Report,,9,4,16,0,0,0,Brentford,2024
1/20/2024,17:30,Premier League,Matchweek 21,Sat,Home,W,3,2,Nott'ham Forest,1.2,1.2,48,17077,Ivan Toney,3/5/2002,4-2-3-1,Darren England,Match Report,,11,5,14.8,1,0,0,Brentford,2024
1/31/2024,19:30,Premier League,Matchweek 22,Wed,Away,L,2,3,Tottenham,1.6,2.9,33,61210,Christian Nørgaard,3/5/2002,4-2-3-1,David Coote,Match Report,,9,5,12.9,0,0,0,Brentford,2024
2/5/2024,20:00,Premier League,Matchweek 23,Mon,Home,L,1,3,Manchester City,1,2.1,28,17096,Christian Nørgaard,3/5/2002,4-1-4-1,Jarred Gillett,Match Report,,9,2,15.3,0,0,0,Brentford,2024
2/10/2024,15:00,Premier League,Matchweek 24,Sat,Away,W,2,0,Wolves,1.9,1,29,30731,Christian Nørgaard,3/5/2002,3/4/2003,Simon Hooper,Match Report,,9,6,14,0,0,0,Brentford,2024
2/17/2024,12:30,Premier League,Matchweek 25,Sat,Home,L,1,4,Liverpool,1.6,2.8,38,17193,Christian Nørgaard,3/5/2002,4/3/2003,Michael Oliver,Match Report,,15,6,19.8,3,0,0,Brentford,2024
2/20/2024,19:30,Premier League,Matchweek 18,Tue,Away,L,0,1,Manchester City,0.4,2.3,30,52247,Christian Nørgaard,3/5/2002,4-2-3-1,Darren England,Match Report,,6,2,19.4,1,0,0,Brentford,2024
2/26/2024,20:00,Premier League,Matchweek 26,Mon,Away,L,2,4,West Ham,0.9,1.7,59,62450,Christian Nørgaard,3/5/2002,4-2-3-1,Simon Hooper,Match Report,,14,7,16.7,0,0,0,Brentford,2024
3/2/2024,15:00,Premier League,Matchweek 27,Sat,Home,D,2,2,Chelsea,1.8,1.8,33,17140,Christian Nørgaard,3/5/2002,3/5/2002,Jarred Gillett,Match Report,,14,5,14.5,0,0,0,Brentford,2024
3/9/2024,17:30,Premier League,Matchweek 28,Sat,Away,L,1,2,Arsenal,1,1.3,29,60331,Christian Nørgaard,3/5/2002,4/3/2003,Robert Jones,Match Report,,9,4,17.1,0,0,0,Brentford,2024
3/16/2024,15:00,Premier League,Matchweek 29,Sat,Away,L,1,2,Burnley,1.1,2.8,40,20431,Ivan Toney,3/5/2002,4/4/2002,Darren Bond,Match Report,,9,5,14.7,0,0,0,Brentford,2024
3/30/2024,20:00,Premier League,Matchweek 30,Sat,Home,D,1,1,Manchester Utd,3.2,0.6,47,17138,Ivan Toney,3/5/2002,4-2-3-1,Simon Hooper,Match Report,,31,5,15,1,0,0,Brentford,2024
4/3/2024,19:30,Premier League,Matchweek 31,Wed,Home,D,0,0,Brighton,0.6,1.1,34,17024,Ivan Toney,3/5/2002,4-2-3-1,Andy Madley,Match Report,,5,2,17.1,1,0,0,Brentford,2024
4/6/2024,15:00,Premier League,Matchweek 32,Sat,Away,D,3,3,Aston Villa,1.5,1.5,31,42118,Mathias Jensen,3/5/2002,4-4-1-1,Michael Salisbury,Match Report,,8,3,16.5,2,0,0,Brentford,2024
4/13/2024,15:00,Premier League,Matchweek 33,Sat,Home,W,2,0,Sheffield Utd,1,0.8,53,17115,Mathias Jensen,4/3/2003,3/5/2002,Samuel Barrott,Match Report,,9,5,18.7,0,0,0,Brentford,2024
4/20/2024,15:00,Premier League,Matchweek 34,Sat,Away,W,5,1,Luton Town,3.1,0.6,47,11877,Mathias Jensen,4/3/2003,3/4/2003,Jarred Gillett,Match Report,,21,9,18,0,0,0,Brentford,2024
4/27/2024,17:30,Premier League,Matchweek 35,Sat,Away,L,0,1,Everton,0.9,0.8,52,39098,Christian Nørgaard,4/3/2003,4-4-1-1,Darren England,Match Report,,10,4,16.6,0,0,0,Brentford,2024
5/4/2024,15:00,Premier League,Matchweek 36,Sat,Home,D,0,0,Fulham,0.6,1.3,54,17090,Christian Nørgaard,4/3/2003,4-2-3-1,Graham Scott,Match Report,,7,2,12.9,0,0,0,Brentford,2024
5/11/2024,15:00,Premier League,Matchweek 37,Sat,Away,W,2,1,Bournemouth,1.1,0.7,52,11154,Christian Nørgaard,4/3/2003,4-2-3-1,Matt Donohue,Match Report,,11,4,15.7,0,0,0,Brentford,2024
5/19/2024,16:00,Premier League,Matchweek 38,Sun,Home,L,2,4,Newcastle Utd,1.1,3.4,54,17124,Christian Nørgaard,4/3/2003,4/3/2003,Simon Hooper,Match Report,,10,5,15.9,1,0,0,Brentford,2024
8/18/2024,14:00,Premier League,Matchweek 1,Sun,Home,W,2,1,Crystal Palace,1.6,1.2,46,16988,Christian Nørgaard,4/3/2003,3/4/2003,Samuel Barrott,Match Report,,9,5,12.5,0,0,0,Brentford,2025
8/25/2024,16:30,Premier League,Matchweek 2,Sun,Away,L,0,2,Liverpool,0.5,2.5,38,60017,Christian Nørgaard,4/4/2002,4-2-3-1,Stuart Attwell,Match Report,,8,2,18.1,0,0,0,Brentford,2025
8/31/2024,15:00,Premier League,Matchweek 3,Sat,Home,W,3,1,Southampton,2.8,1.5,37,16955,Christian Nørgaard,4/3/2003,3/5/2002,Joshua Smith,Match Report,,20,7,14.5,0,0,0,Brentford,2025
9/14/2024,15:00,Premier League,Matchweek 4,Sat,Away,L,1,2,Manchester City,1,2.1,46,52148,Christian Nørgaard,5/3/2002,4-2-3-1,Darren Bond,Match Report,,8,5,12.9,0,0,0,Brentford,2025
9/21/2024,15:00,Premier League,Matchweek 5,Sat,Away,L,1,3,Tottenham,0.8,3.5,52,61246,Vitaly Janelt,5/3/2002,4/3/2003,John Brooks,Match Report,,6,6,14.4,0,0,0,Brentford,2025
9/28/2024,15:00,Premier League,Matchweek 6,Sat,Home,D,1,1,West Ham,0.4,1,57,17050,Vitaly Janelt,4/4/2002,4-1-4-1,Simon Hooper,Match Report,,8,3,20.7,1,0,0,Brentford,2025
10/5/2024,15:00,Premier League,Matchweek 7,Sat,Home,W,5,3,Wolves,4.2,1,44,16960,Christian Nørgaard,4-2-3-1,4-1-4-1,Andy Madley,Match Report,,18,11,13,1,1,1,Brentford,2025
10/19/2024,15:00,Premier League,Matchweek 8,Sat,Away,L,1,2,Manchester Utd,0.9,1.3,50,73738,Christian Nørgaard,4-2-3-1,4-2-3-1,Samuel Barrott,Match Report,,8,2,17.9,1,0,0,Brentford,2025
10/26/2024,15:00,Premier League,Matchweek 9,Sat,Home,W,4,3,Ipswich Town,4,1.3,65,17109,Christian Nørgaard,4-2-3-1,4-2-3-1,Lewis Smith,Match Report,,19,8,16,1,1,1,Brentford,2025
11/4/2024,20:00,Premier League,Matchweek 10,Mon,Away,L,1,2,Fulham,0.6,1.3,32,24931,Christian Nørgaard,4-2-3-1,4-2-3-1,Stuart Attwell,Match Report,,5,2,18,0,0,0,Brentford,2025
11/9/2024,15:00,Premier League,Matchweek 11,Sat,Home,W,3,2,Bournemouth,1.5,2.6,51,16587,Christian Nørgaard,4/3/2003,4-2-3-1,Darren Bond,Match Report,,12,6,14.6,0,0,0,Brentford,2025
11/23/2024,15:00,Premier League,Matchweek 12,Sat,Away,D,0,0,Everton,1.1,1.2,41,38915,Christian Nørgaard,4/3/2003,4-2-3-1,Chris Kavanagh,Match Report,,9,2,18.4,0,0,0,Brentford,2025
11/30/2024,15:00,Premier League,Matchweek 13,Sat,Home,W,4,1,Leicester City,2.4,1.1,60,17084,Christian Nørgaard,4-2-3-1,3/4/2003,Michael Oliver,Match Report,,13,6,16,1,0,0,Brentford,2025
12/4/2024,20:15,Premier League,Matchweek 14,Wed,Away,L,1,3,Aston Villa,0.9,2.4,51,42148,Vitaly Janelt,4/3/2003,4-2-3-1,Lewis Smith,Match Report,,9,1,14,0,0,0,Brentford,2025
12/7/2024,15:00,Premier League,Matchweek 15,Sat,Home,W,4,2,Newcastle Utd,1.2,1.5,43,17078,Christian Nørgaard,3/4/2003,4/3/2003,Simon Hooper,Match Report,,11,7,17.6,0,0,0,Brentford,2025
12/15/2024,19:00,Premier League,Matchweek 16,Sun,Away,L,1,2,Chelsea,1.6,2.2,38,39571,Christian Nørgaard,3/5/2002,4-2-3-1,Peter Bankes,Match Report,,9,4,11.9,0,0,0,Brentford,2025
12/21/2024,15:00,Premier League,Matchweek 17,Sat,Home,L,0,2,Nott'ham Forest,0.7,0.9,64,17115,Christian Nørgaard,4/3/2003,3/4/2003,Michael Oliver,Match Report,,7,3,10.8,0,0,0,Brentford,2025
12/27/2024,19:30,Premier League,Matchweek 18,Fri,Away,D,0,0,Brighton,1.1,1.3,43,31548,Christian Nørgaard,4-2-3-1,4-2-3-1,Andy Madley,Match Report,,8,3,14.1,0,0,0,Brentford,2025
1/1/2025,17:30,Premier League,Matchweek 19,Wed,Home,L,1,3,Arsenal,0.3,1.9,50,47190,Christian Nørgaard,4-3-1-2,4/3/2003,Peter Bankes,Match Report,,5,2,27.9,0,0,0,Brentford,2025
1/4/2025,15:00,Premier League,Matchweek 20,Sat,Away,W,5,0,Southampton,4.4,0.3,50,31001,Christian Nørgaard,4/3/2003,3/4/2003,Stuart Attwell,Match Report,,19,9,13.6,0,1,1,Brentford,2025
1/14/2025,19:30,Premier League,Matchweek 21,Tue,Home,D,2,2,Manchester City,2.5,2.2,45,17048,Christian Nørgaard,4/3/2003,4-2-3-1,Anthony Taylor,Match Report,,18,5,14.2,0,0,0,Brentford,2025
1/18/2025,15:00,Premier League,Matchweek 22,Sat,Home,L,0,2,Liverpool,0.7,3.4,40,17215,Christian Nørgaard,4-2-3-1,4-2-3-1,Andy Madley,Match Report,,11,6,14.7,0,0,0,Brentford,2025
1/26/2025,14:00,Premier League,Matchweek 23,Sun,Away,W,2,1,Crystal Palace,1.3,1.1,53,25066,Christian Nørgaard,4-2-3-1,3/4/2003,Tony Harrington,Match Report,,11,5,20.4,1,1,1,Brentford,2025
2/2/2025,14:00,Premier League,Matchweek 24,Sun,Home,L,0,2,Tottenham,2.1,0.8,54,17154,Christian Nørgaard,4-2-3-1,4-2-3-1,Jarred Gillett,Match Report,,20,3,15.6,1,0,0,Brentford,2025
2/15/2025,15:00,Premier League,Matchweek 25,Sat,Away,W,1,0,West Ham,1.6,0.8,42,62415,Christian Nørgaard,4-2-3-1,4-2-3-1,Darren England,Match Report,,14,5,16.3,1,0,0,Brentford,2025
2/21/2025,20:00,Premier League,Matchweek 26,Fri,Away,W,4,0,Leicester City,1.5,0.5,52,31077,Christian Nørgaard,4-2-3-1,4-2-3-1,Tony Harrington,Match Report,,14,6,12.1,0,0,0,Brentford,2025
2/26/2025,19:30,Premier League,Matchweek 27,Wed,Home,D,1,1,Everton,1.4,1.5,52,17082,Vitaly Janelt,4-2-3-1,4-2-3-1,Simon Hooper,Match Report,,12,3,14.8,0,0,0,Brentford,2025
3/8/2025,17:30,Premier League,Matchweek 28,Sat,Home,L,0,1,Aston Villa,0.8,1.3,59,17171,Christian Nørgaard,4-2-3-1,4-2-3-1,Jarred Gillett,Match Report,,13,3,17,0,0,0,Brentford,2025
3/15/2025,17:30,Premier League,Matchweek 29,Sat,Away,W,2,1,Bournemouth,0.8,1.6,42,11180,Christian Nørgaard,4-2-3-1,4-2-3-1,Craig Pawson,Match Report,,10,4,14.3,1,0,0,Brentford,2025
4/2/2025,19:45,Premier League,Matchweek 30,Wed,Away,L,1,2,Newcastle Utd,1.5,1.3,51,52021,Christian Nørgaard,4-2-3-1,4/3/2003,Peter Bankes,Match Report,,11,2,17.7,0,1,1,Brentford,2025
4/6/2025,14:00,Premier League,Matchweek 31,Sun,Home,D,0,0,Chelsea,1.1,1.2,42,17183,Christian Nørgaard,4-2-3-1,4-2-3-1,Michael Oliver,Match Report,,9,2,14.2,1,0,0,Brentford,2025
4/12/2025,17:30,Premier League,Matchweek 32,Sat,Away,D,1,1,Arsenal,0.2,1,37,60184,Christian Nørgaard,4/4/2002,4/3/2003,Simon Hooper,Match Report,,3,2,11.5,0,0,0,Brentford,2025
4/19/2025,15:00,Premier League,Matchweek 33,Sat,Home,W,4,2,Brighton,2.1,1.4,47,17083,Christian Nørgaard,4-2-3-1,4-2-3-1,Tim Robinson,Match Report,,16,8,12.3,0,0,0,Brentford,2025
5/1/2025,19:30,Premier League,Matchweek 34,Thu,Away,W,2,0,Nott'ham Forest,1.3,0.9,45,29040,Christian Nørgaard,4-2-3-1,4-2-3-1,Darren England,Match Report,,11,3,13.9,0,0,0,Brentford,2025
5/4/2025,14:00,Premier League,Matchweek 35,Sun,Home,W,4,3,Manchester Utd,2.8,1.5,47,18915,Christian Nørgaard,4-2-3-1,3/4/2003,Anthony Taylor,Match Report,,12,6,10.3,0,0,0,Brentford,2025
5/10/2025,15:00,Premier League,Matchweek 36,Sat,Away,W,1,0,Ipswich Town,1.4,0.9,51,29511,Christian Nørgaard,4-2-3-1,4-2-3-1,Samuel Barrott,Match Report,,15,5,14.8,0,0,0,Brentford,2025
5/18/2025,15:00,Premier League,Matchweek 37,Sun,Home,L,2,3,Fulham,2.5,1,51,17136,Christian Nørgaard,4-2-3-1,4-2-3-1,Jarred Gillett,Match Report,,10,4,11.1,0,0,1,Brentford,2025
5/25/2025,16:00,Premier League,Matchweek 38,Sun,Away,D,1,1,Wolves,1.4,1,51,31382,Christian Nørgaard,4-2-3-1,3/4/2003,Craig Pawson,Match Report,,13,7,14.4,0,0,0,Brentford,2025
9/14/2020,20:15,Premier League,Matchweek 1,Mon,Home,L,1,3,Chelsea,1.1,1.2,52,,Lewis Dunk,3/5/2002,4-2-2-2,Craig Pawson,Match Report,,13,3,17.6,0,0,0,Brighton And Hove Albion,2021
9/20/2020,14:00,Premier League,Matchweek 2,Sun,Away,W,3,0,Newcastle Utd,1.8,0.5,53,,Lewis Dunk,3/4/2003,4/4/2002,Kevin Friend,Match Report,,12,5,22.5,0,1,1,Brighton And Hove Albion,2021
9/26/2020,12:30,Premier League,Matchweek 3,Sat,Home,L,2,3,Manchester Utd,2.5,1.5,53,,Lewis Dunk,3/4/2003,4-2-3-1,Chris Kavanagh,Match Report,,17,4,16.5,0,1,1,Brighton And Hove Albion,2021
10/3/2020,15:00,Premier League,Matchweek 4,Sat,Away,L,2,4,Everton,1.3,1.6,57,,Lewis Dunk,3/4/2003,4/3/2003,Simon Hooper,Match Report,,11,3,18.7,1,0,0,Brighton And Hove Albion,2021
10/18/2020,14:00,Premier League,Matchweek 5,Sun,Away,D,1,1,Crystal Palace,1.7,0.8,66,,Lewis Dunk,3/4/2003,4/4/2002,Stuart Attwell,Match Report,,20,3,16,0,0,0,Brighton And Hove Albion,2021
10/26/2020,17:30,Premier League,Matchweek 6,Mon,Home,D,1,1,West Brom,0.5,0.4,50,,Adam Webster,3/4/2003,4-1-4-1,Jonathan Moss,Match Report,,5,3,18.4,0,0,0,Brighton And Hove Albion,2021
11/1/2020,19:15,Premier League,Matchweek 7,Sun,Away,L,1,2,Tottenham,0.3,1.7,56,,Adam Webster,3-5-1-1,4-2-3-1,Graham Scott,Match Report,,6,2,16.1,0,0,0,Brighton And Hove Albion,2021
11/6/2020,17:30,Premier League,Matchweek 8,Fri,Home,D,0,0,Burnley,1.5,0.5,59,,Adam Webster,5/3/2002,4/4/2002,Mike Dean,Match Report,,19,3,17.1,1,0,0,Brighton And Hove Albion,2021
11/21/2020,15:00,Premier League,Matchweek 9,Sat,Away,W,2,1,Aston Villa,1.4,1.5,44,,Lewis Dunk,3-4-1-2,4-2-3-1,Michael Oliver,Match Report,,7,3,13.3,0,0,0,Brighton And Hove Albion,2021
11/28/2020,12:30,Premier League,Matchweek 10,Sat,Home,D,1,1,Liverpool,2.3,0.2,40,,Lewis Dunk,3-4-1-2,4/3/2003,Stuart Attwell,Match Report,,9,2,20.9,1,1,2,Brighton And Hove Albion,2021
12/7/2020,20:00,Premier League,Matchweek 11,Mon,Home,L,1,2,Southampton,1.9,1.4,48,2000,Lewis Dunk,3-4-1-2,4/4/2002,David Coote,Match Report,,11,3,15.8,0,1,1,Brighton And Hove Albion,2021
12/13/2020,19:15,Premier League,Matchweek 12,Sun,Away,L,0,3,Leicester City,0.9,1.5,46,,Lewis Dunk,4-2-3-1,3/4/2003,Martin Atkinson,Match Report,,12,4,20.3,0,0,0,Brighton And Hove Albion,2021
12/16/2020,20:00,Premier League,Matchweek 13,Wed,Away,D,0,0,Fulham,0.5,1,54,,Lewis Dunk,3/4/2003,3/4/2003,Robert Jones,Match Report,,9,4,23.5,1,0,0,Brighton And Hove Albion,2021
12/20/2020,12:00,Premier League,Matchweek 14,Sun,Home,D,1,1,Sheffield Utd,2.8,0.5,73,,Lewis Dunk,3/4/2003,5/3/2002,Peter Bankes,Match Report,,21,4,14,0,0,0,Brighton And Hove Albion,2021
12/27/2020,14:15,Premier League,Matchweek 15,Sun,Away,D,2,2,West Ham,1.1,1.3,56,,Lewis Dunk,3/4/2003,3-4-1-2,Simon Hooper,Match Report,,13,4,16.2,0,0,0,Brighton And Hove Albion,2021
12/29/2020,18:00,Premier League,Matchweek 16,Tue,Home,L,0,1,Arsenal,0.8,1.1,50,,Lewis Dunk,3/5/2002,4-2-3-1,Martin Atkinson,Match Report,,13,2,13.9,0,0,0,Brighton And Hove Albion,2021
1/2/2021,17:30,Premier League,Matchweek 17,Sat,Home,D,3,3,Wolves,2.2,1.6,54,,Lewis Dunk,3/4/2003,4-2-3-1,Andy Madley,Match Report,,12,3,16.7,0,1,1,Brighton And Hove Albion,2021
1/13/2021,18:00,Premier League,Matchweek 18,Wed,Away,L,0,1,Manchester City,0.2,2,35,,Lewis Dunk,4-1-2-1-2◆,4/3/2003,Darren England,Match Report,,5,1,21,0,0,0,Brighton And Hove Albion,2021
1/16/2021,15:00,Premier League,Matchweek 19,Sat,Away,W,1,0,Leeds United,1.4,0.3,34,,Lewis Dunk,3/4/2003,4-1-4-1,Kevin Friend,Match Report,,7,2,15.1,0,0,0,Brighton And Hove Albion,2021
1/27/2021,19:30,Premier League,Matchweek 20,Wed,Home,D,0,0,Fulham,1.8,0.5,50,,Lewis Dunk,3/5/2002,3/4/2003,Craig Pawson,Match Report,,16,5,16,1,0,0,Brighton And Hove Albion,2021
1/31/2021,19:15,Premier League,Matchweek 21,Sun,Home,W,1,0,Tottenham,1.6,0.4,43,,Lewis Dunk,3/4/2003,3/4/2003,Peter Bankes,Match Report,,16,3,15.5,0,0,0,Brighton And Hove Albion,2021
2/3/2021,20:15,Premier League,Matchweek 22,Wed,Away,W,1,0,Liverpool,1.3,1,37,,Lewis Dunk,3/5/2002,4/3/2003,Kevin Friend,Match Report,,13,4,13.7,0,0,0,Brighton And Hove Albion,2021
2/6/2021,15:00,Premier League,Matchweek 23,Sat,Away,D,1,1,Burnley,0.5,1.8,45,,Lewis Dunk,3-4-1-2,4/4/2002,Anthony Taylor,Match Report,,10,2,19.1,1,0,0,Brighton And Hove Albion,2021
2/13/2021,20:00,Premier League,Matchweek 24,Sat,Home,D,0,0,Aston Villa,2.2,0.1,58,,Lewis Dunk,4-1-3-2,4-2-3-1,Darren England,Match Report,,26,9,18.3,3,0,0,Brighton And Hove Albion,2021
2/22/2021,20:00,Premier League,Matchweek 25,Mon,Home,L,1,2,Crystal Palace,2.4,0.2,74,,Lewis Dunk,4/4/2002,4/3/2003,Kevin Friend,Match Report,,25,5,14.5,0,0,0,Brighton And Hove Albion,2021
2/27/2021,15:00,Premier League,Matchweek 26,Sat,Away,L,0,1,West Brom,2.9,0.8,68,,Lewis Dunk,4-2-3-1,4-1-4-1,Lee Mason,Match Report,,13,6,19.1,1,0,2,Brighton And Hove Albion,2021
3/6/2021,20:00,Premier League,Matchweek 27,Sat,Home,L,1,2,Leicester City,0.8,0.9,37,,Lewis Dunk,4/4/2002,3-1-4-2,Michael Oliver,Match Report,,7,2,15,0,0,0,Brighton And Hove Albion,2021
3/14/2021,12:00,Premier League,Matchweek 28,Sun,Away,W,2,1,Southampton,0.8,0.6,41,,Lewis Dunk,4/4/2002,4/4/2002,Stuart Attwell,Match Report,,8,6,18.8,1,0,0,Brighton And Hove Albion,2021
3/20/2021,20:00,Premier League,Matchweek 29,Sat,Home,W,3,0,Newcastle Utd,0.9,0.1,65,,Lewis Dunk,3-4-1-2,4/3/2003,Anthony Taylor,Match Report,,11,6,15.7,0,0,0,Brighton And Hove Albion,2021
4/4/2021,19:30,Premier League,Matchweek 30,Sun,Away,L,1,2,Manchester Utd,1.2,1.5,43,,Lewis Dunk,3-4-1-2,4-2-3-1,Mike Dean,Match Report,,5,3,10.3,0,0,0,Brighton And Hove Albion,2021
4/12/2021,20:15,Premier League,Matchweek 31,Mon,Home,D,0,0,Everton,1.2,0.4,55,,Lewis Dunk,3/4/2003,5/3/2002,Darren England,Match Report,,23,3,19,2,0,0,Brighton And Hove Albion,2021
4/20/2021,20:15,Premier League,Matchweek 32,Tue,Away,D,0,0,Chelsea,0.5,0.7,36,,Lewis Dunk,3-1-4-2,3/4/2003,Stuart Attwell,Match Report,,11,2,23.6,1,0,0,Brighton And Hove Albion,2021
4/24/2021,20:00,Premier League,Matchweek 33,Sat,Away,L,0,1,Sheffield Utd,2,0.7,68,,Lewis Dunk,3-4-1-2,3-4-1-2,Kevin Friend,Match Report,,17,4,16.7,0,0,0,Brighton And Hove Albion,2021
5/1/2021,15:00,Premier League,Matchweek 34,Sat,Home,W,2,0,Leeds United,2.3,0.6,42,,Lewis Dunk,3-4-1-2,4-1-4-1,Chris Kavanagh,Match Report,,16,4,18.4,0,1,1,Brighton And Hove Albion,2021
5/9/2021,12:00,Premier League,Matchweek 35,Sun,Away,L,1,2,Wolves,0.3,1.1,39,,Lewis Dunk,4-4-1-1,4-2-3-1,Jonathan Moss,Match Report,,5,3,12.8,0,0,0,Brighton And Hove Albion,2021
5/15/2021,20:00,Premier League,Matchweek 36,Sat,Home,D,1,1,West Ham,0.8,1.7,51,,Pascal Groß,3/4/2003,4-2-3-1,Andre Marriner,Match Report,,10,2,23.8,0,0,0,Brighton And Hove Albion,2021
5/18/2021,19:00,Premier League,Matchweek 37,Tue,Home,W,3,2,Manchester City,1.1,0.9,63,7945,Pascal Groß,3/5/2002,4/3/2003,Stuart Attwell,Match Report,,19,6,19.7,1,0,0,Brighton And Hove Albion,2021
5/23/2021,16:00,Premier League,Matchweek 38,Sun,Away,L,0,2,Arsenal,0.2,0.8,46,10000,Lewis Dunk,4/3/2003,4-2-3-1,Jonathan Moss,Match Report,,5,1,22.6,0,0,0,Brighton And Hove Albion,2021
8/14/2021,15:00,Premier League,Matchweek 1,Sat,Away,W,2,1,Burnley,1,1.5,63,16910,Lewis Dunk,4-1-4-1,4/4/2002,David Coote,Match Report,,14,6,14.9,1,0,0,Brighton And Hove Albion,2022
8/21/2021,17:30,Premier League,Matchweek 2,Sat,Home,W,2,0,Watford,1.3,0.5,56,29485,Lewis Dunk,4-4-1-1,4-1-4-1,Anthony Taylor,Match Report,,13,3,16.9,0,0,0,Brighton And Hove Albion,2022
8/28/2021,15:00,Premier League,Matchweek 3,Sat,Home,L,0,2,Everton,0.7,1.4,65,30548,Lewis Dunk,3/4/2003,4-4-1-1,Jonathan Moss,Match Report,,14,3,22.3,2,0,0,Brighton And Hove Albion,2022
9/11/2021,15:00,Premier League,Matchweek 4,Sat,Away,W,1,0,Brentford,0.3,0.4,59,16518,Lewis Dunk,3-4-1-2,3/5/2002,Graham Scott,Match Report,,4,2,19,0,0,0,Brighton And Hove Albion,2022
9/19/2021,14:00,Premier League,Matchweek 5,Sun,Home,W,2,1,Leicester City,1.7,1.6,37,31078,Lewis Dunk,4/4/2002,4/3/2003,Stuart Attwell,Match Report,,11,4,16.9,2,1,1,Brighton And Hove Albion,2022
9/27/2021,20:00,Premier League,Matchweek 6,Mon,Away,D,1,1,Crystal Palace,0.8,1.4,53,22975,Lewis Dunk,3/4/2003,4/3/2003,Andre Marriner,Match Report,,8,4,15.8,0,0,0,Brighton And Hove Albion,2022
10/2/2021,17:30,Premier League,Matchweek 7,Sat,Home,D,0,0,Arsenal,1.1,0.4,58,31266,Lewis Dunk,3/5/2002,4-2-3-1,Jonathan Moss,Match Report,,21,2,17.7,0,0,0,Brighton And Hove Albion,2022
10/16/2021,15:00,Premier League,Matchweek 8,Sat,Away,D,0,0,Norwich City,0.8,1.2,64,26777,Lewis Dunk,3/5/2002,5/3/2002,Peter Bankes,Match Report,,11,3,16.1,0,0,0,Brighton And Hove Albion,2022
10/23/2021,17:30,Premier League,Matchweek 9,Sat,Home,L,1,4,Manchester City,1.3,3.8,48,31215,Lewis Dunk,3/5/2002,4/3/2003,Kevin Friend,Match Report,,9,4,18.9,0,1,1,Brighton And Hove Albion,2022
10/30/2021,15:00,Premier League,Matchweek 10,Sat,Away,D,2,2,Liverpool,1,1.5,42,52598,Lewis Dunk,4-2-3-1,4/3/2003,Mike Dean,Match Report,,9,6,17,0,0,0,Brighton And Hove Albion,2022
11/6/2021,17:30,Premier League,Matchweek 11,Sat,Home,D,1,1,Newcastle Utd,1.5,0.3,65,31267,Lewis Dunk,4-2-3-1,5/4/2001,David Coote,Match Report,,13,4,17.9,0,1,1,Brighton And Hove Albion,2022
11/20/2021,15:00,Premier League,Matchweek 12,Sat,Away,L,0,2,Aston Villa,0.4,0.7,62,41925,Lewis Dunk,3/5/2002,4/3/2003,Anthony Taylor,Match Report,,6,2,17.7,0,0,0,Brighton And Hove Albion,2022
11/27/2021,17:30,Premier League,Matchweek 13,Sat,Home,D,0,0,Leeds United,2.1,0.6,57,31166,Lewis Dunk,4-2-3-1,4-2-3-1,Craig Pawson,Match Report,,20,4,16.6,0,0,0,Brighton And Hove Albion,2022
12/1/2021,19:30,Premier League,Matchweek 14,Wed,Away,D,1,1,West Ham,1.3,1.3,65,59626,Lewis Dunk,4-2-3-1,4-2-3-1,Chris Kavanagh,Match Report,,9,3,16,1,0,0,Brighton And Hove Albion,2022
12/4/2021,15:00,Premier League,Matchweek 15,Sat,Away,D,1,1,Southampton,1.6,1.6,56,28706,Shane Duffy,3/5/2002,4/4/2002,Anthony Taylor,Match Report,,14,4,18.7,1,0,0,Brighton And Hove Albion,2022
12/15/2021,19:30,Premier League,Matchweek 17,Wed,Home,L,0,1,Wolves,1.2,1,59,30362,Dan Burn,4/3/2003,3/4/2003,Tony Harrington,Match Report,,12,2,17.8,2,0,0,Brighton And Hove Albion,2022
12/26/2021,20:00,Premier League,Matchweek 19,Sun,Home,W,2,0,Brentford,0.8,0.7,50,30141,Adam Lallana,4-1-2-1-2◆,3/5/2002,Darren England,Match Report,,15,5,21.7,3,0,0,Brighton And Hove Albion,2022
12/29/2021,19:30,Premier League,Matchweek 20,Wed,Away,D,1,1,Chelsea,0.9,0.7,53,40080,Adam Lallana,3/4/2003,3/4/2003,Mike Dean,Match Report,,18,6,20.2,1,0,0,Brighton And Hove Albion,2022
1/2/2022,14:00,Premier League,Matchweek 21,Sun,Away,W,3,2,Everton,1.7,1.6,50,38203,Adam Lallana,4/4/2002,5/4/2001,John Brooks,Match Report,,12,5,19.1,0,0,0,Brighton And Hove Albion,2022
1/14/2022,20:00,Premier League,Matchweek 22,Fri,Home,D,1,1,Crystal Palace,2,0.2,63,30675,Adam Lallana,4-1-2-1-2◆,4/3/2003,Robert Jones,Match Report,,18,3,18.2,0,0,1,Brighton And Hove Albion,2022
1/18/2022,20:00,Premier League,Matchweek 24,Tue,Home,D,1,1,Chelsea,0.7,0.7,44,30880,Adam Webster,4-1-4-1,4-2-2-2,Kevin Friend,Match Report,,10,2,16.2,0,0,0,Brighton And Hove Albion,2022
1/23/2022,14:00,Premier League,Matchweek 23,Sun,Away,D,1,1,Leicester City,1.1,1.4,56,31231,Adam Webster,4-1-2-1-2◆,4-2-3-1,Martin Atkinson,Match Report,,14,4,17.9,0,0,0,Brighton And Hove Albion,2022
2/12/2022,15:00,Premier League,Matchweek 25,Sat,Away,W,2,0,Watford,1.6,0.5,64,20795,Lewis Dunk,3-1-4-2,4/4/2002,Jonathan Moss,Match Report,,11,5,12.3,0,0,0,Brighton And Hove Albion,2022
2/15/2022,20:15,Premier League,Matchweek 18,Tue,Away,L,0,2,Manchester Utd,0.7,1.7,50,73012,Lewis Dunk,4-1-2-1-2◆,4-2-3-1,Peter Bankes,Match Report,,10,3,18.9,0,0,0,Brighton And Hove Albion,2022
2/19/2022,15:00,Premier League,Matchweek 26,Sat,Home,L,0,3,Burnley,0.6,0.7,68,30361,Adam Lallana,4/4/2002,4/4/2002,Kevin Friend,Match Report,,11,1,19.5,0,0,0,Brighton And Hove Albion,2022
2/26/2022,15:00,Premier League,Matchweek 27,Sat,Home,L,0,2,Aston Villa,0.7,1,66,31475,Lewis Dunk,3/5/2002,4-1-2-1-2,John Brooks,Match Report,,12,1,19.4,0,0,0,Brighton And Hove Albion,2022
3/5/2022,15:00,Premier League,Matchweek 28,Sat,Away,L,1,2,Newcastle Utd,1.5,1.7,68,52214,Lewis Dunk,4-1-2-1-2◆,4/3/2003,Martin Atkinson,Match Report,,15,4,14.2,0,0,0,Brighton And Hove Albion,2022
3/12/2022,12:30,Premier League,Matchweek 29,Sat,Home,L,0,2,Liverpool,0.5,2.2,52,31474,Lewis Dunk,4-2-3-1,4/3/2003,Mike Dean,Match Report,,8,3,18.4,0,0,0,Brighton And Hove Albion,2022
3/16/2022,19:30,Premier League,Matchweek 16,Wed,Home,L,0,2,Tottenham,0.7,2.2,48,31144,Lewis Dunk,4-2-3-1,3/4/2003,Robert Jones,Match Report,,15,0,18.3,0,0,0,Brighton And Hove Albion,2022
4/2/2022,15:00,Premier League,Matchweek 31,Sat,Home,D,0,0,Norwich City,2.8,0.4,63,31245,Lewis Dunk,3-4-1-2,4-1-2-1-2,Simon Hooper,Match Report,,30,4,18.7,1,0,1,Brighton And Hove Albion,2022
4/9/2022,15:00,Premier League,Matchweek 32,Sat,Away,W,2,1,Arsenal,0.6,1.9,36,60112,Lewis Dunk,3/5/2002,4-2-3-1,David Coote,Match Report,,8,3,23.1,0,0,0,Brighton And Hove Albion,2022
4/16/2022,12:30,Premier League,Matchweek 33,Sat,Away,W,1,0,Tottenham,0.6,0.5,51,58685,Lewis Dunk,3/5/2002,3/4/2003,Craig Pawson,Match Report,,12,4,17,0,0,0,Brighton And Hove Albion,2022
4/20/2022,20:00,Premier League,Matchweek 30,Wed,Away,L,0,3,Manchester City,0.2,1.3,35,52226,Lewis Dunk,3/5/2002,4/3/2003,Mike Dean,Match Report,,2,1,19,1,0,0,Brighton And Hove Albion,2022
4/24/2022,14:00,Premier League,Matchweek 34,Sun,Home,D,2,2,Southampton,1.7,0.9,48,31335,Lewis Dunk,4-3-1-2,4/4/2002,Robert Jones,Match Report,,8,5,11.4,0,0,0,Brighton And Hove Albion,2022
4/30/2022,15:00,Premier League,Matchweek 35,Sat,Away,W,3,0,Wolves,2.6,0.7,51,31243,Lewis Dunk,3/4/2003,3/5/2002,Simon Hooper,Match Report,,15,8,21.4,0,1,2,Brighton And Hove Albion,2022
5/7/2022,17:30,Premier League,Matchweek 36,Sat,Home,W,4,0,Manchester Utd,2.3,0.9,42,31637,Lewis Dunk,3/4/2003,4-2-3-1,Andy Madley,Match Report,,17,5,15.9,0,0,0,Brighton And Hove Albion,2022
5/15/2022,14:00,Premier League,Matchweek 37,Sun,Away,D,1,1,Leeds United,2.2,1.6,50,36638,Lewis Dunk,3/4/2003,4-2-3-1,Mike Dean,Match Report,,15,6,14.3,0,0,0,Brighton And Hove Albion,2022
5/22/2022,16:00,Premier League,Matchweek 38,Sun,Home,W,3,1,West Ham,1.6,0.2,50,31604,Lewis Dunk,4-3-2-1,4-2-3-1,Kevin Friend,Match Report,,18,7,16.4,0,0,0,Brighton And Hove Albion,2022
8/7/2022,14:00,Premier League,Matchweek 1,Sun,Away,W,2,1,Manchester Utd,1.5,1.4,38,73711,Lewis Dunk,3-3-3-1,4/3/2003,Paul Tierney,Match Report,,15,4,17.4,0,0,0,Brighton And Hove Albion,2023
8/13/2022,15:00,Premier League,Matchweek 2,Sat,Home,D,0,0,Newcastle Utd,1.5,0.2,54,31552,Lewis Dunk,3-4-1-2,4/3/2003,Graham Scott,Match Report,,13,5,17.3,0,0,0,Brighton And Hove Albion,2023
8/21/2022,14:00,Premier League,Matchweek 3,Sun,Away,W,2,0,West Ham,1.7,0.8,50,62449,Lewis Dunk,3-5-1-1,4-2-3-1,Anthony Taylor,Match Report,,10,1,18.8,0,1,1,Brighton And Hove Albion,2023
8/27/2022,15:00,Premier League,Matchweek 4,Sat,Home,W,1,0,Leeds United,2,1.8,44,30953,Lewis Dunk,4/4/2002,4-2-3-1,Michael Salisbury,Match Report,,13,4,13.6,0,0,0,Brighton And Hove Albion,2023
8/30/2022,19:30,Premier League,Matchweek 5,Tue,Away,L,1,2,Fulham,1.4,0.7,61,22224,Lewis Dunk,3/5/2002,4-2-3-1,Thomas Bramall,Match Report,,6,2,15.3,0,1,1,Brighton And Hove Albion,2023
9/4/2022,14:00,Premier League,Matchweek 6,Sun,Home,W,5,2,Leicester City,2.6,1.4,53,31185,Lewis Dunk,3/5/2002,4/4/2002,Tony Harrington,Match Report,,22,10,19.6,2,1,1,Brighton And Hove Albion,2023
10/1/2022,15:00,Premier League,Matchweek 9,Sat,Away,D,3,3,Liverpool,1.4,1.5,46,53320,Lewis Dunk,3/4/2003,4/3/2003,Andy Madley,Match Report,,6,6,10,0,0,0,Brighton And Hove Albion,2023
10/8/2022,17:30,Premier League,Matchweek 10,Sat,Home,L,0,1,Tottenham,0.7,0.8,59,31498,Lewis Dunk,3/4/2003,3/5/2002,Tony Harrington,Match Report,,14,4,18.5,0,0,0,Brighton And Hove Albion,2023
10/14/2022,20:00,Premier League,Matchweek 11,Fri,Away,L,0,2,Brentford,1.9,1.5,72,17016,Lewis Dunk,4/4/2002,4/3/2003,Michael Salisbury,Match Report,,21,7,17.2,0,0,0,Brighton And Hove Albion,2023
10/18/2022,19:30,Premier League,Matchweek 12,Tue,Home,D,0,0,Nott'ham Forest,1.7,0.1,70,31463,Lewis Dunk,3/4/2003,4/3/2003,Darren England,Match Report,,19,7,15.7,0,0,0,Brighton And Hove Albion,2023
10/22/2022,15:00,Premier League,Matchweek 13,Sat,Away,L,1,3,Manchester City,0.5,1.6,52,53223,Lewis Dunk,3-4-1-2,4/3/2003,Craig Pawson,Match Report,,8,2,19.8,0,0,0,Brighton And Hove Albion,2023
10/29/2022,15:00,Premier League,Matchweek 14,Sat,Home,W,4,1,Chelsea,2.4,1.4,41,31746,Lewis Dunk,4-2-3-1,3/4/2003,Andy Madley,Match Report,,19,7,15.9,0,0,0,Brighton And Hove Albion,2023
11/5/2022,15:00,Premier League,Matchweek 15,Sat,Away,W,3,2,Wolves,1.5,1.2,71,30732,Lewis Dunk,4-2-3-1,4/3/2003,Graham Scott,Match Report,,19,8,17.2,3,0,0,Brighton And Hove Albion,2023
11/13/2022,14:00,Premier League,Matchweek 16,Sun,Home,L,1,2,Aston Villa,0.6,1.5,65,31581,Lewis Dunk,4-2-3-1,4/4/2002,Chris Kavanagh,Match Report,,7,2,18.2,0,0,0,Brighton And Hove Albion,2023
12/26/2022,15:00,Premier League,Matchweek 17,Mon,Away,W,3,1,Southampton,0.6,1.9,66,31010,Lewis Dunk,4-2-3-1,4-2-3-1,Robert Jones,Match Report,,7,4,13.7,0,0,0,Brighton And Hove Albion,2023
12/31/2022,17:30,Premier League,Matchweek 18,Sat,Home,L,2,4,Arsenal,1.2,2.9,68,31647,Lewis Dunk,4-2-3-1,4/3/2003,Anthony Taylor,Match Report,,9,5,13.5,0,0,0,Brighton And Hove Albion,2023
1/3/2023,19:45,Premier League,Matchweek 19,Tue,Away,W,4,1,Everton,2.2,1.3,51,39103,Lewis Dunk,4-2-3-1,4/3/2003,Andre Marriner,Match Report,,19,8,18.9,1,0,0,Brighton And Hove Albion,2023
1/14/2023,15:00,Premier League,Matchweek 20,Sat,Home,W,3,0,Liverpool,1.9,1,61,31645,Lewis Dunk,4-2-3-1,4-1-2-1-2,Darren England,Match Report,,16,8,16.3,0,0,0,Brighton And Hove Albion,2023
1/21/2023,15:00,Premier League,Matchweek 21,Sat,Away,D,2,2,Leicester City,1.7,0.9,63,32056,Lewis Dunk,4-2-3-1,4/4/2002,Thomas Bramall,Match Report,,13,4,17,0,0,0,Brighton And Hove Albion,2023
2/4/2023,15:00,Premier League,Matchweek 22,Sat,Home,W,1,0,Bournemouth,2.2,1.1,71,31600,Lewis Dunk,3/4/2003,4-4-1-1,Craig Pawson,Match Report,,20,6,16.3,0,0,0,Brighton And Hove Albion,2023
2/11/2023,15:00,Premier League,Matchweek 23,Sat,Away,D,1,1,Crystal Palace,2.5,1.1,73,24827,Lewis Dunk,4-2-3-1,4/4/2002,Michael Oliver,Match Report,,17,7,13.6,1,0,0,Brighton And Hove Albion,2023
2/18/2023,15:00,Premier League,Matchweek 24,Sat,Home,L,0,1,Fulham,2.2,0.3,65,31619,Lewis Dunk,4-2-3-1,4-2-3-1,Darren England,Match Report,,21,7,15.6,1,0,0,Brighton And Hove Albion,2023
3/4/2023,15:00,Premier League,Matchweek 26,Sat,Home,W,4,0,West Ham,3.5,0.3,65,31523,Lewis Dunk,4-2-3-1,4-2-3-1,Stuart Attwell,Match Report,,19,8,16.3,0,1,1,Brighton And Hove Albion,2023
3/11/2023,15:00,Premier League,Matchweek 27,Sat,Away,D,2,2,Leeds United,2.7,0.9,62,36471,Lewis Dunk,4-2-3-1,4-2-3-1,Paul Tierney,Match Report,,15,3,16,0,0,0,Brighton And Hove Albion,2023
3/15/2023,19:30,Premier League,Matchweek 8,Wed,Home,W,1,0,Crystal Palace,0.6,1.1,57,30933,Lewis Dunk,4-2-3-1,4/3/2003,Peter Bankes,Match Report,,11,5,20.5,1,0,0,Brighton And Hove Albion,2023
4/1/2023,15:00,Premier League,Matchweek 29,Sat,Home,D,3,3,Brentford,4.2,1.6,72,31493,Lewis Dunk,4-2-3-1,5/3/2002,Michael Oliver,Match Report,,32,13,16.7,1,1,1,Brighton And Hove Albion,2023
4/4/2023,19:45,Premier League,Matchweek 7,Tue,Away,W,2,0,Bournemouth,2.7,1.7,63,10266,Lewis Dunk,4-2-3-1,4-4-1-1,Darren Bond,Match Report,,16,6,16.9,0,0,0,Brighton And Hove Albion,2023
4/8/2023,15:00,Premier League,Matchweek 30,Sat,Away,L,1,2,Tottenham,1.4,0.8,65,61405,Lewis Dunk,4-2-3-1,3/4/2003,Stuart Attwell,Match Report,,17,4,16.4,0,0,0,Brighton And Hove Albion,2023
4/15/2023,15:00,Premier League,Matchweek 31,Sat,Away,W,2,1,Chelsea,2.9,0.5,57,40126,Lewis Dunk,4-2-3-1,4-2-3-1,Robert Jones,Match Report,,26,10,17.2,0,0,0,Brighton And Hove Albion,2023
4/26/2023,19:30,Premier League,Matchweek 33,Wed,Away,L,1,3,Nott'ham Forest,2.3,2.4,74,28808,Lewis Dunk,4-2-3-1,3/4/2003,Jarred Gillett,Match Report,,17,7,17.2,0,0,0,Brighton And Hove Albion,2023
4/29/2023,15:00,Premier League,Matchweek 34,Sat,Home,W,6,0,Wolves,3.3,0.8,57,31584,Lewis Dunk,4-2-3-1,4/4/2002,David Coote,Match Report,,22,8,16.5,0,0,0,Brighton And Hove Albion,2023
5/4/2023,20:00,Premier League,Matchweek 28,Thu,Home,W,1,0,Manchester Utd,2.3,1.4,59,31577,Lewis Dunk,4-2-3-1,4/3/2003,Andre Marriner,Match Report,,21,5,19.3,0,1,1,Brighton And Hove Albion,2023
5/8/2023,17:30,Premier League,Matchweek 35,Mon,Home,L,1,5,Everton,3.2,2.3,78,31567,Lewis Dunk,4-2-3-1,4-2-3-1,Simon Hooper,Match Report,,23,5,13.3,0,0,0,Brighton And Hove Albion,2023
5/14/2023,16:30,Premier League,Matchweek 36,Sun,Away,W,3,0,Arsenal,1.7,0.9,59,60139,Lewis Dunk,4-2-3-1,4/3/2003,Andy Madley,Match Report,,12,6,18.3,0,0,0,Brighton And Hove Albion,2023
5/18/2023,19:30,Premier League,Matchweek 25,Thu,Away,L,1,4,Newcastle Utd,0.5,3.6,65,52122,Lewis Dunk,4-2-3-1,4/3/2003,Robert Jones,Match Report,,8,2,17.2,0,0,0,Brighton And Hove Albion,2023
5/21/2023,14:00,Premier League,Matchweek 37,Sun,Home,W,3,1,Southampton,2.5,0.6,63,31507,Lewis Dunk,4-2-3-1,4-1-4-1,Paul Tierney,Match Report,,26,8,17.4,0,0,0,Brighton And Hove Albion,2023
5/24/2023,20:00,Premier League,Matchweek 32,Wed,Home,D,1,1,Manchester City,2.2,1.8,40,31388,Pascal Groß,4-2-3-1,4/3/2003,Simon Hooper,Match Report,,20,7,17.4,2,0,0,Brighton And Hove Albion,2023
5/28/2023,16:30,Premier League,Matchweek 38,Sun,Away,L,1,2,Aston Villa,1.4,2.8,59,,Pascal Groß,4/4/2002,4-2-3-1,David Coote,Match Report,,8,4,18.2,0,0,0,Brighton And Hove Albion,2023
8/12/2023,15:00,Premier League,Matchweek 1,Sat,Home,W,4,1,Luton Town,4,1.5,70,31872,Lewis Dunk,4-2-3-1,3/5/2002,David Coote,Match Report,,26,11,17,0,1,1,Brighton And Hove Albion,2024
8/19/2023,15:00,Premier League,Matchweek 2,Sat,Away,W,4,1,Wolves,2.2,2.1,53,31317,Lewis Dunk,4-2-3-1,4-4-1-1,Andy Madley,Match Report,,16,8,15.6,0,0,0,Brighton And Hove Albion,2024
8/26/2023,17:30,Premier League,Matchweek 3,Sat,Home,L,1,3,West Ham,1.5,3,78,31508,Lewis Dunk,4-2-3-1,4-1-4-1,Anthony Taylor,Match Report,,25,10,19.5,1,0,0,Brighton And Hove Albion,2024
9/2/2023,17:30,Premier League,Matchweek 4,Sat,Home,W,3,1,Newcastle Utd,1.3,1.2,56,31620,Lewis Dunk,4-2-3-1,4/3/2003,Stuart Attwell,Match Report,,15,6,17.3,0,0,0,Brighton And Hove Albion,2024
9/16/2023,15:00,Premier League,Matchweek 5,Sat,Away,W,3,1,Manchester Utd,1.7,1,56,73592,Lewis Dunk,4-2-3-1,4-1-2-1-2,Jarred Gillett,Match Report,,10,8,17.1,0,0,0,Brighton And Hove Albion,2024
9/24/2023,14:00,Premier League,Matchweek 6,Sun,Home,W,3,1,Bournemouth,1.9,1.1,61,31617,Lewis Dunk,4-2-3-1,4-2-3-1,John Brooks,Match Report,,13,4,17.1,0,0,0,Brighton And Hove Albion,2024
9/30/2023,12:30,Premier League,Matchweek 7,Sat,Away,L,1,6,Aston Villa,1.7,1.6,61,40636,Lewis Dunk,4-2-3-1,4-2-3-1,Andy Madley,Match Report,,11,3,15.4,0,0,0,Brighton And Hove Albion,2024
10/8/2023,14:00,Premier League,Matchweek 8,Sun,Home,D,2,2,Liverpool,2.3,2.3,46,31752,Lewis Dunk,4-2-3-1,4/3/2003,Anthony Taylor,Match Report,,14,3,16.9,2,0,0,Brighton And Hove Albion,2024
10/21/2023,15:00,Premier League,Matchweek 9,Sat,Away,L,1,2,Manchester City,0.8,0.8,45,53466,Lewis Dunk,4-2-3-1,3-2-4-1,Robert Jones,Match Report,,5,3,12.1,0,0,0,Brighton And Hove Albion,2024
10/29/2023,14:00,Premier League,Matchweek 10,Sun,Home,D,1,1,Fulham,1.4,0.7,71,31550,Lewis Dunk,3/4/2003,4-2-3-1,Michael Salisbury,Match Report,,18,6,18.1,1,0,0,Brighton And Hove Albion,2024
11/4/2023,15:00,Premier League,Matchweek 11,Sat,Away,D,1,1,Everton,0.5,0.7,79,38683,Lewis Dunk,4/3/2003,4-4-1-1,Tim Robinson,Match Report,,7,2,15.6,1,0,0,Brighton And Hove Albion,2024
11/12/2023,14:00,Premier League,Matchweek 12,Sun,Home,D,1,1,Sheffield Utd,1.5,1.1,61,31367,Pascal Groß,4-2-3-1,3/4/2003,John Brooks,Match Report,,11,6,16.5,0,0,0,Brighton And Hove Albion,2024
11/25/2023,15:00,Premier League,Matchweek 13,Sat,Away,W,3,2,Nott'ham Forest,1.3,1.9,53,29404,Lewis Dunk,4-2-3-1,4-1-4-1,Anthony Taylor,Match Report,,9,4,19.9,1,1,1,Brighton And Hove Albion,2024
12/3/2023,14:00,Premier League,Matchweek 14,Sun,Away,L,2,3,Chelsea,1.1,2.1,68,39647,Adam Lallana,4-2-3-1,4-2-3-1,Craig Pawson,Match Report,,18,9,18.6,1,0,0,Brighton And Hove Albion,2024
12/6/2023,19:30,Premier League,Matchweek 15,Wed,Home,W,2,1,Brentford,1.5,1.5,61,31571,Pascal Groß,4-2-3-1,4/4/2002,Peter Bankes,Match Report,,18,7,16.1,0,0,0,Brighton And Hove Albion,2024
12/9/2023,15:00,Premier League,Matchweek 16,Sat,Home,D,1,1,Burnley,2.6,0.6,72,31511,Lewis Dunk,4-2-3-1,4/4/2002,Simon Hooper,Match Report,,29,11,14.2,2,0,0,Brighton And Hove Albion,2024
12/17/2023,14:00,Premier League,Matchweek 17,Sun,Away,L,0,2,Arsenal,0.7,2.3,51,60257,Lewis Dunk,4-2-3-1,4/3/2003,Tim Robinson,Match Report,,6,1,16.9,0,0,0,Brighton And Hove Albion,2024
12/21/2023,20:00,Premier League,Matchweek 18,Thu,Away,D,1,1,Crystal Palace,1.2,1.3,65,24171,Lewis Dunk,4-2-3-1,4/3/2003,John Brooks,Match Report,,18,6,17.6,0,0,0,Brighton And Hove Albion,2024
12/28/2023,19:30,Premier League,Matchweek 19,Thu,Home,W,4,2,Tottenham,3.2,2.3,45,31675,Lewis Dunk,4-1-2-1-2◆,4-2-3-1,Jarred Gillett,Match Report,,13,7,15.2,0,2,2,Brighton And Hove Albion,2024
1/2/2024,19:30,Premier League,Matchweek 20,Tue,Away,D,0,0,West Ham,2.3,0.7,68,62462,Pascal Groß,4-3-1-2,4-2-3-1,Samuel Barrott,Match Report,,22,8,14.4,0,0,0,Brighton And Hove Albion,2024
1/22/2024,19:45,Premier League,Matchweek 21,Mon,Home,D,0,0,Wolves,1,1.1,72,41505,Lewis Dunk,4/3/2003,3/4/2003,Craig Pawson,Match Report,,11,3,14.2,0,0,0,Brighton And Hove Albion,2024
1/30/2024,19:45,Premier League,Matchweek 22,Tue,Away,L,0,4,Luton Town,0.9,3.1,59,10994,Lewis Dunk,3/4/2003,3/4/2003,Robert Jones,Match Report,,9,2,13.9,0,0,0,Brighton And Hove Albion,2024
2/3/2024,15:00,Premier League,Matchweek 23,Sat,Home,W,4,1,Crystal Palace,1.4,0.3,68,31345,Lewis Dunk,3/4/2003,4/3/2003,Simon Hooper,Match Report,,13,6,16.7,0,0,0,Brighton And Hove Albion,2024
2/10/2024,15:00,Premier League,Matchweek 24,Sat,Away,L,1,2,Tottenham,1.2,1.6,48,61445,Lewis Dunk,4-2-3-1,4-2-3-1,Samuel Barrott,Match Report,,5,2,17.8,0,1,1,Brighton And Hove Albion,2024
2/18/2024,14:00,Premier League,Matchweek 25,Sun,Away,W,5,0,Sheffield Utd,2.9,0.6,79,29522,Lewis Dunk,4-2-3-1,3-5-1-1,Stuart Attwell,Match Report,,24,9,15.1,0,0,0,Brighton And Hove Albion,2024
2/24/2024,15:00,Premier League,Matchweek 26,Sat,Home,D,1,1,Everton,1.4,0.3,64,41646,Lewis Dunk,4-2-3-1,4-4-1-1,Tony Harrington,Match Report,,23,7,16.3,1,0,0,Brighton And Hove Albion,2024
3/2/2024,15:00,Premier League,Matchweek 27,Sat,Away,L,0,3,Fulham,1.3,1.3,70,24460,Lewis Dunk,3/4/2003,4-2-3-1,Simon Hooper,Match Report,,15,5,17.6,0,0,0,Brighton And Hove Albion,2024
3/10/2024,14:00,Premier League,Matchweek 28,Sun,Home,W,1,0,Nott'ham Forest,0.4,0.7,63,31505,Lewis Dunk,4-2-3-1,4/3/2003,Michael Salisbury,Match Report,,10,3,17.5,0,0,0,Brighton And Hove Albion,2024
3/31/2024,14:00,Premier League,Matchweek 30,Sun,Away,L,1,2,Liverpool,0.5,2.8,45,60061,Lewis Dunk,4-2-3-1,4/3/2003,David Coote,Match Report,,9,3,17.2,0,0,0,Brighton And Hove Albion,2024
4/3/2024,19:30,Premier League,Matchweek 31,Wed,Away,D,0,0,Brentford,1.1,0.6,66,17024,Lewis Dunk,4-2-3-1,3/5/2002,Andy Madley,Match Report,,24,6,20.1,0,0,0,Brighton And Hove Albion,2024
4/6/2024,17:30,Premier League,Matchweek 32,Sat,Home,L,0,3,Arsenal,0.5,3.4,54,31677,Lewis Dunk,4-2-3-1,4/3/2003,John Brooks,Match Report,,10,2,19.2,0,0,0,Brighton And Hove Albion,2024
4/13/2024,15:00,Premier League,Matchweek 33,Sat,Away,D,1,1,Burnley,0.9,1.7,56,20687,Lewis Dunk,4-2-3-1,4/4/2002,Simon Hooper,Match Report,,20,8,18.4,1,0,0,Brighton And Hove Albion,2024
4/25/2024,20:00,Premier League,Matchweek 29,Thu,Home,L,0,4,Manchester City,0.6,1.4,36,31596,Lewis Dunk,4-2-3-1,4-1-4-1,Jarred Gillett,Match Report,,7,3,16,0,0,0,Brighton And Hove Albion,2024
4/28/2024,14:00,Premier League,Matchweek 35,Sun,Away,L,0,3,Bournemouth,0.9,1.9,69,11188,Lewis Dunk,4-2-3-1,4/4/2002,Paul Tierney,Match Report,,13,1,16.5,0,0,0,Brighton And Hove Albion,2024
5/5/2024,14:00,Premier League,Matchweek 36,Sun,Home,W,1,0,Aston Villa,2.5,0.1,52,31596,Lewis Dunk,4-2-3-1,4-2-3-1,Robert Jones,Match Report,,14,7,16.3,0,0,1,Brighton And Hove Albion,2024
5/11/2024,15:00,Premier League,Matchweek 37,Sat,Away,D,1,1,Newcastle Utd,1.4,2.2,43,51997,Lewis Dunk,4-2-3-1,4/3/2003,Darren England,Match Report,,15,4,16.2,0,0,0,Brighton And Hove Albion,2024
5/15/2024,19:45,Premier League,Matchweek 34,Wed,Home,L,1,2,Chelsea,1.3,1.5,55,31555,Lewis Dunk,4-2-3-1,4-2-3-1,Michael Salisbury,Match Report,,12,2,15.3,0,0,0,Brighton And Hove Albion,2024
5/19/2024,16:00,Premier League,Matchweek 38,Sun,Home,L,0,2,Manchester Utd,1.7,1.3,55,31662,Adam Lallana,4-2-3-1,4-2-2-2,Craig Pawson,Match Report,,17,2,14.2,0,0,0,Brighton And Hove Albion,2024
8/17/2024,15:00,Premier League,Matchweek 1,Sat,Away,W,3,0,Everton,1.4,0.5,60,39217,Lewis Dunk,4-2-3-1,4-2-3-1,Simon Hooper,Match Report,,10,5,13.8,0,0,0,Brighton And Hove Albion,2025
8/24/2024,12:30,Premier League,Matchweek 2,Sat,Home,W,2,1,Manchester Utd,2.1,1.4,48,31537,Lewis Dunk,4-2-3-1,4-2-3-1,Craig Pawson,Match Report,,14,4,14.2,1,0,0,Brighton And Hove Albion,2025
8/31/2024,12:30,Premier League,Matchweek 3,Sat,Away,D,1,1,Arsenal,1.7,2.1,64,60326,Lewis Dunk,4-2-3-1,4/3/2003,Chris Kavanagh,Match Report,,22,4,19.3,0,0,0,Brighton And Hove Albion,2025
9/14/2024,15:00,Premier League,Matchweek 4,Sat,Home,D,0,0,Ipswich Town,1.6,0.3,68,41573,Lewis Dunk,4/4/2002,4-2-3-1,Samuel Barrott,Match Report,,21,6,18.5,2,0,0,Brighton And Hove Albion,2025
9/22/2024,14:00,Premier League,Matchweek 5,Sun,Home,D,2,2,Nott'ham Forest,1,1.4,70,31444,Lewis Dunk,4-2-3-1,4-2-3-1,Robert Jones,Match Report,,14,3,17.4,1,0,0,Brighton And Hove Albion,2025
9/28/2024,15:00,Premier League,Matchweek 6,Sat,Away,L,2,4,Chelsea,1.1,4.2,59,39495,Lewis Dunk,4/3/2003,4-2-3-1,Peter Bankes,Match Report,,15,5,20.1,2,0,0,Brighton And Hove Albion,2025
10/6/2024,16:30,Premier League,Matchweek 7,Sun,Home,W,3,2,Tottenham,1.8,1.3,41,31487,Lewis Dunk,4-2-3-1,4/3/2003,David Coote,Match Report,,11,4,14.8,0,0,0,Brighton And Hove Albion,2025
10/19/2024,15:00,Premier League,Matchweek 8,Sat,Away,W,1,0,Newcastle Utd,1.1,2,40,52220,Lewis Dunk,4/4/2002,4/3/2003,Peter Bankes,Match Report,,10,5,16,0,0,0,Brighton And Hove Albion,2025
10/26/2024,15:00,Premier League,Matchweek 9,Sat,Home,D,2,2,Wolves,1.3,1.3,51,31840,Danny Welbeck,4/4/2002,3/4/2003,Michael Oliver,Match Report,,19,6,17.5,1,0,0,Brighton And Hove Albion,2025
11/2/2024,15:00,Premier League,Matchweek 10,Sat,Away,L,1,2,Liverpool,1,1.6,51,60331,Danny Welbeck,4/4/2002,4-2-3-1,Tony Harrington,Match Report,,13,5,19.6,2,0,0,Brighton And Hove Albion,2025
11/9/2024,17:30,Premier League,Matchweek 11,Sat,Home,W,2,1,Manchester City,2.3,2.1,40,31715,Danny Welbeck,4/4/2002,4-1-4-1,Samuel Barrott,Match Report,,10,4,13.5,1,0,0,Brighton And Hove Albion,2025
11/23/2024,15:00,Premier League,Matchweek 12,Sat,Away,W,2,1,Bournemouth,0.9,1.6,45,11196,Danny Welbeck,4-2-3-1,4-2-3-1,Stuart Attwell,Match Report,,6,4,13.9,0,0,0,Brighton And Hove Albion,2025
11/29/2024,20:00,Premier League,Matchweek 13,Fri,Home,D,1,1,Southampton,1.7,1,53,31542,Danny Welbeck,4/4/2002,5/4/2001,Robert Jones,Match Report,,22,5,16.5,0,0,0,Brighton And Hove Albion,2025
12/5/2024,19:30,Premier League,Matchweek 14,Thu,Away,L,1,3,Fulham,1.4,1.1,57,26368,Lewis Dunk,3/4/2003,4-2-3-1,Peter Bankes,Match Report,,13,3,16.7,1,0,0,Brighton And Hove Albion,2025
12/8/2024,14:00,Premier League,Matchweek 15,Sun,Away,D,2,2,Leicester City,1.5,1.3,44,31647,Lewis Dunk,4-2-3-1,4-2-3-1,Stuart Attwell,Match Report,,16,7,19,2,0,0,Brighton And Hove Albion,2025
12/15/2024,14:00,Premier League,Matchweek 16,Sun,Home,L,1,3,Crystal Palace,1,2.2,64,30893,Lewis Dunk,4-2-3-1,3/4/2003,Michael Oliver,Match Report,,17,5,20.6,1,0,0,Brighton And Hove Albion,2025
12/21/2024,15:00,Premier League,Matchweek 17,Sat,Away,D,1,1,West Ham,0.9,1.2,53,62460,Lewis Dunk,4-2-3-1,4-1-4-1,Robert Jones,Match Report,,12,6,15,0,0,0,Brighton And Hove Albion,2025
12/27/2024,19:30,Premier League,Matchweek 18,Fri,Home,D,0,0,Brentford,1.3,1.1,57,31548,Lewis Dunk,4-2-3-1,4-2-3-1,Andy Madley,Match Report,,24,7,18,1,0,0,Brighton And Hove Albion,2025
12/30/2024,19:45,Premier League,Matchweek 19,Mon,Away,D,2,2,Aston Villa,1.1,1.8,41,41414,Lewis Dunk,4-2-3-1,4-2-3-1,Craig Pawson,Match Report,,13,4,19.1,0,0,0,Brighton And Hove Albion,2025
1/4/2025,17:30,Premier League,Matchweek 20,Sat,Home,D,1,1,Arsenal,1.5,0.9,45,31714,João Pedro,4-2-3-1,4/3/2003,Anthony Taylor,Match Report,,10,3,21.3,1,1,1,Brighton And Hove Albion,2025
1/16/2025,19:30,Premier League,Matchweek 21,Thu,Away,W,2,0,Ipswich Town,1,0.3,53,29403,Adam Webster,4-1-4-1,4-2-3-1,Tony Harrington,Match Report,,11,5,14.1,0,0,0,Brighton And Hove Albion,2025
1/19/2025,14:00,Premier League,Matchweek 22,Sun,Away,W,3,1,Manchester Utd,1.9,1.5,49,73758,Lewis Dunk,4/4/2002,3/4/2003,Peter Bankes,Match Report,,6,3,15.3,0,0,0,Brighton And Hove Albion,2025
1/25/2025,15:00,Premier League,Matchweek 23,Sat,Home,L,0,1,Everton,0.7,0.8,69,31087,Lewis Dunk,4-2-3-1,4-2-3-1,Tim Robinson,Match Report,,16,1,19.6,0,0,0,Brighton And Hove Albion,2025
2/1/2025,12:30,Premier League,Matchweek 24,Sat,Away,L,0,7,Nott'ham Forest,0.9,3.3,62,30164,Lewis Dunk,4-1-4-1,3/5/2002,Simon Hooper,Match Report,,10,5,17.9,1,0,0,Brighton And Hove Albion,2025
2/14/2025,20:00,Premier League,Matchweek 25,Fri,Home,W,3,0,Chelsea,1.4,0.5,31,31324,Danny Welbeck,5/4/2001,4-2-3-1,Chris Kavanagh,Match Report,,13,5,16.2,0,0,0,Brighton And Hove Albion,2025
2/22/2025,15:00,Premier League,Matchweek 26,Sat,Away,W,4,0,Southampton,3.9,0.1,50,30775,Adam Webster,4-2-3-1,3/4/2003,Darren Bond,Match Report,,18,12,14.6,1,0,0,Brighton And Hove Albion,2025
2/25/2025,19:30,Premier League,Matchweek 27,Tue,Home,W,2,1,Bournemouth,2.4,1.5,44,31138,Adam Webster,4-2-3-1,4-2-3-1,Michael Oliver,Match Report,,10,3,17.4,1,1,1,Brighton And Hove Albion,2025
3/8/2025,15:00,Premier League,Matchweek 28,Sat,Home,W,2,1,Fulham,1.5,0.9,53,31584,Adam Webster,4-2-3-1,3/4/2003,Samuel Barrott,Match Report,,8,3,16.2,0,1,1,Brighton And Hove Albion,2025
3/15/2025,15:00,Premier League,Matchweek 29,Sat,Away,D,2,2,Manchester City,2,1.7,40,52471,Adam Webster,4-2-3-1,4-2-3-1,Simon Hooper,Match Report,,15,3,14.4,1,0,0,Brighton And Hove Albion,2025
4/2/2025,19:45,Premier League,Matchweek 30,Wed,Home,L,0,3,Aston Villa,0.9,1.2,56,27895,Lewis Dunk,4-2-3-1,4-2-3-1,Stuart Attwell,Match Report,,11,4,17,1,0,0,Brighton And Hove Albion,2025
4/5/2025,15:00,Premier League,Matchweek 31,Sat,Away,L,1,2,Crystal Palace,1,0.6,62,24564,Lewis Dunk,4-2-3-1,3/4/2003,Anthony Taylor,Match Report,,11,5,16.7,0,0,0,Brighton And Hove Albion,2025
4/12/2025,15:00,Premier League,Matchweek 32,Sat,Home,D,2,2,Leicester City,3.8,1.5,59,31150,Lewis Dunk,4-1-4-1,4-2-3-1,Darren Bond,Match Report,,19,5,15.8,1,2,2,Brighton And Hove Albion,2025
4/19/2025,15:00,Premier League,Matchweek 33,Sat,Away,L,2,4,Brentford,1.4,2.1,53,17083,Lewis Dunk,4-2-3-1,4-2-3-1,Tim Robinson,Match Report,,12,3,15.5,2,0,0,Brighton And Hove Albion,2025
4/26/2025,15:00,Premier League,Matchweek 34,Sat,Home,W,3,2,West Ham,1.3,1.3,53,31499,Lewis Dunk,4-2-3-1,3/5/2002,Darren England,Match Report,,16,9,19.8,0,0,0,Brighton And Hove Albion,2025
5/4/2025,14:00,Premier League,Matchweek 35,Sun,Home,D,1,1,Newcastle Utd,0.7,1.7,45,31580,Lewis Dunk,4-2-3-1,4/3/2003,Craig Pawson,Match Report,,5,2,14.6,0,0,0,Brighton And Hove Albion,2025
5/10/2025,15:00,Premier League,Matchweek 36,Sat,Away,W,2,0,Wolves,1.6,0.9,44,31279,Danny Welbeck,4-2-3-1,3/4/2003,Michael Oliver,Match Report,,6,1,22.5,0,1,1,Brighton And Hove Albion,2025
5/19/2025,20:00,Premier League,Matchweek 37,Mon,Home,W,3,2,Liverpool,2.2,2.2,49,31611,Danny Welbeck,4-2-3-1,4-2-3-1,Andy Madley,Match Report,,25,12,17.5,1,0,0,Brighton And Hove Albion,2025
5/25/2025,16:00,Premier League,Matchweek 38,Sun,Away,W,4,1,Tottenham,2.2,2,66,61449,Adam Webster,4/4/2002,4/3/2003,Robert Jones,Match Report,,22,7,15.4,0,1,1,Brighton And Hove Albion,2025
9/20/2020,19:00,Premier League,Matchweek 2,Sun,Away,L,2,4,Leicester City,1.4,1.2,33,,Ashley Westwood,4/4/2002,4-1-4-1,Lee Mason,Match Report,,16,5,16.4,1,0,0,Burnley,2021
9/26/2020,20:00,Premier League,Matchweek 3,Sat,Home,L,0,1,Southampton,0.5,0.6,53,,Ashley Westwood,4/4/2002,4/4/2002,Andre Marriner,Match Report,,10,2,18.3,1,0,0,Burnley,2021
10/3/2020,20:00,Premier League,Matchweek 4,Sat,Away,L,1,3,Newcastle Utd,0.4,1.8,52,,Ashley Westwood,4/4/2002,4/4/2002,David Coote,Match Report,,7,3,13.4,0,0,0,Burnley,2021
10/19/2020,17:30,Premier League,Matchweek 5,Mon,Away,D,0,0,West Brom,1.1,0.8,43,,Ashley Westwood,4/4/2002,4-1-4-1,Anthony Taylor,Match Report,,9,4,16.1,1,0,0,Burnley,2021
10/26/2020,20:00,Premier League,Matchweek 6,Mon,Home,L,0,1,Tottenham,1,0.6,39,,Ashley Westwood,4/4/2002,4-2-3-1,Michael Oliver,Match Report,,13,3,21.1,1,0,0,Burnley,2021
10/31/2020,15:00,Premier League,Matchweek 7,Sat,Home,L,0,3,Chelsea,0.5,0.9,37,,Ashley Westwood,4/4/2002,4/3/2003,David Coote,Match Report,,5,0,24.4,0,0,0,Burnley,2021
11/6/2020,17:30,Premier League,Matchweek 8,Fri,Away,D,0,0,Brighton,0.5,1.5,41,,Ben Mee,4/4/2002,5/3/2002,Mike Dean,Match Report,,4,1,11.7,0,0,0,Burnley,2021
11/23/2020,17:30,Premier League,Matchweek 9,Mon,Home,W,1,0,Crystal Palace,1.5,1.5,46,,Ben Mee,4/4/2002,4/4/2002,Kevin Friend,Match Report,,10,4,18.6,0,0,0,Burnley,2021
11/28/2020,15:00,Premier League,Matchweek 10,Sat,Away,L,0,5,Manchester City,0.5,1.7,32,,Ben Mee,4-4-1-1,4-2-3-1,Lee Mason,Match Report,,9,1,19.9,1,0,0,Burnley,2021
12/5/2020,12:30,Premier League,Matchweek 11,Sat,Home,D,1,1,Everton,0.8,2.2,42,,Ben Mee,4/4/2002,3/4/2003,Anthony Taylor,Match Report,,8,3,18.6,0,0,0,Burnley,2021
12/13/2020,19:15,Premier League,Matchweek 12,Sun,Away,W,1,0,Arsenal,1.4,1.6,35,2000,Ben Mee,4-4-1-1,4-2-3-1,Graham Scott,Match Report,,10,2,15.9,0,0,0,Burnley,2021
12/17/2020,18:00,Premier League,Matchweek 13,Thu,Away,D,0,0,Aston Villa,0.3,1.5,41,,Ben Mee,4/4/2002,4-2-3-1,Craig Pawson,Match Report,,6,4,19.7,1,0,0,Burnley,2021
12/21/2020,17:30,Premier League,Matchweek 14,Mon,Home,W,2,1,Wolves,1.7,1.5,37,,Ben Mee,4/4/2002,3-4-1-2,Lee Mason,Match Report,,10,4,15.8,1,0,0,Burnley,2021
12/27/2020,12:00,Premier League,Matchweek 15,Sun,Away,L,0,1,Leeds United,1.5,1.9,49,,Ben Mee,4/4/2002,3-3-3-1,Robert Jones,Match Report,,14,6,16.1,0,0,0,Burnley,2021
12/29/2020,18:00,Premier League,Matchweek 16,Tue,Home,W,1,0,Sheffield Utd,1,0.7,37,,Ben Mee,4/4/2002,3/4/2003,Chris Kavanagh,Match Report,,5,3,11.8,1,0,0,Burnley,2021
1/12/2021,20:15,Premier League,Matchweek 1,Tue,Home,L,0,1,Manchester Utd,0.9,1.2,38,,Ben Mee,4/4/2002,4-2-3-1,Kevin Friend,Match Report,,11,0,20,0,0,0,Burnley,2021
1/16/2021,15:00,Premier League,Matchweek 19,Sat,Away,L,0,1,West Ham,0.5,1.7,55,,Ben Mee,4/4/2002,4-2-3-1,Chris Kavanagh,Match Report,,10,2,24.2,1,0,0,Burnley,2021
1/21/2021,20:00,Premier League,Matchweek 18,Thu,Away,W,1,0,Liverpool,1.1,1.6,28,,Ben Mee,4/4/2002,4/3/2003,Mike Dean,Match Report,,5,3,18.2,0,1,1,Burnley,2021
1/27/2021,18:00,Premier League,Matchweek 20,Wed,Home,W,3,2,Aston Villa,0.5,2.2,39,,Ben Mee,4/4/2002,4-2-3-1,Paul Tierney,Match Report,,10,5,20,0,0,0,Burnley,2021
1/31/2021,12:00,Premier League,Matchweek 21,Sun,Away,L,0,2,Chelsea,0.2,1.2,30,,Ben Mee,4/4/2002,3/4/2003,Graham Scott,Match Report,,1,0,5.3,0,0,0,Burnley,2021
2/3/2021,18:00,Premier League,Matchweek 22,Wed,Home,L,0,2,Manchester City,0.1,2,26,,Ben Mee,4/4/2002,4/3/2003,Martin Atkinson,Match Report,,2,0,22.9,0,0,0,Burnley,2021
2/6/2021,15:00,Premier League,Matchweek 23,Sat,Home,D,1,1,Brighton,1.8,0.5,55,,Ben Mee,4/4/2002,3-4-1-2,Anthony Taylor,Match Report,,20,7,17.8,1,0,0,Burnley,2021
2/13/2021,15:00,Premier League,Matchweek 24,Sat,Away,W,3,0,Crystal Palace,1.4,0.5,46,,Ben Mee,4/4/2002,4/4/2002,Michael Oliver,Match Report,,16,4,17.7,0,0,0,Burnley,2021
2/17/2021,18:00,Premier League,Matchweek 17,Wed,Home,D,1,1,Fulham,0.9,0.5,47,,James Tarkowski,4/4/2002,4-4-1-1,Jonathan Moss,Match Report,,8,3,12.6,0,0,0,Burnley,2021
2/20/2021,15:00,Premier League,Matchweek 25,Sat,Home,D,0,0,West Brom,0.5,1.6,62,,Ben Mee,4/4/2002,4-1-4-1,Mike Dean,Match Report,,6,1,18.9,1,0,0,Burnley,2021
2/28/2021,14:00,Premier League,Matchweek 26,Sun,Away,L,0,4,Tottenham,0.7,2.1,42,,Ben Mee,4/4/2002,4-2-3-1,Kevin Friend,Match Report,,10,3,19.3,0,0,0,Burnley,2021
3/3/2021,18:00,Premier League,Matchweek 29,Wed,Home,D,1,1,Leicester City,1.8,1.2,39,,Ben Mee,4/4/2002,3-1-4-2,Andy Madley,Match Report,,12,7,18,1,0,0,Burnley,2021
3/6/2021,12:30,Premier League,Matchweek 27,Sat,Home,D,1,1,Arsenal,1.1,2.5,41,,Ben Mee,4/4/2002,4-2-3-1,Andre Marriner,Match Report,,9,5,18.2,0,0,0,Burnley,2021
3/13/2021,17:30,Premier League,Matchweek 28,Sat,Away,W,2,1,Everton,0.8,1.5,35,,Ben Mee,4/4/2002,4-1-2-1-2,Jonathan Moss,Match Report,,14,5,19.1,1,0,0,Burnley,2021
4/4/2021,12:00,Premier League,Matchweek 30,Sun,Away,L,2,3,Southampton,1.5,2.2,47,,Ben Mee,4/4/2002,4/4/2002,Andre Marriner,Match Report,,6,4,16.7,0,1,1,Burnley,2021
4/11/2021,12:00,Premier League,Matchweek 31,Sun,Home,L,1,2,Newcastle Utd,2,1.2,56,,Ben Mee,4/4/2002,5/3/2002,Anthony Taylor,Match Report,,24,4,15.3,1,0,0,Burnley,2021
4/18/2021,16:00,Premier League,Matchweek 32,Sun,Away,L,1,3,Manchester Utd,0.9,2.5,31,,Ben Mee,4-4-1-1,4-2-3-1,Jonathan Moss,Match Report,,10,3,19,0,0,0,Burnley,2021
4/25/2021,12:00,Premier League,Matchweek 33,Sun,Away,W,4,0,Wolves,2,0.4,42,,Ben Mee,4/4/2002,3-4-1-2,Darren England,Match Report,,14,7,18.8,0,0,0,Burnley,2021
5/3/2021,20:15,Premier League,Matchweek 34,Mon,Home,L,1,2,West Ham,2,2.3,45,,Ben Mee,4/4/2002,4-2-3-1,Anthony Taylor,Match Report,,7,1,12.3,0,1,1,Burnley,2021
5/10/2021,20:00,Premier League,Matchweek 35,Mon,Away,W,2,0,Fulham,1.5,1,32,,Ben Mee,4/4/2002,4-2-3-1,David Coote,Match Report,,14,5,14.6,0,0,0,Burnley,2021
5/15/2021,12:30,Premier League,Matchweek 36,Sat,Home,L,0,4,Leeds United,1.3,1.5,48,,Ben Mee,4/4/2002,3-3-3-1,Graham Scott,Match Report,,16,4,17.9,1,0,0,Burnley,2021
5/19/2021,20:15,Premier League,Matchweek 37,Wed,Home,L,0,3,Liverpool,0.8,2.6,41,3387,Ben Mee,4-4-1-1,4/3/2003,Chris Kavanagh,Match Report,,10,3,15.3,0,0,0,Burnley,2021
5/23/2021,16:00,Premier League,Matchweek 38,Sun,Away,L,0,1,Sheffield Utd,1.1,0.5,57,5000,James Tarkowski,4-4-1-1,3/4/2003,Kevin Friend,Match Report,,10,3,13.4,0,0,0,Burnley,2021
8/14/2021,15:00,Premier League,Matchweek 1,Sat,Home,L,1,2,Brighton,1.5,1,37,16910,Ben Mee,4/4/2002,4-1-4-1,David Coote,Match Report,,14,3,16.2,1,0,0,Burnley,2022
8/21/2021,12:30,Premier League,Matchweek 2,Sat,Away,L,0,2,Liverpool,0.9,2.7,35,52591,Ben Mee,4/4/2002,4/3/2003,Mike Dean,Match Report,,9,3,15.3,0,0,0,Burnley,2022
8/29/2021,14:00,Premier League,Matchweek 3,Sun,Home,D,1,1,Leeds United,1,1.2,36,20000,Ben Mee,4/4/2002,3-3-3-1,Michael Oliver,Match Report,,12,3,16.5,0,0,0,Burnley,2022
9/13/2021,20:00,Premier League,Matchweek 4,Mon,Away,L,1,3,Everton,1,1.4,48,30000,Ben Mee,4/4/2002,3/4/2003,Martin Atkinson,Match Report,,11,6,16.8,0,0,0,Burnley,2022
9/18/2021,15:00,Premier League,Matchweek 5,Sat,Home,L,0,1,Arsenal,1,1.1,46,20000,Ben Mee,4/4/2002,4-1-4-1,Anthony Taylor,Match Report,,18,3,15.4,0,0,0,Burnley,2022
9/25/2021,15:00,Premier League,Matchweek 6,Sat,Away,D,2,2,Leicester City,0.5,2.4,34,31650,Ben Mee,4/4/2002,4/3/2003,Chris Kavanagh,Match Report,,9,3,22.7,1,0,0,Burnley,2022
10/2/2021,15:00,Premier League,Matchweek 7,Sat,Home,D,0,0,Norwich City,1.2,0.6,56,17427,James Tarkowski,4/4/2002,5/3/2002,Kevin Friend,Match Report,,14,4,16.6,1,0,0,Burnley,2022
10/16/2021,15:00,Premier League,Matchweek 8,Sat,Away,L,0,2,Manchester City,0.9,2.1,30,52711,James Tarkowski,4/4/2002,4/3/2003,Martin Atkinson,Match Report,,7,2,14.5,0,0,0,Burnley,2022
10/23/2021,15:00,Premier League,Matchweek 9,Sat,Away,D,2,2,Southampton,0.7,1.6,39,29145,James Tarkowski,4/4/2002,4/4/2002,Chris Kavanagh,Match Report,,9,5,20.9,0,0,0,Burnley,2022
10/30/2021,15:00,Premier League,Matchweek 10,Sat,Home,W,3,1,Brentford,2.3,0.8,41,18821,Ben Mee,4/4/2002,3/5/2002,Jonathan Moss,Match Report,,15,5,16.6,1,0,0,Burnley,2022
11/6/2021,15:00,Premier League,Matchweek 11,Sat,Away,D,1,1,Chelsea,0.7,1.8,30,39798,Ben Mee,4/4/2002,3-4-1-2,Andre Marriner,Match Report,,5,2,15.9,0,0,0,Burnley,2022
11/20/2021,15:00,Premier League,Matchweek 12,Sat,Home,D,3,3,Crystal Palace,1.5,1.9,40,18028,Ben Mee,4/4/2002,4/3/2003,Simon Hooper,Match Report,,15,9,16.1,1,0,0,Burnley,2022
12/1/2021,19:30,Premier League,Matchweek 14,Wed,Away,D,0,0,Wolves,0.2,0.7,35,30328,Ben Mee,4/4/2002,3/4/2003,John Brooks,Match Report,,6,1,21.3,0,0,0,Burnley,2022
12/4/2021,15:00,Premier League,Matchweek 15,Sat,Away,L,0,1,Newcastle Utd,0.6,1,52,51948,James Tarkowski,4/4/2002,4/4/2002,Paul Tierney,Match Report,,10,1,18.8,2,0,0,Burnley,2022
12/12/2021,14:00,Premier League,Matchweek 16,Sun,Home,D,0,0,West Ham,0.8,0.8,40,18065,Ben Mee,4/4/2002,4-2-3-1,Graham Scott,Match Report,,9,1,15.2,0,0,0,Burnley,2022
12/30/2021,20:15,Premier League,Matchweek 20,Thu,Away,L,1,3,Manchester Utd,1.1,2.4,43,73121,Ben Mee,4/4/2002,4-2-2-2,Jonathan Moss,Match Report,,10,3,13.3,0,0,0,Burnley,2022
1/2/2022,14:00,Premier League,Matchweek 21,Sun,Away,L,1,3,Leeds United,1,1.9,45,36083,Ben Mee,4/4/2002,3/4/2003,Paul Tierney,Match Report,,8,2,17.8,1,0,0,Burnley,2022
1/23/2022,14:00,Premier League,Matchweek 23,Sun,Away,D,0,0,Arsenal,0.4,1.2,25,59255,Ben Mee,4/4/2002,4-1-4-1,David Coote,Match Report,,10,1,21.2,0,0,0,Burnley,2022
2/5/2022,18:00,Premier League,Matchweek 17,Sat,Home,D,0,0,Watford,0.6,0.8,53,19527,Ben Mee,4/4/2002,4/4/2002,Craig Pawson,Match Report,,13,2,19.5,1,0,0,Burnley,2022
2/8/2022,20:00,Premier League,Matchweek 24,Tue,Home,D,1,1,Manchester Utd,0.4,1.8,37,21233,Ben Mee,4/4/2002,4-2-3-1,Mike Dean,Match Report,,9,3,20.5,0,0,0,Burnley,2022
2/13/2022,14:00,Premier League,Matchweek 25,Sun,Home,L,0,1,Liverpool,1.5,1.7,34,19563,Ben Mee,4/4/2002,4/3/2003,Martin Atkinson,Match Report,,8,5,19.3,0,0,0,Burnley,2022
2/19/2022,15:00,Premier League,Matchweek 26,Sat,Away,W,3,0,Brighton,0.7,0.6,32,30361,Ben Mee,4/4/2002,4/4/2002,Kevin Friend,Match Report,,10,4,19.7,0,0,0,Burnley,2022
2/23/2022,19:30,Premier League,Matchweek 13,Wed,Home,W,1,0,Tottenham,0.9,0.7,34,19488,Ben Mee,4/4/2002,3/4/2003,Graham Scott,Match Report,,15,4,17.3,0,0,0,Burnley,2022
2/26/2022,15:00,Premier League,Matchweek 27,Sat,Away,D,1,1,Crystal Palace,0.2,1,41,24203,Ben Mee,4/4/2002,4/3/2003,Jonathan Moss,Match Report,,5,1,19.2,0,0,0,Burnley,2022
3/1/2022,19:45,Premier League,Matchweek 22,Tue,Home,L,0,2,Leicester City,0.9,1.5,45,17825,Ben Mee,4/4/2002,4/3/2003,Chris Kavanagh,Match Report,,9,2,16.6,0,0,0,Burnley,2022
3/5/2022,15:00,Premier League,Matchweek 28,Sat,Home,L,0,4,Chelsea,0.7,2.3,28,19439,James Tarkowski,4/4/2002,3/4/2003,Andre Marriner,Match Report,,6,0,17.2,1,0,0,Burnley,2022
3/12/2022,15:00,Premier League,Matchweek 29,Sat,Away,L,0,2,Brentford,0.7,1.9,45,17088,James Tarkowski,4/4/2002,4/5/2001,Paul Tierney,Match Report,,7,1,21.4,1,0,0,Burnley,2022
4/2/2022,15:00,Premier League,Matchweek 31,Sat,Home,L,0,2,Manchester City,0.1,1.8,24,21249,James Tarkowski,4/5/2001,4/3/2003,Craig Pawson,Match Report,,3,1,18.3,0,0,0,Burnley,2022
4/6/2022,19:30,Premier League,Matchweek 19,Wed,Home,W,3,2,Everton,2,2.4,52,19830,James Tarkowski,4/4/2002,4/3/2003,Mike Dean,Match Report,,13,4,15.6,0,0,0,Burnley,2022
4/10/2022,14:00,Premier League,Matchweek 32,Sun,Away,L,0,2,Norwich City,1.7,1.7,55,26361,James Tarkowski,4/4/2002,4-2-3-1,Michael Oliver,Match Report,,18,3,17.4,1,0,0,Burnley,2022
4/17/2022,14:15,Premier League,Matchweek 33,Sun,Away,D,1,1,West Ham,1.8,2.2,39,59958,James Tarkowski,4/4/2002,4-2-3-1,Paul Tierney,Match Report,,8,1,16.4,0,0,1,Burnley,2022
4/21/2022,19:45,Premier League,Matchweek 30,Thu,Home,W,2,0,Southampton,1.5,0.9,44,17384,James Tarkowski,4/4/2002,3-1-4-2,Stuart Attwell,Match Report,,16,6,14.2,0,0,0,Burnley,2022
4/24/2022,14:00,Premier League,Matchweek 34,Sun,Home,W,1,0,Wolves,1.4,0.6,36,19246,James Tarkowski,4/4/2002,3/4/2003,Anthony Taylor,Match Report,,14,5,18.8,0,0,0,Burnley,2022
4/30/2022,15:00,Premier League,Matchweek 35,Sat,Away,W,2,1,Watford,1.6,1,53,20738,James Tarkowski,4/4/2002,4/3/2003,Craig Pawson,Match Report,,17,6,15.9,1,0,0,Burnley,2022
5/7/2022,15:00,Premier League,Matchweek 36,Sat,Home,L,1,3,Aston Villa,1.9,2.1,49,20891,James Tarkowski,4/4/2002,4-1-2-1-2,David Coote,Match Report,,14,6,16.4,0,0,0,Burnley,2022
5/15/2022,12:00,Premier League,Matchweek 37,Sun,Away,L,0,1,Tottenham,0.7,2.2,32,61729,Jack Cork,5/3/2002,3/4/2003,Kevin Friend,Match Report,,8,1,15.4,0,0,0,Burnley,2022
5/19/2022,20:00,Premier League,Matchweek 18,Thu,Away,D,1,1,Aston Villa,1.6,1.5,29,40468,James Tarkowski,5/3/2002,4-3-2-1,Paul Tierney,Match Report,,9,3,17.2,0,1,1,Burnley,2022
5/22/2022,16:00,Premier League,Matchweek 38,Sun,Home,L,1,2,Newcastle Utd,1.6,1.8,52,21361,James Tarkowski,4/4/2002,4/3/2003,Craig Pawson,Match Report,,12,4,15.7,1,0,0,Burnley,2022
8/11/2023,20:00,Premier League,Matchweek 1,Fri,Home,L,0,3,Manchester City,0.3,1.9,35,21572,Josh Cullen,5/4/2001,4-2-3-1,Craig Pawson,Match Report,,6,1,14.9,0,0,0,Burnley,2024
8/27/2023,14:00,Premier League,Matchweek 3,Sun,Home,L,1,3,Aston Villa,0.7,2.5,57,21591,Josh Cullen,4/4/2002,3/4/2003,Michael Salisbury,Match Report,,9,2,17.7,0,0,0,Burnley,2024
9/2/2023,15:00,Premier League,Matchweek 4,Sat,Home,L,2,5,Tottenham,1.3,2.2,47,21750,Josh Cullen,4/4/2002,4-2-3-1,Darren England,Match Report,,16,4,17.9,1,0,0,Burnley,2024
9/18/2023,19:45,Premier League,Matchweek 5,Mon,Away,D,1,1,Nott'ham Forest,0.5,0.7,54,28958,Josh Brownhill,4-2-3-1,4-2-3-1,Robert Jones,Match Report,,10,3,18.9,0,0,0,Burnley,2024
9/23/2023,20:00,Premier League,Matchweek 6,Sat,Home,L,0,1,Manchester Utd,1.1,1,61,21593,Josh Brownhill,4/3/2003,4-2-3-1,Tony Harrington,Match Report,,12,4,15.6,0,0,0,Burnley,2024
9/30/2023,15:00,Premier League,Matchweek 7,Sat,Away,L,0,2,Newcastle Utd,0.6,3.1,47,51687,Josh Brownhill,4-2-3-1,4/3/2003,Thomas Bramall,Match Report,,8,2,16.3,0,0,0,Burnley,2024
10/3/2023,19:30,Premier League,Matchweek 2,Tue,Away,W,2,1,Luton Town,1.1,1.3,51,10918,Josh Brownhill,4/3/2003,3/4/2003,Peter Bankes,Match Report,,14,4,20.2,0,0,0,Burnley,2024
10/7/2023,15:00,Premier League,Matchweek 8,Sat,Home,L,1,4,Chelsea,0.7,1.9,38,21654,Josh Brownhill,4/3/2003,4/3/2003,Stuart Attwell,Match Report,,10,3,18.2,1,0,0,Burnley,2024
10/21/2023,15:00,Premier League,Matchweek 9,Sat,Away,L,0,3,Brentford,1.1,3.1,50,17029,Josh Cullen,4-2-3-1,4/3/2003,Joshua Smith,Match Report,,6,1,20.2,0,0,0,Burnley,2024
10/28/2023,15:00,Premier League,Matchweek 10,Sat,Away,L,1,2,Bournemouth,0.8,1.1,55,11152,Josh Brownhill,4/3/2003,4-2-3-1,Samuel Barrott,Match Report,,6,3,18,0,0,0,Burnley,2024
11/4/2023,15:00,Premier League,Matchweek 11,Sat,Home,L,0,2,Crystal Palace,1.1,1.3,67,21578,Josh Brownhill,4/4/2002,4-2-3-1,Peter Bankes,Match Report,,17,5,13.3,0,0,0,Burnley,2024
11/11/2023,15:00,Premier League,Matchweek 12,Sat,Away,L,1,3,Arsenal,0.3,1.8,37,60232,Josh Brownhill,4/4/2002,4/3/2003,Michael Oliver,Match Report,,8,5,19.3,0,0,0,Burnley,2024
11/25/2023,15:00,Premier League,Matchweek 13,Sat,Home,L,1,2,West Ham,1.3,0.9,50,21319,Josh Brownhill,4/4/2002,4-2-3-1,Samuel Barrott,Match Report,,10,4,17.2,0,1,1,Burnley,2024
12/2/2023,15:00,Premier League,Matchweek 14,Sat,Home,W,5,0,Sheffield Utd,1.8,0.4,63,21478,Josh Brownhill,4/4/2002,3/4/2003,Chris Kavanagh,Match Report,,19,7,15.9,0,0,0,Burnley,2024
12/5/2023,19:30,Premier League,Matchweek 15,Tue,Away,L,0,1,Wolves,0.9,0.8,49,30439,Josh Brownhill,4/4/2002,3/4/2003,Jarred Gillett,Match Report,,12,3,21.9,2,0,0,Burnley,2024
12/9/2023,15:00,Premier League,Matchweek 16,Sat,Away,D,1,1,Brighton,0.6,2.6,28,31511,Josh Brownhill,4/4/2002,4-2-3-1,Simon Hooper,Match Report,,6,3,12.9,0,0,0,Burnley,2024
12/16/2023,17:30,Premier League,Matchweek 17,Sat,Home,L,0,2,Everton,0.7,1.4,61,21413,Josh Brownhill,4/4/2002,5/4/2001,Anthony Taylor,Match Report,,14,2,18.8,1,0,0,Burnley,2024
12/23/2023,15:00,Premier League,Matchweek 18,Sat,Away,W,2,0,Fulham,0.4,1.3,34,23598,Josh Brownhill,4/4/2002,4-2-3-1,Rebecca Welch,Match Report,,7,2,19.5,0,0,0,Burnley,2024
12/26/2023,17:30,Premier League,Matchweek 19,Tue,Home,L,0,2,Liverpool,0.8,1.8,32,21624,Josh Brownhill,4/4/2002,4/3/2003,Paul Tierney,Match Report,,9,0,16.7,0,0,0,Burnley,2024
12/30/2023,15:00,Premier League,Matchweek 20,Sat,Away,L,2,3,Aston Villa,1.2,3.2,36,41613,Josh Brownhill,4/4/2002,4-4-1-1,Stuart Attwell,Match Report,,9,5,15.4,0,0,0,Burnley,2024
1/12/2024,19:45,Premier League,Matchweek 21,Fri,Home,D,1,1,Luton Town,1.1,0.9,39,20155,Josh Brownhill,4/4/2002,3/4/2003,Tony Harrington,Match Report,,13,7,18.8,1,0,0,Burnley,2024
1/31/2024,19:30,Premier League,Matchweek 22,Wed,Away,L,1,3,Manchester City,1.4,1.7,26,52143,Josh Brownhill,4/4/2002,4-2-3-1,Samuel Barrott,Match Report,,8,3,14.7,0,0,0,Burnley,2024
2/3/2024,15:00,Premier League,Matchweek 23,Sat,Home,D,2,2,Fulham,1.8,1.5,44,20203,Josh Brownhill,4/4/2002,4-2-3-1,Darren Bond,Match Report,,12,4,15.4,0,0,0,Burnley,2024
2/10/2024,15:00,Premier League,Matchweek 24,Sat,Away,L,1,3,Liverpool,1.3,2.8,30,59896,Josh Brownhill,4/4/2002,4/3/2003,Tim Robinson,Match Report,,9,4,17.6,0,0,0,Burnley,2024
2/17/2024,15:00,Premier League,Matchweek 25,Sat,Home,L,0,5,Arsenal,0.3,2.3,36,21311,Josh Brownhill,4/4/2002,4/3/2003,Jarred Gillett,Match Report,,8,0,18.6,0,0,0,Burnley,2024
2/24/2024,15:00,Premier League,Matchweek 26,Sat,Away,L,0,3,Crystal Palace,0.1,2.4,44,24042,Josh Brownhill,4/4/2002,3/4/2003,Lewis Smith,Match Report,,2,0,12,0,0,0,Burnley,2024
3/3/2024,13:00,Premier League,Matchweek 27,Sun,Home,L,0,2,Bournemouth,1.5,1.1,74,19713,Josh Cullen,4/4/2002,4-2-3-1,David Coote,Match Report,,20,5,18.9,1,0,0,Burnley,2024
3/10/2024,14:00,Premier League,Matchweek 28,Sun,Away,D,2,2,West Ham,0.7,2.1,48,62441,Josh Cullen,4/4/2002,4-2-3-1,Darren England,Match Report,,11,4,24.8,1,0,0,Burnley,2024
3/16/2024,15:00,Premier League,Matchweek 29,Sat,Home,W,2,1,Brentford,2.8,1.1,60,20431,Josh Cullen,4/4/2002,3/5/2002,Darren Bond,Match Report,,16,5,19.2,0,1,1,Burnley,2024
3/30/2024,15:00,Premier League,Matchweek 30,Sat,Away,D,2,2,Chelsea,1.6,4.2,31,39535,Josh Cullen,4/4/2002,4-2-3-1,Darren England,Match Report,,18,6,14.4,2,0,0,Burnley,2024
4/2/2024,19:45,Premier League,Matchweek 31,Tue,Home,D,1,1,Wolves,1.3,0.9,51,21528,Josh Cullen,4/4/2002,4-4-1-1,Thomas Bramall,Match Report,,13,6,18.4,0,0,0,Burnley,2024
4/6/2024,15:00,Premier League,Matchweek 32,Sat,Away,L,0,1,Everton,0.5,0.9,62,39125,Josh Cullen,4/4/2002,4-4-1-1,Michael Oliver,Match Report,,6,1,16.5,1,0,0,Burnley,2024
4/13/2024,15:00,Premier League,Matchweek 33,Sat,Home,D,1,1,Brighton,1.7,0.9,44,20687,Josh Cullen,4/4/2002,4-2-3-1,Simon Hooper,Match Report,,11,3,17.1,0,0,0,Burnley,2024
4/20/2024,15:00,Premier League,Matchweek 34,Sat,Away,W,4,1,Sheffield Utd,2.2,2.4,51,28964,Josh Cullen,4/4/2002,4-2-3-1,Andy Madley,Match Report,,16,9,16,0,0,0,Burnley,2024
4/27/2024,15:00,Premier League,Matchweek 35,Sat,Away,D,1,1,Manchester Utd,2.1,2.7,52,73571,Josh Cullen,4/4/2002,4-2-3-1,John Brooks,Match Report,,15,6,19.3,1,1,1,Burnley,2024
5/4/2024,15:00,Premier League,Matchweek 36,Sat,Home,L,1,4,Newcastle Utd,1,3.4,47,21781,Josh Brownhill,4-2-3-1,4/4/2002,Anthony Taylor,Match Report,,17,5,18.2,0,0,0,Burnley,2024
5/11/2024,15:00,Premier League,Matchweek 37,Sat,Away,L,1,2,Tottenham,0.7,2.7,37,61148,Josh Cullen,4/4/2002,4/3/2003,Jarred Gillett,Match Report,,7,3,11.8,0,0,0,Burnley,2024
5/19/2024,16:00,Premier League,Matchweek 38,Sun,Home,L,1,2,Nott'ham Forest,1.2,1.7,72,21109,Josh Cullen,4/4/2002,4-2-3-1,Graham Scott,Match Report,,20,3,22.4,1,0,0,Burnley,2024
9/14/2020,20:15,Premier League,Matchweek 1,Mon,Away,W,3,1,Brighton,1.2,1.1,48,,Jorginho,4-2-2-2,3/5/2002,Craig Pawson,Match Report,,9,4,21.3,0,1,1,Chelsea,2021
9/20/2020,16:30,Premier League,Matchweek 2,Sun,Home,L,0,2,Liverpool,0.9,2.1,39,,Jorginho,4/3/2003,4/3/2003,Paul Tierney,Match Report,,4,2,22.7,0,0,1,Chelsea,2021
9/26/2020,17:30,Premier League,Matchweek 3,Sat,Away,D,3,3,West Brom,2,0.6,75,,Thiago Silva,4-2-3-1,5/4/2001,Jonathan Moss,Match Report,,22,10,19.4,1,0,0,Chelsea,2021
10/3/2020,12:30,Premier League,Matchweek 4,Sat,Home,W,4,0,Crystal Palace,2.7,0.2,70,,César Azpilicueta,4-2-3-1,4/4/2002,Michael Oliver,Match Report,,15,4,17.2,0,2,2,Chelsea,2021
10/17/2020,15:00,Premier League,Matchweek 5,Sat,Home,D,3,3,Southampton,1.8,1.9,53,,César Azpilicueta,4-2-3-1,4/4/2002,Peter Bankes,Match Report,,11,5,11.3,0,0,0,Chelsea,2021
10/24/2020,17:30,Premier League,Matchweek 6,Sat,Away,D,0,0,Manchester Utd,0.2,0.6,49,,César Azpilicueta,3/4/2003,4-2-3-1,Martin Atkinson,Match Report,,6,1,20.3,0,0,0,Chelsea,2021
10/31/2020,15:00,Premier League,Matchweek 7,Sat,Away,W,3,0,Burnley,0.9,0.5,63,,Thiago Silva,4/3/2003,4/4/2002,David Coote,Match Report,,14,9,18.9,1,0,0,Chelsea,2021
11/7/2020,17:30,Premier League,Matchweek 8,Sat,Home,W,4,1,Sheffield Utd,2.2,0.4,69,,Thiago Silva,4/3/2003,3/5/2002,Jonathan Moss,Match Report,,20,9,17,1,0,0,Chelsea,2021
11/21/2020,12:30,Premier League,Matchweek 9,Sat,Away,W,2,0,Newcastle Utd,1.5,0.3,70,,N'Golo Kanté,4/3/2003,5/4/2001,Craig Pawson,Match Report,,14,3,18.5,0,0,0,Chelsea,2021
11/29/2020,16:30,Premier League,Matchweek 10,Sun,Home,D,0,0,Tottenham,0.8,0.2,60,,Thiago Silva,4/3/2003,4-2-3-1,Paul Tierney,Match Report,,13,3,17.3,0,0,0,Chelsea,2021
12/5/2020,20:00,Premier League,Matchweek 11,Sat,Home,W,3,1,Leeds United,4.1,0.8,46,2000,Thiago Silva,4/3/2003,4-4-1-1,Kevin Friend,Match Report,,23,10,11.6,0,0,0,Chelsea,2021
12/12/2020,20:00,Premier League,Matchweek 12,Sat,Away,L,0,1,Everton,0.7,1.2,71,2000,Thiago Silva,4/3/2003,4/3/2003,Jonathan Moss,Match Report,,10,3,20.3,2,0,0,Chelsea,2021
12/15/2020,18:00,Premier League,Matchweek 13,Tue,Away,L,1,2,Wolves,1,0.5,55,,Thiago Silva,4/3/2003,3-4-1-2,Stuart Attwell,Match Report,,13,3,18.5,1,0,0,Chelsea,2021
12/21/2020,20:00,Premier League,Matchweek 14,Mon,Home,W,3,0,West Ham,2,0.4,53,,César Azpilicueta,4/3/2003,4-2-3-1,Chris Kavanagh,Match Report,,11,7,14.1,0,0,0,Chelsea,2021
12/26/2020,17:30,Premier League,Matchweek 15,Sat,Away,L,1,3,Arsenal,2.6,2,60,,Thiago Silva,4/3/2003,4-2-3-1,Michael Oliver,Match Report,,18,2,16.8,1,0,1,Chelsea,2021
12/28/2020,17:30,Premier League,Matchweek 16,Mon,Home,D,1,1,Aston Villa,1.7,0.7,63,,César Azpilicueta,4/3/2003,4-2-3-1,Stuart Attwell,Match Report,,16,5,17.1,0,0,0,Chelsea,2021
1/3/2021,16:30,Premier League,Matchweek 17,Sun,Home,L,1,3,Manchester City,0.8,2.7,54,,César Azpilicueta,4/3/2003,4/3/2003,Anthony Taylor,Match Report,,9,2,17,1,0,0,Chelsea,2021
1/16/2021,17:30,Premier League,Matchweek 19,Sat,Away,W,1,0,Fulham,1.6,0.7,69,,César Azpilicueta,4/3/2003,5/4/2001,Peter Bankes,Match Report,,21,6,18.6,0,0,0,Chelsea,2021
1/19/2021,20:15,Premier League,Matchweek 18,Tue,Away,L,0,2,Leicester City,0.7,1.4,64,,Thiago Silva,4-2-3-1,4-1-4-1,Craig Pawson,Match Report,,9,5,12.7,1,0,0,Chelsea,2021
1/27/2021,18:00,Premier League,Matchweek 20,Wed,Home,D,0,0,Wolves,0.7,0.5,78,,César Azpilicueta,3/4/2003,3-4-1-2,Andy Madley,Match Report,,14,5,16.5,0,0,0,Chelsea,2021
1/31/2021,12:00,Premier League,Matchweek 21,Sun,Home,W,2,0,Burnley,1.2,0.2,70,,César Azpilicueta,3/4/2003,4/4/2002,Graham Scott,Match Report,,19,8,16.7,0,0,0,Chelsea,2021
2/4/2021,20:00,Premier League,Matchweek 22,Thu,Away,W,1,0,Tottenham,1.6,0.6,58,,César Azpilicueta,3-4-1-2,4-2-2-2,Andre Marriner,Match Report,,15,1,18,0,1,1,Chelsea,2021
2/7/2021,19:15,Premier League,Matchweek 23,Sun,Away,W,2,1,Sheffield Utd,1.6,0.6,68,,César Azpilicueta,3/4/2003,3/5/2002,Kevin Friend,Match Report,,8,1,20.3,0,1,1,Chelsea,2021
2/15/2021,20:00,Premier League,Matchweek 24,Mon,Home,W,2,0,Newcastle Utd,2.2,0.6,64,,César Azpilicueta,3/4/2003,4/3/2003,Peter Bankes,Match Report,,18,5,14.2,0,0,0,Chelsea,2021
2/20/2021,12:30,Premier League,Matchweek 25,Sat,Away,D,1,1,Southampton,1.2,0.6,70,,César Azpilicueta,3/4/2003,4/4/2002,Anthony Taylor,Match Report,,8,2,19.6,1,1,1,Chelsea,2021
2/28/2021,16:30,Premier League,Matchweek 26,Sun,Home,D,0,0,Manchester Utd,1.1,0.4,57,,César Azpilicueta,3/4/2003,4-2-3-1,Stuart Attwell,Match Report,,18,6,21.9,0,0,0,Chelsea,2021
3/4/2021,20:15,Premier League,Matchweek 29,Thu,Away,W,1,0,Liverpool,1,0.3,46,,César Azpilicueta,3/4/2003,4/3/2003,Martin Atkinson,Match Report,,11,4,17.7,0,0,0,Chelsea,2021
3/8/2021,18:00,Premier League,Matchweek 27,Mon,Home,W,2,0,Everton,2.4,0.3,65,,César Azpilicueta,3/4/2003,3-4-1-2,David Coote,Match Report,,18,8,20.2,1,1,1,Chelsea,2021
3/13/2021,12:30,Premier League,Matchweek 28,Sat,Away,D,0,0,Leeds United,1,0.4,62,,César Azpilicueta,4-2-3-1,4-1-4-1,Kevin Friend,Match Report,,15,8,17.6,0,0,0,Chelsea,2021
4/3/2021,12:30,Premier League,Matchweek 30,Sat,Home,L,2,5,West Brom,2.1,1.6,65,,César Azpilicueta,3/4/2003,5/4/2001,David Coote,Match Report,,18,7,16.1,2,0,0,Chelsea,2021
4/10/2021,17:30,Premier League,Matchweek 31,Sat,Away,W,4,1,Crystal Palace,3.1,0.4,64,,César Azpilicueta,3/4/2003,4/4/2002,Michael Oliver,Match Report,,23,9,13.6,0,0,0,Chelsea,2021
4/20/2021,20:15,Premier League,Matchweek 32,Tue,Home,D,0,0,Brighton,0.7,0.5,64,,Jorginho,3/4/2003,3-1-4-2,Stuart Attwell,Match Report,,7,4,16.9,0,0,0,Chelsea,2021
4/24/2021,17:30,Premier League,Matchweek 33,Sat,Away,W,1,0,West Ham,2.5,0.4,55,,César Azpilicueta,3/4/2003,3-4-1-2,Chris Kavanagh,Match Report,,17,6,18.8,1,0,0,Chelsea,2021
5/1/2021,17:30,Premier League,Matchweek 34,Sat,Home,W,2,0,Fulham,1.7,0.3,49,,Thiago Silva,3/5/2002,4-2-3-1,Kevin Friend,Match Report,,9,5,14.4,1,0,0,Chelsea,2021
5/8/2021,17:30,Premier League,Matchweek 35,Sat,Away,W,2,1,Manchester City,0.7,1.8,52,,César Azpilicueta,3/4/2003,3-1-4-2,Anthony Taylor,Match Report,,12,5,22.3,1,0,0,Chelsea,2021
5/12/2021,20:15,Premier League,Matchweek 36,Wed,Home,L,0,1,Arsenal,1.8,0.6,67,,César Azpilicueta,3/4/2003,3/4/2003,Andre Marriner,Match Report,,19,4,15,0,0,0,Chelsea,2021
5/18/2021,20:15,Premier League,Matchweek 37,Tue,Home,W,2,1,Leicester City,3.1,0.8,58,8000,César Azpilicueta,3/4/2003,3/4/2003,Mike Dean,Match Report,,16,5,13.8,0,1,1,Chelsea,2021
5/23/2021,16:00,Premier League,Matchweek 38,Sun,Away,L,1,2,Aston Villa,3.3,1.1,71,10000,César Azpilicueta,3/4/2003,4-2-3-1,Stuart Attwell,Match Report,,23,7,15.9,0,0,0,Chelsea,2021
8/14/2021,15:00,Premier League,Matchweek 1,Sat,Home,W,3,0,Crystal Palace,0.7,0.2,62,38965,César Azpilicueta,3/4/2003,4/4/2002,Jonathan Moss,Match Report,,13,6,21,4,0,0,Chelsea,2022
8/22/2021,16:30,Premier League,Matchweek 2,Sun,Away,W,2,0,Arsenal,3.1,0.3,65,58729,César Azpilicueta,3/4/2003,4-2-3-1,Paul Tierney,Match Report,,22,5,16,0,0,0,Chelsea,2022
8/28/2021,17:30,Premier League,Matchweek 3,Sat,Away,D,1,1,Liverpool,0.6,2.5,35,54000,César Azpilicueta,3/4/2003,4/3/2003,Anthony Taylor,Match Report,,6,3,12.5,0,0,0,Chelsea,2022
9/11/2021,17:30,Premier League,Matchweek 4,Sat,Home,W,3,0,Aston Villa,1.3,1.2,57,39969,Marcos Alonso,3/4/2003,5/3/2002,Stuart Attwell,Match Report,,12,4,22.6,0,0,0,Chelsea,2022
9/19/2021,16:30,Premier League,Matchweek 5,Sun,Away,W,3,0,Tottenham,2.1,0.5,53,60059,César Azpilicueta,3/4/2003,4-3-2-1,Paul Tierney,Match Report,,20,9,14.5,0,0,0,Chelsea,2022
9/25/2021,12:30,Premier League,Matchweek 6,Sat,Home,L,0,1,Manchester City,0.2,1.7,41,40036,César Azpilicueta,3/5/2002,4/3/2003,Michael Oliver,Match Report,,5,0,27.9,1,0,0,Chelsea,2022
10/2/2021,15:00,Premier League,Matchweek 7,Sat,Home,W,3,1,Southampton,3.3,1.3,62,40109,César Azpilicueta,3/4/2003,4/4/2002,Martin Atkinson,Match Report,,20,9,12.8,0,0,0,Chelsea,2022
10/16/2021,17:30,Premier League,Matchweek 8,Sat,Away,W,1,0,Brentford,0.3,1.4,55,16940,César Azpilicueta,3/5/2002,3/5/2002,Anthony Taylor,Match Report,,5,1,24.7,2,0,0,Chelsea,2022
10/23/2021,12:30,Premier League,Matchweek 9,Sat,Home,W,7,0,Norwich City,3.1,0.1,62,40113,Jorginho,3/4/2003,3/5/2002,Andy Madley,Match Report,,22,12,19.8,0,1,1,Chelsea,2022
10/30/2021,15:00,Premier League,Matchweek 10,Sat,Away,W,3,0,Newcastle Utd,2.2,0.2,79,52208,Jorginho,3/4/2003,5/3/2002,Paul Tierney,Match Report,,18,5,20.5,1,1,1,Chelsea,2022
11/6/2021,15:00,Premier League,Matchweek 11,Sat,Home,D,1,1,Burnley,1.8,0.7,70,39798,Jorginho,3-4-1-2,4/4/2002,Andre Marriner,Match Report,,25,4,16,0,0,0,Chelsea,2022
11/20/2021,12:30,Premier League,Matchweek 12,Sat,Away,W,3,0,Leicester City,2,0.4,61,35497,Jorginho,3/4/2003,3/4/2003,Paul Tierney,Match Report,,16,7,16.7,2,0,0,Chelsea,2022
11/28/2021,16:30,Premier League,Matchweek 13,Sun,Home,D,1,1,Manchester Utd,2.7,0.9,65,40041,Jorginho,3/4/2003,4-3-1-2,Anthony Taylor,Match Report,,23,5,16.8,0,1,1,Chelsea,2022
12/1/2021,19:30,Premier League,Matchweek 14,Wed,Away,W,2,1,Watford,0.9,1,49,20388,César Azpilicueta,3/4/2003,4-1-4-1,David Coote,Match Report,,8,4,15.1,0,0,0,Chelsea,2022
12/4/2021,12:30,Premier League,Matchweek 15,Sat,Away,L,2,3,West Ham,1.1,1.8,63,59942,Jorginho,3/4/2003,3/4/2003,Andre Marriner,Match Report,,19,7,17.5,0,0,0,Chelsea,2022
12/11/2021,15:00,Premier League,Matchweek 16,Sat,Home,W,3,2,Leeds United,2.5,1.4,57,39959,César Azpilicueta,3/4/2003,4-3-1-2,Chris Kavanagh,Match Report,,14,4,20,2,2,2,Chelsea,2022
12/16/2021,19:45,Premier League,Matchweek 17,Thu,Home,D,1,1,Everton,2.9,0.6,80,13933,César Azpilicueta,3/4/2003,5/4/2001,Michael Oliver,Match Report,,23,10,14.7,2,0,0,Chelsea,2022
12/19/2021,14:00,Premier League,Matchweek 18,Sun,Away,D,0,0,Wolves,0.9,0.2,63,30631,César Azpilicueta,3/4/2003,3/5/2002,David Coote,Match Report,,8,1,14.9,0,0,0,Chelsea,2022
12/26/2021,17:30,Premier League,Matchweek 19,Sun,Away,W,3,1,Aston Villa,2.6,0.4,58,41907,Jorginho,3/4/2003,4-3-1-2,Martin Atkinson,Match Report,,8,2,17.6,1,2,2,Chelsea,2022
12/29/2021,19:30,Premier League,Matchweek 20,Wed,Home,D,1,1,Brighton,0.7,0.9,47,40080,César Azpilicueta,3/4/2003,3/4/2003,Mike Dean,Match Report,,11,5,13.6,0,0,0,Chelsea,2022
1/2/2022,16:30,Premier League,Matchweek 21,Sun,Home,D,2,2,Liverpool,1.2,1.3,54,40072,César Azpilicueta,3/4/2003,4/3/2003,Anthony Taylor,Match Report,,15,6,18,3,0,0,Chelsea,2022
1/15/2022,12:30,Premier League,Matchweek 22,Sat,Away,L,0,1,Manchester City,0.3,1,44,53319,César Azpilicueta,3/4/2003,4-2-3-1,Craig Pawson,Match Report,,4,1,19.1,0,0,0,Chelsea,2022
1/18/2022,20:00,Premier League,Matchweek 24,Tue,Away,D,1,1,Brighton,0.7,0.7,56,30880,César Azpilicueta,4-2-2-2,4-1-4-1,Kevin Friend,Match Report,,15,3,21.1,1,0,0,Chelsea,2022
1/23/2022,16:30,Premier League,Matchweek 23,Sun,Home,W,2,0,Tottenham,1.2,0.5,64,40020,César Azpilicueta,4/3/2003,4/4/2002,Paul Tierney,Match Report,,15,7,15.9,0,0,0,Chelsea,2022
2/19/2022,15:00,Premier League,Matchweek 26,Sat,Away,W,1,0,Crystal Palace,0.9,0.5,58,25109,Jorginho,4/3/2003,4-2-3-1,David Coote,Match Report,,9,3,17,1,0,0,Chelsea,2022
3/5/2022,15:00,Premier League,Matchweek 28,Sat,Away,W,4,0,Burnley,2.3,0.7,72,19439,Jorginho,3/4/2003,4/4/2002,Andre Marriner,Match Report,,11,5,18.1,0,0,0,Chelsea,2022
3/10/2022,19:30,Premier League,Matchweek 30,Thu,Away,W,3,1,Norwich City,1.8,1,66,26684,César Azpilicueta,3/4/2003,5/3/2002,Martin Atkinson,Match Report,,15,7,12.7,1,0,0,Chelsea,2022
3/13/2022,14:00,Premier League,Matchweek 29,Sun,Home,W,1,0,Newcastle Utd,1.1,0.3,71,40026,Jorginho,4/3/2003,5/4/2001,David Coote,Match Report,,8,3,16.4,1,0,0,Chelsea,2022
4/2/2022,15:00,Premier League,Matchweek 31,Sat,Home,L,1,4,Brentford,1.3,1.8,70,39061,César Azpilicueta,4/3/2003,5/3/2002,Andy Madley,Match Report,,21,8,20.1,0,0,0,Chelsea,2022
4/9/2022,15:00,Premier League,Matchweek 32,Sat,Away,W,6,0,Southampton,4.2,0.5,70,31359,N'Golo Kanté,3-4-1-2,4/4/2002,Kevin Friend,Match Report,,24,14,15.3,0,0,0,Chelsea,2022
4/20/2022,19:45,Premier League,Matchweek 25,Wed,Home,L,2,4,Arsenal,0.7,2,67,32249,César Azpilicueta,3-4-1-2,4-2-3-1,Jonathan Moss,Match Report,,11,2,15.9,0,0,0,Chelsea,2022
4/24/2022,14:00,Premier League,Matchweek 34,Sun,Home,W,1,0,West Ham,3,0.5,66,32231,César Azpilicueta,3-4-1-2,3/4/2003,Michael Oliver,Match Report,,25,4,19,0,0,1,Chelsea,2022
4/28/2022,19:45,Premier League,Matchweek 37,Thu,Away,D,1,1,Manchester Utd,1.9,0.5,64,73564,César Azpilicueta,3-4-1-2,4-2-3-1,Mike Dean,Match Report,,21,6,17.4,0,0,0,Chelsea,2022
5/1/2022,14:00,Premier League,Matchweek 35,Sun,Away,L,0,1,Everton,0.8,0.8,77,39256,César Azpilicueta,3-4-1-2,5/4/2001,Kevin Friend,Match Report,,17,5,17.9,0,0,0,Chelsea,2022
5/7/2022,15:00,Premier League,Matchweek 36,Sat,Home,D,2,2,Wolves,1.7,2,59,32190,César Azpilicueta,3-4-1-2,3/5/2002,Peter Bankes,Match Report,,18,5,18.2,2,1,1,Chelsea,2022
5/11/2022,19:30,Premier League,Matchweek 33,Wed,Away,W,3,0,Leeds United,1.3,0.4,67,36549,Jorginho,3/4/2003,5/4/2001,Anthony Taylor,Match Report,,17,3,16.9,0,0,0,Chelsea,2022
5/19/2022,20:00,Premier League,Matchweek 27,Thu,Home,D,1,1,Leicester City,1.6,0.1,67,31478,Jorginho,3/4/2003,3-1-4-2,Stuart Attwell,Match Report,,20,7,20,2,0,0,Chelsea,2022
5/22/2022,16:00,Premier League,Matchweek 38,Sun,Home,W,2,1,Watford,2.2,0.6,71,32089,César Azpilicueta,3/4/2003,4/3/2003,Mike Dean,Match Report,,19,8,16.9,0,0,0,Chelsea,2022
8/6/2022,17:30,Premier League,Matchweek 1,Sat,Away,W,1,0,Everton,1.5,0.7,62,39254,César Azpilicueta,3/4/2003,5/4/2001,Craig Pawson,Match Report,,14,5,16.1,1,1,1,Chelsea,2023
8/14/2022,16:30,Premier League,Matchweek 2,Sun,Home,D,2,2,Tottenham,1.6,1,63,39946,Jorginho,3/5/2002,3/4/2003,Anthony Taylor,Match Report,,16,3,17.2,0,0,0,Chelsea,2023
8/21/2022,14:00,Premier League,Matchweek 3,Sun,Away,L,0,3,Leeds United,0.9,2.1,61,36372,Jorginho,3/5/2002,4-2-3-1,Stuart Attwell,Match Report,,14,3,19.8,0,0,0,Chelsea,2023
8/27/2022,15:00,Premier League,Matchweek 4,Sat,Home,W,2,1,Leicester City,1.8,2.5,45,39953,Jorginho,4/4/2002,4-1-4-1,Paul Tierney,Match Report,,7,4,14.6,0,0,0,Chelsea,2023
8/30/2022,19:45,Premier League,Matchweek 5,Tue,Away,L,1,2,Southampton,1.1,1.1,67,31542,César Azpilicueta,4-2-2-2,4-2-3-1,Michael Oliver,Match Report,,10,4,14.5,0,0,0,Chelsea,2023
9/3/2022,15:00,Premier League,Matchweek 6,Sat,Home,W,2,1,West Ham,0.9,1.1,67,39923,Thiago Silva,3-1-4-2,3-4-1-2,Andy Madley,Match Report,,8,3,17.2,0,0,0,Chelsea,2023
10/1/2022,15:00,Premier League,Matchweek 9,Sat,Away,W,2,1,Crystal Palace,1.1,0.4,64,25198,Jorginho,4-2-2-2,4/3/2003,Chris Kavanagh,Match Report,,13,3,14.8,0,0,0,Chelsea,2023
10/8/2022,15:00,Premier League,Matchweek 10,Sat,Home,W,3,0,Wolves,1.9,1.1,57,39940,César Azpilicueta,4-2-3-1,4-2-3-1,Simon Hooper,Match Report,,20,7,14.7,0,0,0,Chelsea,2023
10/16/2022,14:00,Premier League,Matchweek 11,Sun,Away,W,2,0,Aston Villa,0.9,1.8,58,41754,Thiago Silva,3/4/2003,4/3/2003,Robert Jones,Match Report,,8,4,18,1,0,0,Chelsea,2023
10/19/2022,19:30,Premier League,Matchweek 12,Wed,Away,D,0,0,Brentford,0.9,1.3,66,17118,César Azpilicueta,3-5-1-1,3/5/2002,Jarred Gillett,Match Report,,14,5,21.4,0,0,0,Chelsea,2023
10/22/2022,17:30,Premier League,Matchweek 13,Sat,Home,D,1,1,Manchester Utd,1.1,0.8,48,39503,César Azpilicueta,3/4/2003,4-1-4-1,Stuart Attwell,Match Report,,5,1,19.7,0,1,1,Chelsea,2023
10/29/2022,15:00,Premier League,Matchweek 14,Sat,Away,L,1,4,Brighton,1.4,2.4,59,31746,Thiago Silva,3/4/2003,4-2-3-1,Andy Madley,Match Report,,15,7,18.3,0,0,0,Chelsea,2023
11/6/2022,12:00,Premier League,Matchweek 15,Sun,Home,L,0,1,Arsenal,0.3,2.1,45,40142,César Azpilicueta,4-2-3-1,4/3/2003,Michael Oliver,Match Report,,5,1,16,0,0,0,Chelsea,2023
11/12/2022,17:30,Premier League,Matchweek 16,Sat,Away,L,0,1,Newcastle Utd,0.3,1,51,52264,César Azpilicueta,3/4/2003,4/3/2003,Robert Jones,Match Report,,5,2,14,0,0,0,Chelsea,2023
12/27/2022,17:30,Premier League,Matchweek 17,Tue,Home,W,2,0,Bournemouth,1.8,0.5,60,40046,Jorginho,4/3/2003,5/3/2002,Simon Hooper,Match Report,,15,5,15.7,0,0,0,Chelsea,2023
1/1/2023,16:30,Premier League,Matchweek 18,Sun,Away,D,1,1,Nott'ham Forest,0.9,1.4,71,29229,César Azpilicueta,4/3/2003,4/3/2003,Peter Bankes,Match Report,,7,2,11.6,0,0,0,Chelsea,2023
1/5/2023,20:00,Premier League,Matchweek 19,Thu,Home,L,0,1,Manchester City,0.4,2,48,39998,César Azpilicueta,4-2-3-1,3-2-4-1,Paul Tierney,Match Report,,8,2,17.2,0,0,0,Chelsea,2023
1/12/2023,20:00,Premier League,Matchweek 7,Thu,Away,L,1,2,Fulham,2.1,1,52,24460,César Azpilicueta,3/5/2002,4-2-3-1,David Coote,Match Report,,20,10,16.6,1,0,0,Chelsea,2023
1/15/2023,14:00,Premier League,Matchweek 20,Sun,Home,W,1,0,Crystal Palace,1.5,0.7,61,40075,Jorginho,4-2-3-1,4-2-3-1,Peter Bankes,Match Report,,15,5,14.8,0,0,0,Chelsea,2023
1/21/2023,12:30,Premier League,Matchweek 21,Sat,Away,D,0,0,Liverpool,1.6,1.4,52,53126,Jorginho,3/4/2003,4/3/2003,Michael Oliver,Match Report,,11,2,13.8,0,0,0,Chelsea,2023
2/3/2023,20:00,Premier League,Matchweek 22,Fri,Home,D,0,0,Fulham,1.3,0.6,66,40041,Thiago Silva,4/3/2003,4-2-3-1,Stuart Attwell,Match Report,,12,2,17,0,0,0,Chelsea,2023
2/11/2023,12:30,Premier League,Matchweek 23,Sat,Away,D,1,1,West Ham,1.1,1.3,71,62471,Thiago Silva,4-2-3-1,3/4/2003,Craig Pawson,Match Report,,12,4,18,2,0,0,Chelsea,2023
2/18/2023,15:00,Premier League,Matchweek 24,Sat,Home,L,0,1,Southampton,1.6,0.6,62,40152,César Azpilicueta,4-2-3-1,4/4/2002,David Coote,Match Report,,17,4,17,1,0,0,Chelsea,2023
2/26/2023,13:30,Premier League,Matchweek 25,Sun,Away,L,0,2,Tottenham,0.4,0.8,59,61613,Thiago Silva,4-2-3-1,3/4/2003,Stuart Attwell,Match Report,,10,2,23.8,0,0,0,Chelsea,2023
3/4/2023,15:00,Premier League,Matchweek 26,Sat,Home,W,1,0,Leeds United,1.5,1,57,39905,Mateo Kovačić,3/4/2003,4-2-3-1,Michael Oliver,Match Report,,13,3,15.8,1,0,0,Chelsea,2023
3/11/2023,15:00,Premier League,Matchweek 27,Sat,Away,W,3,1,Leicester City,1.6,2.4,52,32170,Mateo Kovačić,3/4/2003,3/4/2003,Andre Marriner,Match Report,,12,6,15.1,0,0,0,Chelsea,2023
3/18/2023,17:30,Premier League,Matchweek 28,Sat,Home,D,2,2,Everton,2.3,1.2,68,40025,Mateo Kovačić,3/4/2003,4/5/2001,Darren England,Match Report,,19,6,17.1,0,1,1,Chelsea,2023
4/1/2023,17:30,Premier League,Matchweek 29,Sat,Home,L,0,2,Aston Villa,2.1,0.9,69,40082,Mateo Kovačić,3/4/2003,4/4/2002,Andy Madley,Match Report,,27,7,16.3,0,0,0,Chelsea,2023
4/4/2023,20:00,Premier League,Matchweek 8,Tue,Home,D,0,0,Liverpool,2.2,0.3,49,40093,N'Golo Kanté,3/5/2002,4/3/2003,Anthony Taylor,Match Report,,12,2,16.1,0,0,0,Chelsea,2023
4/8/2023,15:00,Premier League,Matchweek 30,Sat,Away,L,0,1,Wolves,1.1,0.6,62,31614,Mateo Kovačić,4/3/2003,4/4/2002,Peter Bankes,Match Report,,13,1,16.7,0,0,0,Chelsea,2023
4/15/2023,15:00,Premier League,Matchweek 31,Sat,Home,L,1,2,Brighton,0.5,2.9,43,40126,Kepa Arrizabalaga,4-2-3-1,4-2-3-1,Robert Jones,Match Report,,8,2,18.9,0,0,0,Chelsea,2023
4/26/2023,19:45,Premier League,Matchweek 33,Wed,Home,L,0,2,Brentford,1.3,1.1,71,39929,César Azpilicueta,3/4/2003,5/3/2002,Andy Madley,Match Report,,15,4,16.5,0,0,0,Chelsea,2023
5/2/2023,20:00,Premier League,Matchweek 34,Tue,Away,L,1,3,Arsenal,0.8,1.7,45,60144,César Azpilicueta,4/3/2003,4/3/2003,Robert Jones,Match Report,,7,4,17.2,0,0,0,Chelsea,2023
5/6/2023,15:00,Premier League,Matchweek 35,Sat,Away,W,3,1,Bournemouth,1.3,1.2,65,10357,Thiago Silva,4/3/2003,4-2-3-1,John Brooks,Match Report,,11,5,16.9,0,0,0,Chelsea,2023
5/13/2023,15:00,Premier League,Matchweek 36,Sat,Home,D,2,2,Nott'ham Forest,1.2,1.3,75,40030,Thiago Silva,4/3/2003,3/4/2003,Paul Tierney,Match Report,,14,6,17.4,1,0,0,Chelsea,2023
5/21/2023,16:00,Premier League,Matchweek 37,Sun,Away,L,0,1,Manchester City,1.2,1.2,36,53490,César Azpilicueta,3-4-1-2,3/4/2003,Michael Oliver,Match Report,,13,6,15.7,1,0,0,Chelsea,2023
5/25/2023,20:00,Premier League,Matchweek 32,Thu,Away,L,1,4,Manchester Utd,1.9,5.2,58,73561,César Azpilicueta,4/3/2003,4-2-3-1,Stuart Attwell,Match Report,,14,5,19.2,0,0,0,Chelsea,2023
5/28/2023,16:30,Premier League,Matchweek 38,Sun,Home,D,1,1,Newcastle Utd,2.2,1.7,64,40130,César Azpilicueta,4-2-3-1,4/3/2003,Jarred Gillett,Match Report,,22,4,17.8,1,0,0,Chelsea,2023
8/13/2023,16:30,Premier League,Matchweek 1,Sun,Home,D,1,1,Liverpool,1.4,1.3,65,40096,Reece James,3/4/2003,4/3/2003,Anthony Taylor,Match Report,,10,4,13.2,1,0,0,Chelsea,2024
8/20/2023,16:30,Premier League,Matchweek 2,Sun,Away,L,1,3,West Ham,2.5,1.8,75,62451,Ben Chilwell,3/4/2003,4-2-3-1,John Brooks,Match Report,,16,3,17.1,0,0,1,Chelsea,2024
8/25/2023,20:00,Premier League,Matchweek 3,Fri,Home,W,3,0,Luton Town,2.2,0.4,67,39893,Ben Chilwell,3/4/2003,5/3/2002,Robert Jones,Match Report,,19,8,14.2,1,0,0,Chelsea,2024
9/2/2023,15:00,Premier League,Matchweek 4,Sat,Home,L,0,1,Nott'ham Forest,2.3,0.8,75,39820,Ben Chilwell,3/4/2003,3/4/2003,Tim Robinson,Match Report,,21,2,17.7,2,0,0,Chelsea,2024
9/17/2023,14:00,Premier League,Matchweek 5,Sun,Away,D,0,0,Bournemouth,1.8,1,64,10421,Conor Gallagher,4-2-3-1,4-2-3-1,David Coote,Match Report,,14,6,15,1,0,0,Chelsea,2024
9/24/2023,14:00,Premier League,Matchweek 6,Sun,Home,L,0,1,Aston Villa,1.3,1,53,39700,Conor Gallagher,4-2-3-1,4-2-3-1,Jarred Gillett,Match Report,,10,4,17.8,0,0,0,Chelsea,2024
10/2/2023,20:00,Premier League,Matchweek 7,Mon,Away,W,2,0,Fulham,1.7,1.1,44,24445,Conor Gallagher,4/3/2003,4/3/2003,Tim Robinson,Match Report,,11,4,19.8,1,0,0,Chelsea,2024
10/7/2023,15:00,Premier League,Matchweek 8,Sat,Away,W,4,1,Burnley,1.9,0.7,62,21654,Conor Gallagher,4/3/2003,4/3/2003,Stuart Attwell,Match Report,,8,4,18.1,0,1,1,Chelsea,2024
10/21/2023,17:30,Premier League,Matchweek 9,Sat,Home,D,2,2,Arsenal,1.3,1,44,39723,Conor Gallagher,4-2-3-1,4/3/2003,Chris Kavanagh,Match Report,,10,4,20.4,0,1,1,Chelsea,2024
10/28/2023,12:30,Premier League,Matchweek 10,Sat,Home,L,0,2,Brentford,1.9,2.2,68,39575,Conor Gallagher,4-2-3-1,3/5/2002,Simon Hooper,Match Report,,17,2,16.1,1,0,0,Chelsea,2024
11/6/2023,20:00,Premier League,Matchweek 11,Mon,Away,W,4,1,Tottenham,4.1,0.9,60,61726,Reece James,4-2-3-1,4-2-3-1,Michael Oliver,Match Report,,16,6,16.8,0,1,1,Chelsea,2024
11/12/2023,16:30,Premier League,Matchweek 12,Sun,Home,D,4,4,Manchester City,2.9,2.9,45,39532,Reece James,4-2-3-1,3-2-4-1,Anthony Taylor,Match Report,,16,8,19.1,1,1,1,Chelsea,2024
11/25/2023,15:00,Premier League,Matchweek 13,Sat,Away,L,1,4,Newcastle Utd,0.5,2.4,46,52227,Reece James,4-2-3-1,4/3/2003,Simon Hooper,Match Report,,7,4,18.4,2,0,0,Chelsea,2024
12/3/2023,14:00,Premier League,Matchweek 14,Sun,Home,W,3,2,Brighton,2.1,1.1,32,39647,Conor Gallagher,4-2-3-1,4-2-3-1,Craig Pawson,Match Report,,7,3,19.6,0,1,1,Chelsea,2024
12/6/2023,20:15,Premier League,Matchweek 15,Wed,Away,L,1,2,Manchester Utd,1.5,4.1,55,73607,Levi Colwill,4-2-3-1,4-2-3-1,Chris Kavanagh,Match Report,,13,3,15,0,0,0,Chelsea,2024
12/10/2023,14:00,Premier League,Matchweek 16,Sun,Away,L,0,2,Everton,0.9,1.2,71,39280,Reece James,4-2-3-1,4-4-1-1,Michael Oliver,Match Report,,16,4,18.5,1,0,0,Chelsea,2024
12/16/2023,15:00,Premier League,Matchweek 17,Sat,Home,W,2,0,Sheffield Utd,3.1,0.4,78,39599,Conor Gallagher,4-2-3-1,4-1-4-1,Andy Madley,Match Report,,15,6,17.2,1,0,0,Chelsea,2024
12/24/2023,13:00,Premier League,Matchweek 18,Sun,Away,L,1,2,Wolves,2,1.3,68,31641,Conor Gallagher,4-2-3-1,3/4/2003,David Coote,Match Report,,16,4,17.4,1,0,0,Chelsea,2024
12/27/2023,19:30,Premier League,Matchweek 19,Wed,Home,W,2,1,Crystal Palace,2.6,1.1,63,39618,Conor Gallagher,4-2-3-1,4/3/2003,Michael Salisbury,Match Report,,8,2,15.3,0,1,1,Chelsea,2024
12/30/2023,12:30,Premier League,Matchweek 20,Sat,Away,W,3,2,Luton Town,1.5,2.3,48,11041,Conor Gallagher,4-2-3-1,3/4/2003,Paul Tierney,Match Report,,12,8,17.5,0,0,0,Chelsea,2024
1/13/2024,12:30,Premier League,Matchweek 21,Sat,Home,W,1,0,Fulham,2.2,0.8,55,39643,Conor Gallagher,4-2-3-1,4-2-3-1,Anthony Taylor,Match Report,,16,2,17.5,0,1,1,Chelsea,2024
1/31/2024,20:15,Premier League,Matchweek 22,Wed,Away,L,1,4,Liverpool,0.6,2.9,50,57524,Ben Chilwell,4-2-3-1,4/3/2003,Paul Tierney,Match Report,,4,3,18.8,0,0,0,Chelsea,2024
2/4/2024,14:00,Premier League,Matchweek 23,Sun,Home,L,2,4,Wolves,1.7,2,64,39628,Ben Chilwell,4-2-3-1,3/4/2003,Tim Robinson,Match Report,,15,4,14.5,0,0,0,Chelsea,2024
2/12/2024,20:00,Premier League,Matchweek 24,Mon,Away,W,3,1,Crystal Palace,1.4,0.6,77,25110,Ben Chilwell,4-2-3-1,4-1-4-1,Michael Oliver,Match Report,,14,5,15.3,0,0,0,Chelsea,2024
2/17/2024,17:30,Premier League,Matchweek 25,Sat,Away,D,1,1,Manchester City,1.4,2.6,30,52178,Ben Chilwell,4-2-3-1,4-1-4-1,Andy Madley,Match Report,,9,6,12.8,0,0,0,Chelsea,2024
3/2/2024,15:00,Premier League,Matchweek 27,Sat,Away,D,2,2,Brentford,1.8,1.8,67,17140,Ben Chilwell,3/5/2002,3/5/2002,Jarred Gillett,Match Report,,17,5,19.5,0,0,0,Chelsea,2024
3/11/2024,20:00,Premier League,Matchweek 28,Mon,Home,W,3,2,Newcastle Utd,1.6,0.7,44,37753,Conor Gallagher,4-2-3-1,4/3/2003,John Brooks,Match Report,,12,7,19.7,0,0,0,Chelsea,2024
3/30/2024,15:00,Premier League,Matchweek 30,Sat,Home,D,2,2,Burnley,4.2,1.6,69,39535,Conor Gallagher,4-2-3-1,4/4/2002,Darren England,Match Report,,32,12,17.8,0,1,1,Chelsea,2024
4/4/2024,20:15,Premier League,Matchweek 31,Thu,Home,W,4,3,Manchester Utd,3,1.5,57,39694,Conor Gallagher,4-2-3-1,4-2-3-1,Jarred Gillett,Match Report,,26,8,19,1,2,2,Chelsea,2024
4/7/2024,17:30,Premier League,Matchweek 32,Sun,Away,D,2,2,Sheffield Utd,0.3,1.4,68,28638,Conor Gallagher,4-2-3-1,3/5/2002,Robert Jones,Match Report,,6,3,18.5,0,0,0,Chelsea,2024
4/15/2024,20:00,Premier League,Matchweek 33,Mon,Home,W,6,0,Everton,3.1,1.5,58,39392,Conor Gallagher,4-2-3-1,4-4-1-1,Paul Tierney,Match Report,,13,9,18.8,0,1,1,Chelsea,2024
4/23/2024,20:00,Premier League,Matchweek 29,Tue,Away,L,0,5,Arsenal,1.6,3.3,55,60238,Conor Gallagher,4-2-3-1,4/3/2003,Simon Hooper,Match Report,,7,1,13,1,0,0,Chelsea,2024
4/27/2024,20:00,Premier League,Matchweek 35,Sat,Away,D,2,2,Aston Villa,1.6,1.1,71,42354,Conor Gallagher,4-2-3-1,4-4-1-1,Craig Pawson,Match Report,,21,5,21.7,1,0,0,Chelsea,2024
5/2/2024,19:30,Premier League,Matchweek 26,Thu,Home,W,2,0,Tottenham,2.2,1.6,37,39086,Conor Gallagher,4-2-3-1,4-2-3-1,Robert Jones,Match Report,,16,4,16.1,2,0,0,Chelsea,2024
5/5/2024,14:00,Premier League,Matchweek 36,Sun,Home,W,5,0,West Ham,4.1,0.9,69,39295,Conor Gallagher,4-2-3-1,4-2-3-1,Andy Madley,Match Report,,25,14,15.7,1,0,0,Chelsea,2024
5/11/2024,17:30,Premier League,Matchweek 37,Sat,Away,W,3,2,Nott'ham Forest,1.6,1.5,67,29708,Conor Gallagher,4-2-3-1,5/4/2001,Tony Harrington,Match Report,,12,5,12,1,0,0,Chelsea,2024
5/15/2024,19:45,Premier League,Matchweek 34,Wed,Away,W,2,1,Brighton,1.5,1.3,45,31555,Conor Gallagher,4-2-3-1,4-2-3-1,Michael Salisbury,Match Report,,14,6,20.3,2,0,0,Chelsea,2024
5/19/2024,16:00,Premier League,Matchweek 38,Sun,Home,W,2,1,Bournemouth,1.1,2.2,61,39724,Conor Gallagher,4-2-3-1,4-2-3-1,Anthony Taylor,Match Report,,16,6,18.2,0,0,0,Chelsea,2024
8/18/2024,16:30,Premier League,Matchweek 1,Sun,Home,L,0,2,Manchester City,1,0.8,48,39818,Enzo Fernández,4-2-3-1,3-2-4-1,Anthony Taylor,Match Report,,10,3,17.1,0,0,0,Chelsea,2025
8/25/2024,14:00,Premier League,Matchweek 2,Sun,Away,W,6,2,Wolves,1.6,1.9,60,31235,Enzo Fernández,4-2-3-1,4-2-3-1,Darren England,Match Report,,14,8,15.4,1,0,0,Chelsea,2025
9/1/2024,13:30,Premier League,Matchweek 3,Sun,Home,D,1,1,Crystal Palace,2.4,0.5,62,39298,Enzo Fernández,4-2-3-1,3/4/2003,Jarred Gillett,Match Report,,13,7,15.9,1,0,0,Chelsea,2025
9/14/2024,20:00,Premier League,Matchweek 4,Sat,Away,W,1,0,Bournemouth,0.8,1.7,66,11235,Moisés Caicedo,4-2-3-1,4-2-3-1,Anthony Taylor,Match Report,,10,3,18.2,0,0,0,Chelsea,2025
9/21/2024,12:30,Premier League,Matchweek 5,Sat,Away,W,3,0,West Ham,2.2,0.9,47,62473,Enzo Fernández,4-2-3-1,3/4/2003,Samuel Barrott,Match Report,,12,5,15,0,0,0,Chelsea,2025
9/28/2024,15:00,Premier League,Matchweek 6,Sat,Home,W,4,2,Brighton,4.2,1.1,41,39495,Enzo Fernández,4-2-3-1,4/3/2003,Peter Bankes,Match Report,,14,5,15.7,1,1,1,Chelsea,2025
10/6/2024,14:00,Premier League,Matchweek 7,Sun,Home,D,1,1,Nott'ham Forest,2.3,0.9,65,39501,Enzo Fernández,4-2-3-1,4-2-3-1,Chris Kavanagh,Match Report,,22,8,17.2,0,0,0,Chelsea,2025
10/20/2024,16:30,Premier League,Matchweek 8,Sun,Away,L,1,2,Liverpool,1,1.9,57,60277,Reece James,4-2-3-1,4-2-3-1,John Brooks,Match Report,,12,2,16.1,1,0,0,Chelsea,2025
10/27/2024,14:00,Premier League,Matchweek 9,Sun,Home,W,2,1,Newcastle Utd,1.6,1.8,50,39526,Reece James,4-2-3-1,4/3/2003,Simon Hooper,Match Report,,17,7,16.7,0,0,0,Chelsea,2025
11/3/2024,16:30,Premier League,Matchweek 10,Sun,Away,D,1,1,Manchester Utd,1.1,2,54,73813,Reece James,4-2-3-1,4-2-3-1,Robert Jones,Match Report,,12,3,16,0,0,0,Chelsea,2025
11/10/2024,16:30,Premier League,Matchweek 11,Sun,Home,D,1,1,Arsenal,1.5,1.5,49,39780,Moisés Caicedo,4-2-3-1,4/3/2003,Michael Oliver,Match Report,,17,3,20.8,3,0,0,Chelsea,2025
11/23/2024,12:30,Premier League,Matchweek 12,Sat,Away,W,2,1,Leicester City,2.7,1.1,63,31880,Enzo Fernández,4-2-3-1,4-4-1-1,Andy Madley,Match Report,,16,6,14.2,0,0,0,Chelsea,2025
12/1/2024,13:30,Premier League,Matchweek 13,Sun,Home,W,3,0,Aston Villa,1.6,1.2,64,40853,Enzo Fernández,4-2-3-1,4-2-3-1,Stuart Attwell,Match Report,,17,8,15.8,0,0,0,Chelsea,2025
12/4/2024,19:30,Premier League,Matchweek 14,Wed,Away,W,5,1,Southampton,5.2,1.6,55,31193,Enzo Fernández,4-2-3-1,5/3/2002,Tony Harrington,Match Report,,26,11,12.6,1,0,0,Chelsea,2025
12/8/2024,16:30,Premier League,Matchweek 15,Sun,Away,W,4,3,Tottenham,2.8,2.8,61,61184,Enzo Fernández,4-2-3-1,4/3/2003,Anthony Taylor,Match Report,,15,6,17.9,0,2,2,Chelsea,2025
12/15/2024,19:00,Premier League,Matchweek 16,Sun,Home,W,2,1,Brentford,2.2,1.6,62,39571,Enzo Fernández,4-2-3-1,3/5/2002,Peter Bankes,Match Report,,26,8,16.2,0,0,0,Chelsea,2025
12/22/2024,14:00,Premier League,Matchweek 17,Sun,Away,D,0,0,Everton,1.2,1,75,39358,Enzo Fernández,4-2-3-1,4/3/2003,Chris Kavanagh,Match Report,,12,4,16.8,2,0,0,Chelsea,2025
12/26/2024,15:00,Premier League,Matchweek 18,Thu,Home,L,1,2,Fulham,1.1,1.8,47,39687,Enzo Fernández,4-2-3-1,4/5/2001,Samuel Barrott,Match Report,,12,8,18.7,1,0,0,Chelsea,2025
12/30/2024,19:45,Premier League,Matchweek 19,Mon,Away,L,0,2,Ipswich Town,2,1.6,76,29968,Enzo Fernández,4-2-3-1,5/4/2001,John Brooks,Match Report,,20,4,17.1,0,0,0,Chelsea,2025
1/4/2025,15:00,Premier League,Matchweek 20,Sat,Away,D,1,1,Crystal Palace,1.2,1.1,61,25179,Enzo Fernández,4-2-3-1,3/4/2003,Tim Robinson,Match Report,,15,1,16.2,0,0,0,Chelsea,2025
1/14/2025,19:30,Premier League,Matchweek 21,Tue,Home,D,2,2,Bournemouth,2.5,1.2,57,39092,Enzo Fernández,4-2-3-1,4-2-3-1,Robert Jones,Match Report,,26,10,16.6,2,0,0,Chelsea,2025
1/20/2025,20:00,Premier League,Matchweek 22,Mon,Home,W,3,1,Wolves,3.1,0.8,63,39221,Reece James,4-2-3-1,3/4/2003,Simon Hooper,Match Report,,19,6,14,0,0,0,Chelsea,2025
1/25/2025,17:30,Premier League,Matchweek 23,Sat,Away,L,1,3,Manchester City,1.8,2.2,44,52687,Reece James,4-2-3-1,4/3/2003,John Brooks,Match Report,,10,4,16.5,0,0,0,Chelsea,2025
2/3/2025,20:00,Premier League,Matchweek 24,Mon,Home,W,2,1,West Ham,1.6,1.2,68,39459,Reece James,4-2-3-1,3/4/2003,Stuart Attwell,Match Report,,22,3,17,1,0,0,Chelsea,2025
2/14/2025,20:00,Premier League,Matchweek 25,Fri,Away,L,0,3,Brighton,0.5,1.4,69,31324,Enzo Fernández,4-2-3-1,5/4/2001,Chris Kavanagh,Match Report,,8,0,16.9,0,0,0,Chelsea,2025
2/22/2025,17:30,Premier League,Matchweek 26,Sat,Away,L,1,2,Aston Villa,2.3,2.3,48,42423,Reece James,4-2-3-1,4-2-3-1,Michael Oliver,Match Report,,15,6,16.3,0,0,0,Chelsea,2025
2/25/2025,20:15,Premier League,Matchweek 27,Tue,Home,W,4,0,Southampton,2.4,0.7,60,39485,Enzo Fernández,4-2-3-1,5/4/2001,Thomas Bramall,Match Report,,19,10,15.6,1,0,0,Chelsea,2025
3/9/2025,14:00,Premier League,Matchweek 28,Sun,Home,W,1,0,Leicester City,1.7,0.1,56,39750,Enzo Fernández,4-2-3-1,3/4/2003,Tim Robinson,Match Report,,19,6,20,0,0,1,Chelsea,2025
3/16/2025,13:30,Premier League,Matchweek 29,Sun,Away,L,0,1,Arsenal,0.4,0.7,58,60311,Reece James,4-2-3-1,4/3/2003,Chris Kavanagh,Match Report,,8,2,21.8,0,0,0,Chelsea,2025
4/3/2025,20:00,Premier League,Matchweek 30,Thu,Home,W,1,0,Tottenham,1,0.9,51,39852,Enzo Fernández,4-2-3-1,4/3/2003,Craig Pawson,Match Report,,11,5,17.3,0,0,0,Chelsea,2025
4/6/2025,14:00,Premier League,Matchweek 31,Sun,Away,D,0,0,Brentford,1.2,1.1,58,17183,Reece James,4-2-3-1,4-2-3-1,Michael Oliver,Match Report,,21,5,19,0,0,0,Chelsea,2025
4/13/2025,14:00,Premier League,Matchweek 32,Sun,Home,D,2,2,Ipswich Town,2.2,1.1,73,39805,Enzo Fernández,4-2-3-1,4-2-3-1,Stuart Attwell,Match Report,,34,9,18,0,0,0,Chelsea,2025
4/20/2025,14:00,Premier League,Matchweek 33,Sun,Away,W,2,1,Fulham,0.9,0.3,59,27712,Reece James,4-2-3-1,4-2-3-1,Anthony Taylor,Match Report,,13,7,17.5,1,0,0,Chelsea,2025
4/26/2025,12:30,Premier League,Matchweek 34,Sat,Home,W,1,0,Everton,0.8,0.4,55,39894,Enzo Fernández,4-2-3-1,4-2-3-1,Chris Kavanagh,Match Report,,10,7,18.3,0,0,0,Chelsea,2025
5/4/2025,16:30,Premier League,Matchweek 35,Sun,Home,W,3,1,Liverpool,3.1,1,36,39829,Enzo Fernández,4-2-3-1,4-2-3-1,Simon Hooper,Match Report,,16,5,14.3,0,1,1,Chelsea,2025
5/11/2025,12:00,Premier League,Matchweek 36,Sun,Away,L,0,2,Newcastle Utd,0.7,1.6,55,52231,Enzo Fernández,4-2-3-1,3/4/2003,John Brooks,Match Report,,10,3,17.3,0,0,0,Chelsea,2025
5/16/2025,20:15,Premier League,Matchweek 37,Fri,Home,W,1,0,Manchester Utd,0.8,0.3,47,39849,Reece James,4-2-3-1,3/4/2003,Chris Kavanagh,Match Report,,11,3,19.3,1,0,0,Chelsea,2025
5/25/2025,16:00,Premier League,Matchweek 38,Sun,Away,W,1,0,Nott'ham Forest,1.1,1.2,48,30263,Reece James,4-2-3-1,4-3-1-2,Anthony Taylor,Match Report,,6,2,14.3,0,0,0,Chelsea,2025
9/12/2020,15:00,Premier League,Matchweek 1,Sat,Home,W,1,0,Southampton,1.1,0.9,31,,Scott Dann,4/4/2002,4/4/2002,Jonathan Moss,Match Report,,5,3,10.6,0,0,0,Crystal Palace,2021
9/19/2020,17:30,Premier League,Matchweek 2,Sat,Away,W,3,1,Manchester Utd,1.6,1.2,25,,Wilfried Zaha,4/4/2002,4-2-3-1,Martin Atkinson,Match Report,,13,4,18.6,0,1,1,Crystal Palace,2021
9/26/2020,15:00,Premier League,Matchweek 3,Sat,Home,L,1,2,Everton,0.4,1.9,42,,Wilfried Zaha,4/4/2002,4/3/2003,Kevin Friend,Match Report,,8,1,18.3,0,0,0,Crystal Palace,2021
10/3/2020,12:30,Premier League,Matchweek 4,Sat,Away,L,0,4,Chelsea,0.2,2.7,30,,Wilfried Zaha,4/4/2002,4-2-3-1,Michael Oliver,Match Report,,4,0,22.5,0,0,0,Crystal Palace,2021
10/18/2020,14:00,Premier League,Matchweek 5,Sun,Home,D,1,1,Brighton,0.8,1.7,34,,Gary Cahill,4/4/2002,3/4/2003,Stuart Attwell,Match Report,,0,0,,0,1,1,Crystal Palace,2021
10/24/2020,15:00,Premier League,Matchweek 6,Sat,Away,W,2,1,Fulham,2.5,1.1,36,,Luka Milivojević,4/4/2002,4-3-2-1,Graham Scott,Match Report,,14,10,11.9,1,0,0,Crystal Palace,2021
10/30/2020,20:00,Premier League,Matchweek 7,Fri,Away,L,0,2,Wolves,0.7,1.3,55,,Luka Milivojević,4/3/2003,3/4/2003,Martin Atkinson,Match Report,,11,2,19.3,2,0,0,Crystal Palace,2021
11/7/2020,15:00,Premier League,Matchweek 8,Sat,Home,W,4,1,Leeds United,0.9,0.8,36,,Scott Dann,4/4/2002,3-3-3-1,Chris Kavanagh,Match Report,,10,6,17.2,1,0,0,Crystal Palace,2021
11/23/2020,17:30,Premier League,Matchweek 9,Mon,Away,L,0,1,Burnley,1.5,1.5,54,,Scott Dann,4/4/2002,4/4/2002,Kevin Friend,Match Report,,15,5,19.5,0,0,0,Crystal Palace,2021
11/27/2020,20:00,Premier League,Matchweek 10,Fri,Home,L,0,2,Newcastle Utd,0.6,1.3,57,,Scott Dann,4/4/2002,4/4/2002,Graham Scott,Match Report,,12,3,17,1,0,0,Crystal Palace,2021
12/6/2020,12:00,Premier League,Matchweek 11,Sun,Away,W,5,1,West Brom,1.6,0.7,50,,Luka Milivojević,4/4/2002,3-4-1-2,Paul Tierney,Match Report,,18,6,16,0,0,0,Crystal Palace,2021
12/13/2020,14:15,Premier League,Matchweek 12,Sun,Home,D,1,1,Tottenham,1.6,0.9,44,2000,Luka Milivojević,4/4/2002,4-2-3-1,Kevin Friend,Match Report,,16,5,16,2,0,0,Crystal Palace,2021
12/16/2020,20:00,Premier League,Matchweek 13,Wed,Away,D,1,1,West Ham,1.1,0.4,48,,Luka Milivojević,4/4/2002,4-2-3-1,David Coote,Match Report,,8,2,13.2,0,0,0,Crystal Palace,2021
12/19/2020,12:30,Premier League,Matchweek 14,Sat,Home,L,0,7,Liverpool,0.3,2.5,36,,Luka Milivojević,4/4/2002,4/3/2003,Jonathan Moss,Match Report,,5,3,20.8,0,0,0,Crystal Palace,2021
12/26/2020,15:00,Premier League,Matchweek 15,Sat,Away,L,0,3,Aston Villa,0.9,3.9,61,,Luka Milivojević,4/4/2002,4-2-3-1,Anthony Taylor,Match Report,,13,6,20.2,2,0,0,Crystal Palace,2021
12/28/2020,15:00,Premier League,Matchweek 16,Mon,Home,D,1,1,Leicester City,0.5,1.9,34,,Luka Milivojević,4/4/2002,4-2-3-1,Graham Scott,Match Report,,4,1,10.1,0,0,0,Crystal Palace,2021
1/2/2021,15:00,Premier League,Matchweek 17,Sat,Home,W,2,0,Sheffield Utd,0.6,0.4,44,,Luka Milivojević,4/4/2002,3/5/2002,Stuart Attwell,Match Report,,9,4,17.9,0,0,0,Crystal Palace,2021
1/14/2021,20:00,Premier League,Matchweek 18,Thu,Away,D,0,0,Arsenal,0.8,0.4,33,,Luka Milivojević,4/4/2002,4-2-3-1,Andre Marriner,Match Report,,12,2,18.2,1,0,0,Crystal Palace,2021
1/17/2021,19:15,Premier League,Matchweek 19,Sun,Away,L,0,4,Manchester City,0.1,0.7,29,,Luka Milivojević,4-1-4-1,4/3/2003,Lee Mason,Match Report,,2,0,28.2,0,0,0,Crystal Palace,2021
1/26/2021,18:00,Premier League,Matchweek 20,Tue,Home,L,2,3,West Ham,0.7,2.8,54,,Luka Milivojević,4/4/2002,4-2-3-1,Stuart Attwell,Match Report,,6,3,21.8,0,0,0,Crystal Palace,2021
1/30/2021,15:00,Premier League,Matchweek 21,Sat,Home,W,1,0,Wolves,1.4,0.4,48,,Luka Milivojević,4-2-3-1,3/4/2003,Simon Hooper,Match Report,,11,2,20,2,0,0,Crystal Palace,2021
2/2/2021,20:15,Premier League,Matchweek 22,Tue,Away,W,2,1,Newcastle Utd,0.7,1.9,39,,Luka Milivojević,4/4/2002,4-3-1-2,Darren England,Match Report,,6,3,18.6,0,0,0,Crystal Palace,2021
2/8/2021,20:00,Premier League,Matchweek 23,Mon,Away,L,0,2,Leeds United,0.4,1.9,33,,Luka Milivojević,4/4/2002,4-1-4-1,Andre Marriner,Match Report,,8,3,19.3,0,0,0,Crystal Palace,2021
2/13/2021,15:00,Premier League,Matchweek 24,Sat,Home,L,0,3,Burnley,0.5,1.4,54,,Luka Milivojević,4/4/2002,4/4/2002,Michael Oliver,Match Report,,13,3,18.6,0,0,0,Crystal Palace,2021
2/22/2021,20:00,Premier League,Matchweek 25,Mon,Away,W,2,1,Brighton,0.2,2.4,26,,Luka Milivojević,4/3/2003,4/4/2002,Kevin Friend,Match Report,,3,2,15,0,0,0,Crystal Palace,2021
2/28/2021,12:00,Premier League,Matchweek 26,Sun,Home,D,0,0,Fulham,0.1,1.4,40,,Luka Milivojević,4-2-3-1,4-2-3-1,Anthony Taylor,Match Report,,3,0,15.8,0,0,0,Crystal Palace,2021
3/3/2021,20:15,Premier League,Matchweek 29,Wed,Home,D,0,0,Manchester Utd,0.9,0.9,37,,Luka Milivojević,4/4/2002,4-2-3-1,Andre Marriner,Match Report,,8,2,18.3,1,0,0,Crystal Palace,2021
3/7/2021,19:15,Premier League,Matchweek 27,Sun,Away,L,1,4,Tottenham,0.5,2.7,37,,Luka Milivojević,4/4/2002,4-2-3-1,Stuart Attwell,Match Report,,5,1,14.9,0,0,0,Crystal Palace,2021
3/13/2021,15:00,Premier League,Matchweek 28,Sat,Home,W,1,0,West Brom,1.2,0.8,45,,Luka Milivojević,4/4/2002,4-1-4-1,Simon Hooper,Match Report,,5,3,23,0,1,1,Crystal Palace,2021
4/5/2021,18:00,Premier League,Matchweek 30,Mon,Away,D,1,1,Everton,0.7,2.5,52,,Luka Milivojević,4/4/2002,3-4-1-2,Kevin Friend,Match Report,,13,6,20.1,0,0,0,Crystal Palace,2021
4/10/2021,17:30,Premier League,Matchweek 31,Sat,Home,L,1,4,Chelsea,0.4,3.1,36,,Luka Milivojević,4/4/2002,3/4/2003,Michael Oliver,Match Report,,1,1,5.9,0,0,0,Crystal Palace,2021
4/26/2021,20:00,Premier League,Matchweek 33,Mon,Away,L,1,2,Leicester City,0.7,1.5,34,,Luka Milivojević,4/3/2003,3-4-1-2,Graham Scott,Match Report,,4,2,14.6,0,0,0,Crystal Palace,2021
5/1/2021,12:30,Premier League,Matchweek 34,Sat,Home,L,0,2,Manchester City,0.9,1.7,32,,Luka Milivojević,4/3/2003,4-4-1-1,David Coote,Match Report,,9,4,19.6,0,0,0,Crystal Palace,2021
5/8/2021,15:00,Premier League,Matchweek 35,Sat,Away,W,2,0,Sheffield Utd,2,0.7,50,,Luka Milivojević,4/3/2003,3/5/2002,Simon Hooper,Match Report,,21,8,16.1,1,0,0,Crystal Palace,2021
5/11/2021,20:15,Premier League,Matchweek 32,Tue,Away,L,1,3,Southampton,1.5,1.2,38,,Luka Milivojević,4/3/2003,4/4/2002,Andy Madley,Match Report,,10,3,18.9,1,0,1,Crystal Palace,2021
5/16/2021,12:00,Premier League,Matchweek 36,Sun,Home,W,3,2,Aston Villa,1.9,1.4,45,,Gary Cahill,4/3/2003,4/3/2003,David Coote,Match Report,,23,8,18,2,0,0,Crystal Palace,2021
5/19/2021,19:00,Premier League,Matchweek 37,Wed,Home,L,1,3,Arsenal,1,1.8,32,6500,Gary Cahill,4/3/2003,4-2-3-1,Anthony Taylor,Match Report,,12,6,13.6,0,0,0,Crystal Palace,2021
5/23/2021,16:00,Premier League,Matchweek 38,Sun,Away,L,0,2,Liverpool,0.6,1.6,31,9901,Gary Cahill,4/3/2003,4/3/2003,Craig Pawson,Match Report,,5,4,19.4,1,0,0,Crystal Palace,2021
8/14/2021,15:00,Premier League,Matchweek 1,Sat,Away,L,0,3,Chelsea,0.2,0.7,38,38965,James McArthur,4/4/2002,3/4/2003,Jonathan Moss,Match Report,,4,1,10.8,0,0,0,Crystal Palace,2022
8/21/2021,15:00,Premier League,Matchweek 2,Sat,Home,D,0,0,Brentford,0.5,0.9,53,23091,James McArthur,4/3/2003,3/5/2002,Martin Atkinson,Match Report,,7,2,15.9,0,0,0,Crystal Palace,2022
8/28/2021,15:00,Premier League,Matchweek 3,Sat,Away,D,2,2,West Ham,1.1,1.3,53,59751,James McArthur,4/3/2003,4-2-3-1,Stuart Attwell,Match Report,,9,2,15.2,0,0,0,Crystal Palace,2022
9/11/2021,12:30,Premier League,Matchweek 4,Sat,Home,W,3,0,Tottenham,2.1,0.1,62,26000,James McArthur,4/3/2003,4-1-2-1-2,Jonathan Moss,Match Report,,17,3,17.5,1,1,1,Crystal Palace,2022
9/18/2021,15:00,Premier League,Matchweek 5,Sat,Away,L,0,3,Liverpool,0.6,3.1,41,52000,James McArthur,4/3/2003,4/3/2003,Andy Madley,Match Report,,13,2,19,1,0,0,Crystal Palace,2022
9/27/2021,20:00,Premier League,Matchweek 6,Mon,Home,D,1,1,Brighton,1.4,0.8,47,22975,Luka Milivojević,4/3/2003,3/4/2003,Andre Marriner,Match Report,,7,2,24.1,1,1,1,Crystal Palace,2022
10/3/2021,14:00,Premier League,Matchweek 7,Sun,Home,D,2,2,Leicester City,1.5,1.2,60,25000,Luka Milivojević,4/3/2003,4/4/2002,Anthony Taylor,Match Report,,18,4,15.3,0,0,0,Crystal Palace,2022
10/18/2021,20:00,Premier League,Matchweek 8,Mon,Away,D,2,2,Arsenal,0.7,1.7,46,59475,Luka Milivojević,4-2-3-1,4-1-4-1,Mike Dean,Match Report,,9,6,21.4,0,0,0,Crystal Palace,2022
10/23/2021,15:00,Premier League,Matchweek 9,Sat,Home,D,1,1,Newcastle Utd,1.9,0.3,74,24609,Luka Milivojević,4/3/2003,5/3/2002,Darren England,Match Report,,15,3,15.6,0,0,0,Crystal Palace,2022
10/30/2021,15:00,Premier League,Matchweek 10,Sat,Away,W,2,0,Manchester City,0.7,0.7,32,53014,James McArthur,4/3/2003,4/3/2003,Andre Marriner,Match Report,,8,3,15.3,0,0,0,Crystal Palace,2022
11/6/2021,15:00,Premier League,Matchweek 11,Sat,Home,W,2,0,Wolves,1.9,0.3,60,24390,James McArthur,4/3/2003,3/4/2003,Graham Scott,Match Report,,13,6,13.2,0,0,0,Crystal Palace,2022
11/20/2021,15:00,Premier League,Matchweek 12,Sat,Away,D,3,3,Burnley,1.9,1.5,60,18028,Luka Milivojević,4/3/2003,4/4/2002,Simon Hooper,Match Report,,18,8,16.4,1,0,0,Crystal Palace,2022
11/27/2021,15:00,Premier League,Matchweek 13,Sat,Home,L,1,2,Aston Villa,1,0.5,64,25203,Luka Milivojević,4-2-3-1,4/3/2003,Michael Salisbury,Match Report,,8,3,13.9,0,0,0,Crystal Palace,2022
11/30/2021,20:15,Premier League,Matchweek 14,Tue,Away,L,0,1,Leeds United,1.1,1.4,39,35558,Joel Ward,4/3/2003,4-1-4-1,Kevin Friend,Match Report,,9,1,18.1,1,0,0,Crystal Palace,2022
12/5/2021,14:00,Premier League,Matchweek 15,Sun,Away,L,0,1,Manchester Utd,0.5,0.9,39,73172,Wilfried Zaha,4/3/2003,4-2-2-2,Craig Pawson,Match Report,,8,2,19.2,0,0,0,Crystal Palace,2022
12/12/2021,16:30,Premier League,Matchweek 16,Sun,Home,W,3,1,Everton,1.8,1,61,24066,Joel Ward,4/3/2003,4-1-4-1,Andy Madley,Match Report,,17,6,16.8,1,0,0,Crystal Palace,2022
12/15/2021,19:30,Premier League,Matchweek 17,Wed,Home,D,2,2,Southampton,1.2,0.6,59,22861,Joel Ward,4/3/2003,4/4/2002,Simon Hooper,Match Report,,9,6,10.9,0,0,0,Crystal Palace,2022
12/26/2021,15:00,Premier League,Matchweek 19,Sun,Away,L,0,3,Tottenham,0.2,2.3,40,40539,Joel Ward,4/3/2003,3/4/2003,Jonathan Moss,Match Report,,4,0,17.7,0,0,0,Crystal Palace,2022
12/28/2021,15:00,Premier League,Matchweek 20,Tue,Home,W,3,0,Norwich City,1.9,0.9,51,24433,Joel Ward,4/3/2003,4-2-3-1,Paul Tierney,Match Report,,18,5,13.3,0,1,1,Crystal Palace,2022
1/1/2022,17:30,Premier League,Matchweek 21,Sat,Home,L,2,3,West Ham,2.4,2.2,62,24351,Luka Milivojević,4/3/2003,4-2-3-1,Darren England,Match Report,,22,6,15.8,2,0,0,Crystal Palace,2022
1/14/2022,20:00,Premier League,Matchweek 22,Fri,Away,D,1,1,Brighton,0.2,2,37,30675,Joel Ward,4/3/2003,4-1-2-1-2,Robert Jones,Match Report,,3,1,22.2,0,0,0,Crystal Palace,2022
1/23/2022,14:00,Premier League,Matchweek 23,Sun,Home,L,1,3,Liverpool,2.2,1.9,43,25002,Joel Ward,4/3/2003,4/3/2003,Kevin Friend,Match Report,,8,5,12.2,0,0,0,Crystal Palace,2022
2/9/2022,19:45,Premier League,Matchweek 24,Wed,Away,D,1,1,Norwich City,1.3,0.4,70,26652,Joel Ward,4/3/2003,4/4/2002,Paul Tierney,Match Report,,12,5,22.3,1,0,1,Crystal Palace,2022
2/12/2022,15:00,Premier League,Matchweek 25,Sat,Away,D,0,0,Brentford,0.3,1.6,58,16958,Joel Ward,4/3/2003,3/5/2002,Simon Hooper,Match Report,,6,3,21.6,0,0,0,Crystal Palace,2022
2/19/2022,15:00,Premier League,Matchweek 26,Sat,Home,L,0,1,Chelsea,0.5,0.9,42,25109,James McArthur,4-2-3-1,4/3/2003,David Coote,Match Report,,7,0,14.6,0,0,0,Crystal Palace,2022
2/23/2022,19:30,Premier League,Matchweek 18,Wed,Away,W,4,1,Watford,1.1,1.4,54,20012,Marc Guéhi,4/3/2003,4/3/2003,Andre Marriner,Match Report,,7,5,15.1,0,0,0,Crystal Palace,2022
2/26/2022,15:00,Premier League,Matchweek 27,Sat,Home,D,1,1,Burnley,1,0.2,59,24203,Luka Milivojević,4/3/2003,4/4/2002,Jonathan Moss,Match Report,,11,4,18.7,2,0,0,Crystal Palace,2022
3/5/2022,15:00,Premier League,Matchweek 28,Sat,Away,W,2,0,Wolves,2.7,0.7,37,31395,Marc Guéhi,4-2-3-1,3/4/2003,Andy Madley,Match Report,,11,7,15.1,0,1,1,Crystal Palace,2022
3/14/2022,20:00,Premier League,Matchweek 29,Mon,Home,D,0,0,Manchester City,0.6,2.8,27,25309,Marc Guéhi,4/3/2003,4/3/2003,Martin Atkinson,Match Report,,7,1,14.7,0,0,0,Crystal Palace,2022
4/4/2022,20:00,Premier League,Matchweek 31,Mon,Home,W,3,0,Arsenal,1.5,0.8,32,25149,Marc Guéhi,4-2-3-1,4-2-3-1,Paul Tierney,Match Report,,5,4,21,1,1,1,Crystal Palace,2022
4/10/2022,14:00,Premier League,Matchweek 32,Sun,Away,L,1,2,Leicester City,1.4,1,49,31896,Marc Guéhi,4-2-3-1,4-2-3-1,Robert Jones,Match Report,,10,2,14,0,0,1,Crystal Palace,2022
4/20/2022,19:45,Premier League,Matchweek 30,Wed,Away,L,0,1,Newcastle Utd,0.5,0.9,63,51938,Marc Guéhi,4-2-3-1,4/3/2003,Tony Harrington,Match Report,,10,2,15.4,0,0,0,Crystal Palace,2022
4/25/2022,20:00,Premier League,Matchweek 34,Mon,Home,D,0,0,Leeds United,1.9,0.5,53,25357,James McArthur,4/3/2003,4-2-3-1,Darren England,Match Report,,17,7,13.6,0,0,0,Crystal Palace,2022
4/30/2022,15:00,Premier League,Matchweek 35,Sat,Away,W,2,1,Southampton,1.1,0.6,62,31359,James McArthur,4/3/2003,4/4/2002,Jarred Gillett,Match Report,,14,5,13.9,0,0,0,Crystal Palace,2022
5/7/2022,15:00,Premier League,Matchweek 36,Sat,Home,W,1,0,Watford,2.2,0.4,67,24622,Joel Ward,4/3/2003,4/3/2003,Graham Scott,Match Report,,14,6,15.8,1,1,1,Crystal Palace,2022
5/15/2022,14:00,Premier League,Matchweek 37,Sun,Away,D,1,1,Aston Villa,1.4,1,51,41136,Luka Milivojević,5/3/2002,4-3-1-2,Chris Kavanagh,Match Report,,16,4,17.6,0,0,0,Crystal Palace,2022
5/19/2022,19:45,Premier League,Matchweek 33,Thu,Away,L,2,3,Everton,1.1,0.8,57,38448,Marc Guéhi,4/3/2003,3/4/2003,Anthony Taylor,Match Report,,7,5,14.2,0,0,0,Crystal Palace,2022
5/22/2022,16:00,Premier League,Matchweek 38,Sun,Home,W,1,0,Manchester Utd,0.6,0.7,39,25434,Joel Ward,4/3/2003,4-2-3-1,Martin Atkinson,Match Report,,6,3,14.1,0,0,0,Crystal Palace,2022
8/5/2022,20:00,Premier League,Matchweek 1,Fri,Home,L,0,2,Arsenal,1.2,1,56,25286,Marc Guéhi,4-2-3-1,4/3/2003,Anthony Taylor,Match Report,,10,2,14.2,0,0,0,Crystal Palace,2023
8/15/2022,20:00,Premier League,Matchweek 2,Mon,Away,D,1,1,Liverpool,1,2,28,52970,Joel Ward,5/4/2001,4/3/2003,Paul Tierney,Match Report,,7,3,14.7,0,0,0,Crystal Palace,2023
8/20/2022,15:00,Premier League,Matchweek 3,Sat,Home,W,3,1,Aston Villa,2.6,0.9,51,22012,Joel Ward,4/3/2003,4/3/2003,Andy Madley,Match Report,,16,8,15.6,1,0,1,Crystal Palace,2023
8/27/2022,15:00,Premier League,Matchweek 4,Sat,Away,L,2,4,Manchester City,0.1,2.2,26,53112,Joel Ward,5/4/2001,4-2-3-1,Darren England,Match Report,,2,2,20.6,0,0,0,Crystal Palace,2023
8/30/2022,19:30,Premier League,Matchweek 5,Tue,Home,D,1,1,Brentford,1,1.4,49,25043,Joel Ward,4-1-4-1,4/3/2003,Simon Hooper,Match Report,,13,4,19.2,0,0,0,Crystal Palace,2023
9/3/2022,15:00,Premier League,Matchweek 6,Sat,Away,D,0,0,Newcastle Utd,1,2.8,48,51863,Joel Ward,4/3/2003,4/3/2003,Michael Salisbury,Match Report,,19,9,20,0,0,0,Crystal Palace,2023
10/1/2022,15:00,Premier League,Matchweek 9,Sat,Home,L,1,2,Chelsea,0.4,1.1,36,25198,Joel Ward,4/3/2003,4-2-2-2,Chris Kavanagh,Match Report,,7,3,20.1,0,0,0,Crystal Palace,2023
10/9/2022,14:00,Premier League,Matchweek 10,Sun,Home,W,2,1,Leeds United,1.1,1,54,25042,Joel Ward,4/3/2003,4-2-3-1,Paul Tierney,Match Report,,13,5,17.7,2,0,0,Crystal Palace,2023
10/15/2022,12:30,Premier League,Matchweek 11,Sat,Away,D,0,0,Leicester City,0.4,1,46,31298,Joel Ward,4/3/2003,4-1-4-1,Andy Madley,Match Report,,8,1,21.2,0,0,0,Crystal Palace,2023
10/18/2022,20:15,Premier League,Matchweek 12,Tue,Home,W,2,1,Wolves,1.2,0.8,51,25125,Joel Ward,4/3/2003,4-2-3-1,David Coote,Match Report,,14,4,17.3,1,0,0,Crystal Palace,2023
10/22/2022,15:00,Premier League,Matchweek 13,Sat,Away,L,0,3,Everton,0.9,1.4,54,38939,Luka Milivojević,4-1-4-1,4-2-3-1,Simon Hooper,Match Report,,9,2,17.1,2,0,0,Crystal Palace,2023
10/29/2022,15:00,Premier League,Matchweek 14,Sat,Home,W,1,0,Southampton,0.9,1.3,44,25130,Luka Milivojević,4/3/2003,3/5/2002,Michael Salisbury,Match Report,,12,3,20,1,0,0,Crystal Palace,2023
11/6/2022,14:00,Premier League,Matchweek 15,Sun,Away,W,2,1,West Ham,1,0.3,58,62451,Marc Guéhi,4/3/2003,4-2-3-1,Paul Tierney,Match Report,,15,6,20.5,2,0,0,Crystal Palace,2023
11/12/2022,15:00,Premier League,Matchweek 16,Sat,Away,L,0,1,Nott'ham Forest,1.2,1.1,68,29045,Marc Guéhi,4/3/2003,4/3/2003,John Brooks,Match Report,,7,0,16.9,0,0,1,Crystal Palace,2023
12/26/2022,15:00,Premier League,Matchweek 17,Mon,Home,L,0,3,Fulham,0.4,2.5,36,25176,Joachim Andersen,4/3/2003,4-2-3-1,Andy Madley,Match Report,,4,0,13,0,0,0,Crystal Palace,2023
12/31/2022,15:00,Premier League,Matchweek 18,Sat,Away,W,2,0,Bournemouth,1.6,0.6,41,9972,Joel Ward,4-2-3-1,4/4/2002,Andre Marriner,Match Report,,15,6,18.9,1,0,0,Crystal Palace,2023
1/4/2023,20:00,Premier League,Matchweek 19,Wed,Home,L,0,4,Tottenham,0.8,1.4,47,25132,Joel Ward,4-2-3-1,3/4/2003,Michael Oliver,Match Report,,19,4,20.1,0,0,0,Crystal Palace,2023
1/15/2023,14:00,Premier League,Matchweek 20,Sun,Away,L,0,1,Chelsea,0.7,1.5,39,40075,Marc Guéhi,4-2-3-1,4-2-3-1,Peter Bankes,Match Report,,10,5,17.9,0,0,0,Crystal Palace,2023
1/18/2023,20:00,Premier League,Matchweek 7,Wed,Home,D,1,1,Manchester Utd,0.5,2.1,40,23343,Marc Guéhi,4-2-3-1,4-2-3-1,Robert Jones,Match Report,,10,5,18.2,2,0,0,Crystal Palace,2023
1/21/2023,17:30,Premier League,Matchweek 21,Sat,Home,D,0,0,Newcastle Utd,0.3,1.2,40,25350,Joel Ward,4-2-3-1,4/3/2003,Craig Pawson,Match Report,,6,1,19.9,0,0,0,Crystal Palace,2023
2/4/2023,15:00,Premier League,Matchweek 22,Sat,Away,L,1,2,Manchester Utd,1.3,2,48,73420,Marc Guéhi,4-2-3-1,4-2-3-1,Andre Marriner,Match Report,,10,3,12.8,0,0,0,Crystal Palace,2023
2/11/2023,15:00,Premier League,Matchweek 23,Sat,Home,D,1,1,Brighton,1.1,2.5,27,24827,Marc Guéhi,4/4/2002,4-2-3-1,Michael Oliver,Match Report,,6,1,12.4,0,0,0,Crystal Palace,2023
2/18/2023,15:00,Premier League,Matchweek 24,Sat,Away,D,1,1,Brentford,1.1,0.9,41,17122,Marc Guéhi,4-2-3-1,4/3/2003,Paul Tierney,Match Report,,10,4,14.4,0,0,0,Crystal Palace,2023
2/25/2023,19:45,Premier League,Matchweek 25,Sat,Home,D,0,0,Liverpool,0.7,0.9,37,25842,Marc Guéhi,4-2-3-1,4/3/2003,Darren England,Match Report,,6,0,15,0,0,0,Crystal Palace,2023
3/4/2023,15:00,Premier League,Matchweek 26,Sat,Away,L,0,1,Aston Villa,0.2,1.2,42,41893,Marc Guéhi,4-2-3-1,4-2-3-1,Craig Pawson,Match Report,,3,0,16.9,0,0,0,Crystal Palace,2023
3/11/2023,17:30,Premier League,Matchweek 27,Sat,Home,L,0,1,Manchester City,0.2,2.1,33,25844,Luka Milivojević,4/3/2003,4-2-3-1,Robert Jones,Match Report,,4,0,17.5,0,0,0,Crystal Palace,2023
3/15/2023,19:30,Premier League,Matchweek 8,Wed,Away,L,0,1,Brighton,1.1,0.6,43,30933,Marc Guéhi,4/3/2003,4-2-3-1,Peter Bankes,Match Report,,11,3,17.3,1,0,0,Crystal Palace,2023
3/19/2023,14:00,Premier League,Matchweek 28,Sun,Away,L,1,4,Arsenal,0.8,1.6,38,60247,Luka Milivojević,4-2-3-1,4/3/2003,Stuart Attwell,Match Report,,9,5,14.6,1,0,0,Crystal Palace,2023
4/1/2023,15:00,Premier League,Matchweek 29,Sat,Home,W,2,1,Leicester City,2.3,0.2,52,25147,Wilfried Zaha,4/3/2003,4-2-3-1,Tim Robinson,Match Report,,31,9,19,2,0,0,Crystal Palace,2023
4/9/2023,14:00,Premier League,Matchweek 30,Sun,Away,W,5,1,Leeds United,3,0.9,52,36427,Joel Ward,4/3/2003,4-2-3-1,Simon Hooper,Match Report,,16,7,12.3,1,0,0,Crystal Palace,2023
4/15/2023,15:00,Premier League,Matchweek 31,Sat,Away,W,2,0,Southampton,0.9,0.8,42,30309,Joel Ward,4/3/2003,4/4/2002,Michael Oliver,Match Report,,10,2,23.7,2,0,0,Crystal Palace,2023
4/22/2023,15:00,Premier League,Matchweek 32,Sat,Home,D,0,0,Everton,0.5,0.4,56,25202,Joel Ward,4/3/2003,4-2-3-1,John Brooks,Match Report,,12,2,19.8,0,0,0,Crystal Palace,2023
4/25/2023,19:30,Premier League,Matchweek 33,Tue,Away,L,0,2,Wolves,0.8,1.4,59,30294,Luka Milivojević,4/3/2003,4/4/2002,Robert Jones,Match Report,,14,4,18.3,0,0,0,Crystal Palace,2023
4/29/2023,12:30,Premier League,Matchweek 34,Sat,Home,W,4,3,West Ham,2.1,1.7,59,25148,Wilfried Zaha,4/3/2003,4-2-3-1,Craig Pawson,Match Report,,15,5,18.1,1,1,1,Crystal Palace,2023
5/6/2023,15:00,Premier League,Matchweek 35,Sat,Away,L,0,1,Tottenham,0.4,0.9,44,61093,Wilfried Zaha,4/3/2003,3/4/2003,Darren England,Match Report,,7,2,17.6,1,0,0,Crystal Palace,2023
5/13/2023,15:00,Premier League,Matchweek 36,Sat,Home,W,2,0,Bournemouth,1.5,0.3,59,25034,Wilfried Zaha,4-2-3-1,4-2-3-1,Michael Salisbury,Match Report,,17,5,15.2,0,0,0,Crystal Palace,2023
5/20/2023,15:00,Premier League,Matchweek 37,Sat,Away,D,2,2,Fulham,1.6,1.7,51,24356,Joel Ward,4-2-3-1,4-2-3-1,Joshua Smith,Match Report,,11,5,16.9,1,0,0,Crystal Palace,2023
5/28/2023,16:30,Premier League,Matchweek 38,Sun,Home,D,1,1,Nott'ham Forest,1.4,0.5,66,25198,Joel Ward,4-2-3-1,3/4/2003,Thomas Bramall,Match Report,,15,3,17.3,1,0,0,Crystal Palace,2023
8/12/2023,15:00,Premier League,Matchweek 1,Sat,Away,W,1,0,Sheffield Utd,1.9,0.5,68,31194,Joel Ward,4-2-3-1,3/4/2003,John Brooks,Match Report,,24,8,18.5,1,0,0,Crystal Palace,2024
8/21/2023,20:00,Premier League,Matchweek 2,Mon,Home,L,0,1,Arsenal,1,2,47,24189,Joel Ward,4-2-3-1,4/3/2003,David Coote,Match Report,,14,2,16.4,1,0,0,Crystal Palace,2024
8/26/2023,15:00,Premier League,Matchweek 3,Sat,Away,D,1,1,Brentford,0.8,1,40,16997,Joel Ward,4-2-3-1,4/3/2003,Peter Bankes,Match Report,,15,5,16.9,1,0,0,Crystal Palace,2024
9/3/2023,14:00,Premier League,Matchweek 4,Sun,Home,W,3,2,Wolves,2.1,1.2,43,24741,Joel Ward,4/3/2003,4/4/2002,Robert Jones,Match Report,,16,10,13.8,1,0,0,Crystal Palace,2024
9/16/2023,15:00,Premier League,Matchweek 5,Sat,Away,L,1,3,Aston Villa,1.2,3,34,40809,Joel Ward,4-4-1-1,4-2-3-1,Darren England,Match Report,,6,3,16.1,0,0,0,Crystal Palace,2024
9/23/2023,15:00,Premier League,Matchweek 6,Sat,Home,D,0,0,Fulham,0.3,0.6,51,25072,Joel Ward,4-2-3-1,4/3/2003,Paul Tierney,Match Report,,7,3,18.9,1,0,0,Crystal Palace,2024
9/30/2023,15:00,Premier League,Matchweek 7,Sat,Away,W,1,0,Manchester Utd,0.9,1.3,23,73428,Joel Ward,4/3/2003,4-2-3-1,Chris Kavanagh,Match Report,,8,2,13.5,0,0,0,Crystal Palace,2024
10/7/2023,17:30,Premier League,Matchweek 8,Sat,Home,D,0,0,Nott'ham Forest,0.8,1,52,25017,Marc Guéhi,4/3/2003,4/3/2003,Craig Pawson,Match Report,,8,2,15.2,0,0,0,Crystal Palace,2024
10/21/2023,15:00,Premier League,Matchweek 9,Sat,Away,L,0,4,Newcastle Utd,1.2,2.4,41,52189,Joel Ward,4/3/2003,4/3/2003,Tim Robinson,Match Report,,17,3,17.8,1,0,0,Crystal Palace,2024
10/27/2023,20:00,Premier League,Matchweek 10,Fri,Home,L,1,2,Tottenham,0.6,1.1,25,25074,Joel Ward,4-2-3-1,4-2-3-1,Andy Madley,Match Report,,13,3,17.2,0,0,0,Crystal Palace,2024
11/4/2023,15:00,Premier League,Matchweek 11,Sat,Away,W,2,0,Burnley,1.3,1.1,33,21578,Joel Ward,4-2-3-1,4/4/2002,Peter Bankes,Match Report,,4,3,13.9,0,0,0,Crystal Palace,2024
11/11/2023,15:00,Premier League,Matchweek 12,Sat,Home,L,2,3,Everton,2.2,1.5,67,25103,Joel Ward,4-2-3-1,4-4-1-1,Samuel Barrott,Match Report,,12,3,17.9,0,1,1,Crystal Palace,2024
11/25/2023,15:00,Premier League,Matchweek 13,Sat,Away,L,1,2,Luton Town,1.6,0.9,61,11029,Joel Ward,4-2-3-1,3/4/2003,Jarred Gillett,Match Report,,16,8,16.3,1,0,0,Crystal Palace,2024
12/3/2023,14:00,Premier League,Matchweek 14,Sun,Away,D,1,1,West Ham,0.9,1.1,45,62414,Joel Ward,4/3/2003,4-2-3-1,Michael Oliver,Match Report,,9,2,17.4,1,0,0,Crystal Palace,2024
12/6/2023,19:30,Premier League,Matchweek 15,Wed,Home,L,0,2,Bournemouth,1,1.8,59,25078,Joel Ward,4-2-3-1,4-2-3-1,Craig Pawson,Match Report,,16,3,18.9,1,0,0,Crystal Palace,2024
12/9/2023,12:30,Premier League,Matchweek 16,Sat,Home,L,1,2,Liverpool,1.7,1.2,24,25103,Joel Ward,4/3/2003,4/3/2003,Andy Madley,Match Report,,7,3,17.4,0,1,1,Crystal Palace,2024
12/16/2023,15:00,Premier League,Matchweek 17,Sat,Away,D,2,2,Manchester City,1.8,1.6,26,53248,Joel Ward,5/4/2001,4-2-3-1,Paul Tierney,Match Report,,4,1,21.1,1,1,1,Crystal Palace,2024
12/21/2023,20:00,Premier League,Matchweek 18,Thu,Home,D,1,1,Brighton,1.3,1.2,35,24171,Marc Guéhi,4/3/2003,4-2-3-1,John Brooks,Match Report,,11,3,13.4,0,0,0,Crystal Palace,2024
12/27/2023,19:30,Premier League,Matchweek 19,Wed,Away,L,1,2,Chelsea,1.1,2.6,37,39618,Marc Guéhi,4/3/2003,4-2-3-1,Michael Salisbury,Match Report,,13,5,19.6,2,0,0,Crystal Palace,2024
12/30/2023,15:00,Premier League,Matchweek 20,Sat,Home,W,3,1,Brentford,1,1.4,46,25472,Marc Guéhi,4/3/2003,3/5/2002,Robert Jones,Match Report,,13,6,16.2,0,0,0,Crystal Palace,2024
1/20/2024,12:30,Premier League,Matchweek 21,Sat,Away,L,0,5,Arsenal,0.3,3.3,40,60284,Marc Guéhi,3/4/2003,4/3/2003,Paul Tierney,Match Report,,12,5,24.4,2,0,0,Crystal Palace,2024
1/30/2024,20:00,Premier League,Matchweek 22,Tue,Home,W,3,2,Sheffield Utd,1.1,0.8,53,24781,Marc Guéhi,4/3/2003,4-1-4-1,Tony Harrington,Match Report,,12,4,17.1,0,0,0,Crystal Palace,2024
2/3/2024,15:00,Premier League,Matchweek 23,Sat,Away,L,1,4,Brighton,0.3,1.4,32,31345,Marc Guéhi,4/3/2003,3/4/2003,Simon Hooper,Match Report,,7,5,20.6,0,0,0,Crystal Palace,2024
2/12/2024,20:00,Premier League,Matchweek 24,Mon,Home,L,1,3,Chelsea,0.6,1.4,23,25110,Joachim Andersen,4-1-4-1,4-2-3-1,Michael Oliver,Match Report,,13,4,18.7,0,0,0,Crystal Palace,2024
2/19/2024,20:00,Premier League,Matchweek 25,Mon,Away,D,1,1,Everton,0.7,1.7,39,38164,Joel Ward,3/4/2003,4-4-1-1,Paul Tierney,Match Report,,10,3,13,0,0,0,Crystal Palace,2024
2/24/2024,15:00,Premier League,Matchweek 26,Sat,Home,W,3,0,Burnley,2.4,0.1,56,24042,Joel Ward,3/4/2003,4/4/2002,Lewis Smith,Match Report,,14,5,15.3,1,1,1,Crystal Palace,2024
3/2/2024,15:00,Premier League,Matchweek 27,Sat,Away,L,1,3,Tottenham,0.3,1.9,22,61339,Joel Ward,3/4/2003,4-2-3-1,John Brooks,Match Report,,4,1,18.6,1,0,0,Crystal Palace,2024
3/9/2024,15:00,Premier League,Matchweek 28,Sat,Home,D,1,1,Luton Town,2.7,0.8,49,25103,Joel Ward,3/4/2003,3/4/2003,Sunny Singh,Match Report,,21,4,16.5,0,0,0,Crystal Palace,2024
3/30/2024,15:00,Premier League,Matchweek 30,Sat,Away,D,1,1,Nott'ham Forest,1.2,0.9,41,29520,Joel Ward,3/4/2003,4-2-3-1,Chris Kavanagh,Match Report,,10,3,18.4,0,0,0,Crystal Palace,2024
4/2/2024,19:45,Premier League,Matchweek 31,Tue,Away,L,0,1,Bournemouth,0.2,1.1,50,11058,Joel Ward,3/4/2003,4/3/2003,Graham Scott,Match Report,,3,2,15,0,0,0,Crystal Palace,2024
4/6/2024,12:30,Premier League,Matchweek 32,Sat,Home,L,2,4,Manchester City,1.1,1.9,25,25132,Joel Ward,3/4/2003,3-2-4-1,Paul Tierney,Match Report,,7,4,16.8,0,0,0,Crystal Palace,2024
4/14/2024,14:00,Premier League,Matchweek 33,Sun,Away,W,1,0,Liverpool,2,2.7,31,60090,Joachim Andersen,3/4/2003,4/3/2003,Chris Kavanagh,Match Report,,8,4,14.1,0,0,0,Crystal Palace,2024
4/21/2024,15:00,Premier League,Matchweek 34,Sun,Home,W,5,2,West Ham,2.4,1.3,60,25145,Joachim Andersen,3/4/2003,4-2-3-1,Graham Scott,Match Report,,18,7,16.6,1,0,0,Crystal Palace,2024
4/24/2024,20:00,Premier League,Matchweek 29,Wed,Home,W,2,0,Newcastle Utd,0.9,0.4,47,25002,Joachim Andersen,3/4/2003,3/4/2003,Thomas Bramall,Match Report,,20,7,21.2,3,0,0,Crystal Palace,2024
4/27/2024,15:00,Premier League,Matchweek 35,Sat,Away,D,1,1,Fulham,1,1.1,47,24142,Joachim Andersen,3/4/2003,4-2-3-1,Stuart Attwell,Match Report,,14,4,19.7,0,0,0,Crystal Palace,2024
5/6/2024,20:00,Premier League,Matchweek 36,Mon,Home,W,4,0,Manchester Utd,1.7,0.4,43,25190,Joachim Andersen,3/4/2003,4-2-3-1,Jarred Gillett,Match Report,,18,10,16.8,0,0,0,Crystal Palace,2024
5/11/2024,15:00,Premier League,Matchweek 37,Sat,Away,W,3,1,Wolves,2.6,1.6,38,31424,Joachim Andersen,3/4/2003,3-5-1-1,Thomas Bramall,Match Report,,13,3,13.6,0,0,0,Crystal Palace,2024
5/19/2024,16:00,Premier League,Matchweek 38,Sun,Home,W,5,0,Aston Villa,2.5,0.9,54,25191,Marc Guéhi,3/4/2003,4/4/2002,Darren Bond,Match Report,,15,9,16.8,0,0,0,Crystal Palace,2024
8/18/2024,14:00,Premier League,Matchweek 1,Sun,Away,L,1,2,Brentford,1.2,1.6,54,16988,Marc Guéhi,3/4/2003,4/3/2003,Samuel Barrott,Match Report,,14,6,19.2,1,0,0,Crystal Palace,2025
8/24/2024,15:00,Premier League,Matchweek 2,Sat,Home,L,0,2,West Ham,1.3,1.4,58,25099,Marc Guéhi,3/4/2003,4-1-4-1,Robert Jones,Match Report,,14,2,19.5,0,0,0,Crystal Palace,2025
9/1/2024,13:30,Premier League,Matchweek 3,Sun,Away,D,1,1,Chelsea,0.5,2.4,38,39298,Marc Guéhi,3/4/2003,4-2-3-1,Jarred Gillett,Match Report,,9,3,20.6,1,0,0,Crystal Palace,2025
9/14/2024,15:00,Premier League,Matchweek 4,Sat,Home,D,2,2,Leicester City,2.5,1.2,66,25147,Marc Guéhi,3/4/2003,4-2-3-1,Tony Harrington,Match Report,,19,3,15.4,1,1,1,Crystal Palace,2025
9/21/2024,17:30,Premier League,Matchweek 5,Sat,Home,D,0,0,Manchester Utd,1,1.6,33,25172,Marc Guéhi,3/4/2003,4-2-3-1,David Coote,Match Report,,9,4,14.6,0,0,0,Crystal Palace,2025
9/28/2024,15:00,Premier League,Matchweek 6,Sat,Away,L,1,2,Everton,0.9,0.9,59,38954,Marc Guéhi,3/4/2003,4-2-3-1,Andy Madley,Match Report,,17,4,17.3,1,0,0,Crystal Palace,2025
10/5/2024,12:30,Premier League,Matchweek 7,Sat,Home,L,0,1,Liverpool,0.6,1.4,32,25185,Marc Guéhi,3/4/2003,4-2-3-1,Simon Hooper,Match Report,,9,5,21.9,0,0,0,Crystal Palace,2025
10/21/2024,20:00,Premier League,Matchweek 8,Mon,Away,L,0,1,Nott'ham Forest,1,1.7,49,29443,Marc Guéhi,3-1-4-2,4-2-3-1,Tim Robinson,Match Report,,20,7,21.1,0,0,0,Crystal Palace,2025
10/27/2024,14:00,Premier League,Matchweek 9,Sun,Home,W,1,0,Tottenham,0.8,0.7,34,25108,Marc Guéhi,3/4/2003,4/3/2003,Darren Bond,Match Report,,14,6,19.6,1,0,0,Crystal Palace,2025
11/2/2024,17:30,Premier League,Matchweek 10,Sat,Away,D,2,2,Wolves,2.4,1.5,43,31124,Marc Guéhi,3/4/2003,3/4/2003,Anthony Taylor,Match Report,,19,6,13.3,0,0,0,Crystal Palace,2025
11/9/2024,15:00,Premier League,Matchweek 11,Sat,Home,L,0,2,Fulham,1.5,1.8,36,25142,Marc Guéhi,3/4/2003,4-2-3-1,Michael Salisbury,Match Report,,13,4,17.1,0,0,0,Crystal Palace,2025
11/23/2024,15:00,Premier League,Matchweek 12,Sat,Away,D,2,2,Aston Villa,1.3,3,31,42175,Marc Guéhi,3/4/2003,4-2-3-1,Tim Robinson,Match Report,,13,6,18.3,1,0,0,Crystal Palace,2025
11/30/2024,15:00,Premier League,Matchweek 13,Sat,Home,D,1,1,Newcastle Utd,1.7,0,49,25101,Marc Guéhi,3/4/2003,4/3/2003,Darren England,Match Report,,16,3,13.6,0,0,0,Crystal Palace,2025
12/3/2024,19:30,Premier League,Matchweek 14,Tue,Away,W,1,0,Ipswich Town,1.6,0.5,46,29533,Marc Guéhi,3/4/2003,4-2-3-1,Craig Pawson,Match Report,,13,3,15.2,0,0,0,Crystal Palace,2025
12/7/2024,15:00,Premier League,Matchweek 15,Sat,Home,D,2,2,Manchester City,1.3,1.4,32,25142,Marc Guéhi,3/4/2003,4-2-3-1,Robert Jones,Match Report,,12,3,19.1,0,0,0,Crystal Palace,2025
12/15/2024,14:00,Premier League,Matchweek 16,Sun,Away,W,3,1,Brighton,2.2,1,36,30893,Marc Guéhi,3/4/2003,4-2-3-1,Michael Oliver,Match Report,,13,5,12.6,0,0,0,Crystal Palace,2025
12/21/2024,17:30,Premier League,Matchweek 17,Sat,Home,L,1,5,Arsenal,1.6,2.5,42,25167,Marc Guéhi,3/4/2003,4/3/2003,Simon Hooper,Match Report,,15,6,16.3,0,0,0,Crystal Palace,2025
12/26/2024,15:00,Premier League,Matchweek 18,Thu,Away,D,0,0,Bournemouth,0.4,1.4,48,11129,Marc Guéhi,3/4/2003,4-2-3-1,Thomas Bramall,Match Report,,10,4,19.4,0,0,0,Crystal Palace,2025
12/29/2024,15:00,Premier League,Matchweek 19,Sun,Home,W,2,1,Southampton,2,0.9,47,25130,Will Hughes,3/4/2003,3/4/2003,Michael Salisbury,Match Report,,19,9,17.4,2,0,0,Crystal Palace,2025
1/4/2025,15:00,Premier League,Matchweek 20,Sat,Home,D,1,1,Chelsea,1.1,1.2,39,25179,Marc Guéhi,3/4/2003,4-2-3-1,Tim Robinson,Match Report,,13,6,17,1,0,0,Crystal Palace,2025
1/15/2025,19:30,Premier League,Matchweek 21,Wed,Away,W,2,0,Leicester City,1.8,1.7,43,29766,Marc Guéhi,3/4/2003,4-2-3-1,Andy Madley,Match Report,,9,4,13.3,0,0,0,Crystal Palace,2025
1/18/2025,15:00,Premier League,Matchweek 22,Sat,Away,W,2,0,West Ham,1.3,0.3,47,62469,Marc Guéhi,3/4/2003,3/4/2003,Thomas Bramall,Match Report,,11,6,21.9,0,1,1,Crystal Palace,2025
1/26/2025,14:00,Premier League,Matchweek 23,Sun,Home,L,1,2,Brentford,1.1,1.3,47,25066,Marc Guéhi,3/4/2003,4-2-3-1,Tony Harrington,Match Report,,16,5,19.5,2,0,0,Crystal Palace,2025
2/2/2025,14:00,Premier League,Matchweek 24,Sun,Away,W,2,0,Manchester Utd,2.6,1.1,34,73751,Marc Guéhi,3/4/2003,3/4/2003,John Brooks,Match Report,,11,3,14.4,0,0,0,Crystal Palace,2025
2/15/2025,17:30,Premier League,Matchweek 25,Sat,Home,L,1,2,Everton,1.6,0.9,58,25108,Marc Guéhi,3/4/2003,4-2-3-1,Anthony Taylor,Match Report,,17,6,18,0,0,0,Crystal Palace,2025
2/22/2025,15:00,Premier League,Matchweek 26,Sat,Away,W,2,0,Fulham,1.3,0.2,38,26777,Marc Guéhi,3/4/2003,4-2-3-1,Robert Jones,Match Report,,10,5,16.5,1,0,0,Crystal Palace,2025
2/25/2025,19:30,Premier League,Matchweek 27,Tue,Home,W,4,1,Aston Villa,4.3,0.4,36,24712,Marc Guéhi,3/4/2003,3/4/2003,Samuel Barrott,Match Report,,19,6,14.6,1,0,0,Crystal Palace,2025
3/8/2025,15:00,Premier League,Matchweek 28,Sat,Home,W,1,0,Ipswich Town,3.2,1.5,55,25155,Marc Guéhi,3/4/2003,4-2-3-1,Simon Hooper,Match Report,,19,4,14.6,1,0,0,Crystal Palace,2025
4/2/2025,19:45,Premier League,Matchweek 30,Wed,Away,D,1,1,Southampton,0.7,0.7,57,30158,Marc Guéhi,3/4/2003,3/4/2003,Andy Madley,Match Report,,9,3,17.8,1,0,0,Crystal Palace,2025
4/5/2025,15:00,Premier League,Matchweek 31,Sat,Home,W,2,1,Brighton,0.6,1,38,24564,Marc Guéhi,3/4/2003,4-2-3-1,Anthony Taylor,Match Report,,8,3,18.5,1,0,0,Crystal Palace,2025
4/12/2025,12:30,Premier League,Matchweek 32,Sat,Away,L,2,5,Manchester City,1.8,3.7,33,52489,Dean Henderson,3/4/2003,4-2-3-1,Jarred Gillett,Match Report,,8,3,18.2,1,0,0,Crystal Palace,2025
4/16/2025,19:30,Premier League,Matchweek 29,Wed,Away,L,0,5,Newcastle Utd,2,1.5,41,52197,Marc Guéhi,3/4/2003,4/3/2003,Darren England,Match Report,,10,2,14.8,0,0,1,Crystal Palace,2025
4/19/2025,15:00,Premier League,Matchweek 33,Sat,Home,D,0,0,Bournemouth,0.4,0.7,29,25185,Marc Guéhi,3/4/2003,4-2-3-1,Samuel Barrott,Match Report,,5,0,17.7,1,0,0,Crystal Palace,2025
4/23/2025,20:00,Premier League,Matchweek 34,Wed,Away,D,2,2,Arsenal,1.7,1.2,33,60167,Marc Guéhi,3/4/2003,4/3/2003,Michael Salisbury,Match Report,,15,4,15,0,0,0,Crystal Palace,2025
5/5/2025,20:00,Premier League,Matchweek 35,Mon,Home,D,1,1,Nott'ham Forest,2.3,0.7,50,25096,Marc Guéhi,3/4/2003,4-2-3-1,Andy Madley,Match Report,,19,2,15.2,0,1,1,Crystal Palace,2025
5/11/2025,14:15,Premier League,Matchweek 36,Sun,Away,W,2,0,Tottenham,3.3,0.7,52,60254,Marc Guéhi,3/4/2003,4/3/2003,Chris Kavanagh,Match Report,,23,9,15.2,0,0,0,Crystal Palace,2025
5/20/2025,20:00,Premier League,Matchweek 37,Tue,Home,W,4,2,Wolves,1.7,1.4,31,24766,Joel Ward,3/4/2003,3/4/2003,David Webb,Match Report,,14,10,17,1,0,0,Crystal Palace,2025
5/25/2025,16:00,Premier League,Matchweek 38,Sun,Away,D,1,1,Liverpool,1.8,2.1,31,60382,Dean Henderson,3/4/2003,4-2-3-1,Darren England,Match Report,,8,5,16.1,0,0,0,Crystal Palace,2025
9/13/2020,16:30,Premier League,Matchweek 1,Sun,Away,W,1,0,Tottenham,1.2,1.1,48,,Séamus Coleman,4/3/2003,4-2-3-1,Martin Atkinson,Match Report,,15,4,17.8,0,0,0,Everton,2021
9/19/2020,12:30,Premier League,Matchweek 2,Sat,Home,W,5,2,West Brom,3.9,0.3,71,,Séamus Coleman,4/3/2003,5/4/2001,Mike Dean,Match Report,,17,7,12,1,0,0,Everton,2021
9/26/2020,15:00,Premier League,Matchweek 3,Sat,Away,W,2,1,Crystal Palace,1.9,0.4,58,,Séamus Coleman,4/3/2003,4/4/2002,Kevin Friend,Match Report,,9,4,17.2,1,1,1,Everton,2021
10/3/2020,15:00,Premier League,Matchweek 4,Sat,Home,W,4,2,Brighton,1.6,1.3,43,,Séamus Coleman,4/3/2003,3/4/2003,Simon Hooper,Match Report,,11,6,16.3,0,0,0,Everton,2021
10/17/2020,12:30,Premier League,Matchweek 5,Sat,Home,D,2,2,Liverpool,1.2,2.6,42,,Séamus Coleman,4/3/2003,4/3/2003,Michael Oliver,Match Report,,11,5,17.4,0,0,0,Everton,2021
10/25/2020,14:00,Premier League,Matchweek 6,Sun,Away,L,0,2,Southampton,0.4,0.7,46,,Gylfi Sigurðsson,4/3/2003,4/4/2002,Kevin Friend,Match Report,,6,2,20.3,1,0,0,Everton,2021
11/1/2020,14:00,Premier League,Matchweek 7,Sun,Away,L,1,2,Newcastle Utd,1.5,2.9,61,,Gylfi Sigurðsson,4-3-2-1,5/3/2002,Stuart Attwell,Match Report,,15,4,19.1,0,0,0,Everton,2021
11/7/2020,12:30,Premier League,Matchweek 8,Sat,Home,L,1,3,Manchester Utd,0.4,1.5,55,,Séamus Coleman,4/3/2003,4-2-3-1,Paul Tierney,Match Report,,7,1,16.2,0,0,0,Everton,2021
11/22/2020,12:00,Premier League,Matchweek 9,Sun,Away,W,3,2,Fulham,2,1.9,46,,Lucas Digne,3/4/2003,4-2-3-1,Andy Madley,Match Report,,9,7,15.1,0,0,0,Everton,2021
11/28/2020,17:30,Premier League,Matchweek 10,Sat,Home,L,0,1,Leeds United,1.2,2.9,41,,Mason Holgate,3/4/2003,4-4-1-1,Chris Kavanagh,Match Report,,15,8,17.7,0,0,0,Everton,2021
12/5/2020,12:30,Premier League,Matchweek 11,Sat,Away,D,1,1,Burnley,2.2,0.8,58,,Michael Keane,3/4/2003,4/4/2002,Anthony Taylor,Match Report,,13,6,17.8,0,0,0,Everton,2021
12/12/2020,20:00,Premier League,Matchweek 12,Sat,Home,W,1,0,Chelsea,1.2,0.7,29,2000,Gylfi Sigurðsson,4/3/2003,4/3/2003,Jonathan Moss,Match Report,,8,3,17.1,1,1,1,Everton,2021
12/16/2020,18:00,Premier League,Matchweek 13,Wed,Away,W,2,0,Leicester City,1.4,0.8,39,,Gylfi Sigurðsson,4/3/2003,4-2-3-1,Lee Mason,Match Report,,11,6,13,0,0,0,Everton,2021
12/19/2020,17:30,Premier League,Matchweek 14,Sat,Home,W,2,1,Arsenal,0.6,1.4,43,,Gylfi Sigurðsson,4-2-3-1,3/4/2003,Andre Marriner,Match Report,,9,2,19.7,1,0,0,Everton,2021
12/26/2020,20:00,Premier League,Matchweek 15,Sat,Away,W,1,0,Sheffield Utd,0.7,1.4,56,,Gylfi Sigurðsson,4-2-3-1,3/4/2003,David Coote,Match Report,,7,3,19.9,0,0,0,Everton,2021
1/1/2021,17:30,Premier League,Matchweek 17,Fri,Home,L,0,1,West Ham,0.4,1.3,60,,Séamus Coleman,4-2-3-1,4-2-3-1,Kevin Friend,Match Report,,10,2,21,0,0,0,Everton,2021
1/12/2021,20:15,Premier League,Matchweek 18,Tue,Away,W,2,1,Wolves,0.6,0.7,48,,Gylfi Sigurðsson,4/4/2002,4/3/2003,Martin Atkinson,Match Report,,5,3,11.7,0,0,0,Everton,2021
1/27/2021,20:15,Premier League,Matchweek 20,Wed,Home,D,1,1,Leicester City,0.5,1.2,35,,Lucas Digne,4/4/2002,4-2-3-1,Mike Dean,Match Report,,8,2,15,0,0,0,Everton,2021
1/30/2021,12:30,Premier League,Matchweek 21,Sat,Home,L,0,2,Newcastle Utd,0.8,1.7,60,,Séamus Coleman,4-2-3-1,4-3-1-2,Stuart Attwell,Match Report,,11,3,17.5,0,0,0,Everton,2021
2/3/2021,19:30,Premier League,Matchweek 22,Wed,Away,W,2,1,Leeds United,1.6,1.3,37,,Gylfi Sigurðsson,4-2-3-1,4-1-4-1,Michael Oliver,Match Report,,10,6,15.9,0,0,0,Everton,2021
2/6/2021,20:00,Premier League,Matchweek 23,Sat,Away,D,3,3,Manchester Utd,1.5,1.8,39,,Lucas Digne,4-3-1-2,4-2-3-1,Jonathan Moss,Match Report,,6,3,13.7,0,0,0,Everton,2021
2/14/2021,19:00,Premier League,Matchweek 24,Sun,Home,L,0,2,Fulham,0.3,2.5,50,,Séamus Coleman,4-3-1-2,4/4/2002,Andy Madley,Match Report,,7,2,18.7,0,0,0,Everton,2021
2/17/2021,20:15,Premier League,Matchweek 16,Wed,Home,L,1,3,Manchester City,1,1,29,,Gylfi Sigurðsson,4-4-1-1,4/3/2003,Andre Marriner,Match Report,,3,2,9.4,0,0,0,Everton,2021
2/20/2021,17:30,Premier League,Matchweek 25,Sat,Away,W,2,0,Liverpool,1.6,1.4,29,,Séamus Coleman,5/3/2002,4/3/2003,Chris Kavanagh,Match Report,,8,5,22.8,1,1,1,Everton,2021
3/1/2021,20:00,Premier League,Matchweek 26,Mon,Home,W,1,0,Southampton,1.2,0.6,47,,Gylfi Sigurðsson,4-3-1-2,4/4/2002,Martin Atkinson,Match Report,,7,1,13.8,1,0,0,Everton,2021
3/4/2021,18:00,Premier League,Matchweek 29,Thu,Away,W,1,0,West Brom,1,1,51,,Lucas Digne,4/4/2002,4-1-4-1,Darren England,Match Report,,11,3,20.8,0,0,0,Everton,2021
3/8/2021,18:00,Premier League,Matchweek 27,Mon,Away,L,0,2,Chelsea,0.3,2.4,35,,Gylfi Sigurðsson,3-4-1-2,3/4/2003,David Coote,Match Report,,7,1,24,1,0,0,Everton,2021
3/13/2021,17:30,Premier League,Matchweek 28,Sat,Home,L,1,2,Burnley,1.5,0.8,65,,Lucas Digne,4-1-2-1-2◆,4/4/2002,Jonathan Moss,Match Report,,14,4,16.6,0,0,0,Everton,2021
4/5/2021,18:00,Premier League,Matchweek 30,Mon,Home,D,1,1,Crystal Palace,2.5,0.7,48,,Séamus Coleman,3-4-1-2,4/4/2002,Kevin Friend,Match Report,,15,7,15.1,1,0,0,Everton,2021
4/12/2021,20:15,Premier League,Matchweek 31,Mon,Away,D,0,0,Brighton,0.4,1.2,45,,Séamus Coleman,5/3/2002,3/4/2003,Darren England,Match Report,,8,1,22,1,0,0,Everton,2021
4/16/2021,20:00,Premier League,Matchweek 32,Fri,Home,D,2,2,Tottenham,1.8,1.4,53,,Gylfi Sigurðsson,4/4/2002,3-4-1-2,Michael Oliver,Match Report,,17,6,18.5,1,1,1,Everton,2021
4/23/2021,20:00,Premier League,Matchweek 33,Fri,Away,W,1,0,Arsenal,0.5,0.8,41,,Séamus Coleman,4-2-3-1,4-2-3-1,Jonathan Moss,Match Report,,8,1,20.8,2,0,0,Everton,2021
5/1/2021,20:00,Premier League,Matchweek 34,Sat,Home,L,1,2,Aston Villa,1,1.6,47,,Séamus Coleman,4-2-3-1,4-2-3-1,Simon Hooper,Match Report,,16,3,19.6,0,0,0,Everton,2021
5/9/2021,16:30,Premier League,Matchweek 35,Sun,Away,W,1,0,West Ham,1.5,1.3,32,,Séamus Coleman,4/4/2002,4-2-3-1,Stuart Attwell,Match Report,,9,3,12.5,1,0,0,Everton,2021
5/13/2021,18:00,Premier League,Matchweek 19,Thu,Away,D,0,0,Aston Villa,1,0.6,42,,Séamus Coleman,4/4/2002,4-2-3-1,Martin Atkinson,Match Report,,15,5,14.6,1,0,0,Everton,2021
5/16/2021,19:00,Premier League,Matchweek 36,Sun,Home,L,0,1,Sheffield Utd,1.4,1.2,62,,Séamus Coleman,4-2-3-1,3/4/2003,Jonathan Moss,Match Report,,16,6,15.9,0,0,0,Everton,2021
5/19/2021,18:00,Premier League,Matchweek 37,Wed,Home,W,1,0,Wolves,0.7,0.3,41,4988,Séamus Coleman,4/4/2002,3-4-1-2,Andy Madley,Match Report,,14,4,15.9,0,0,0,Everton,2021
5/23/2021,16:00,Premier League,Matchweek 38,Sun,Away,L,0,5,Manchester City,1.1,2.5,33,10000,Gylfi Sigurðsson,4-3-1-2,4/3/2003,Michael Oliver,Match Report,,7,2,23.1,0,0,1,Everton,2021
8/14/2021,15:00,Premier League,Matchweek 1,Sat,Home,W,3,1,Southampton,2.4,0.8,48,38487,Séamus Coleman,4-2-3-1,4/4/2002,Andy Madley,Match Report,,14,6,12.5,1,0,0,Everton,2022
8/21/2021,15:00,Premier League,Matchweek 2,Sat,Away,D,2,2,Leeds United,1.8,1.2,31,36293,Séamus Coleman,4-4-1-1,3-3-3-1,Darren England,Match Report,,16,7,20.9,0,1,1,Everton,2022
8/28/2021,15:00,Premier League,Matchweek 3,Sat,Away,W,2,0,Brighton,1.4,0.7,35,30548,Séamus Coleman,4-4-1-1,3/4/2003,Jonathan Moss,Match Report,,13,4,21.2,0,1,1,Everton,2022
9/13/2021,20:00,Premier League,Matchweek 4,Mon,Home,W,3,1,Burnley,1.4,1,52,30000,Séamus Coleman,3/4/2003,4/4/2002,Martin Atkinson,Match Report,,14,6,19.5,1,0,0,Everton,2022
9/18/2021,17:30,Premier League,Matchweek 5,Sat,Away,L,0,3,Aston Villa,0.7,0.8,45,41888,Lucas Digne,4-4-1-1,5/3/2002,Craig Pawson,Match Report,,11,1,16.2,1,0,0,Everton,2022
9/25/2021,15:00,Premier League,Matchweek 6,Sat,Home,W,2,0,Norwich City,1.9,0.5,47,38821,Lucas Digne,4-4-1-1,5/3/2002,David Coote,Match Report,,10,3,18.8,0,1,1,Everton,2022
10/2/2021,12:30,Premier League,Matchweek 7,Sat,Away,D,1,1,Manchester Utd,1.3,1,28,73128,Lucas Digne,4-4-1-1,4-2-3-1,Michael Oliver,Match Report,,12,2,14.5,0,0,0,Everton,2022
10/17/2021,14:00,Premier League,Matchweek 8,Sun,Home,L,0,1,West Ham,0.9,1.2,39,39132,Séamus Coleman,4-4-1-1,4-2-3-1,Stuart Attwell,Match Report,,15,2,14.7,0,0,0,Everton,2022
10/23/2021,15:00,Premier League,Matchweek 9,Sat,Home,L,2,5,Watford,1.5,3.7,49,38834,Séamus Coleman,4-4-1-1,4-1-4-1,Graham Scott,Match Report,,15,4,15.7,0,0,0,Everton,2022
11/1/2021,20:00,Premier League,Matchweek 10,Mon,Away,L,1,2,Wolves,1.5,1.7,39,30617,Séamus Coleman,4/4/2002,3/4/2003,Martin Atkinson,Match Report,,14,5,15.7,0,0,0,Everton,2022
11/7/2021,14:00,Premier League,Matchweek 11,Sun,Home,D,0,0,Tottenham,0.6,0.7,45,39059,Séamus Coleman,4-4-1-1,3/4/2003,Chris Kavanagh,Match Report,,12,2,18.3,0,0,0,Everton,2022
11/21/2021,14:00,Premier League,Matchweek 12,Sun,Away,L,0,3,Manchester City,0.2,2.5,23,52571,Séamus Coleman,4-4-1-1,4/3/2003,Stuart Attwell,Match Report,,4,1,15.5,1,0,0,Everton,2022
11/28/2021,14:00,Premier League,Matchweek 13,Sun,Away,L,0,1,Brentford,1,1.2,60,16957,Séamus Coleman,4-4-1-1,3/5/2002,Darren England,Match Report,,14,5,16.6,1,0,0,Everton,2022
12/1/2021,20:15,Premier League,Matchweek 14,Wed,Home,L,1,4,Liverpool,0.7,2.4,33,39641,Séamus Coleman,4/4/2002,4/3/2003,Paul Tierney,Match Report,,8,2,20.8,1,0,0,Everton,2022
12/6/2021,20:00,Premier League,Matchweek 15,Mon,Home,W,2,1,Arsenal,0.9,1,37,38906,Séamus Coleman,4-4-1-1,4-2-3-1,Mike Dean,Match Report,,11,5,17.1,0,0,0,Everton,2022
12/12/2021,16:30,Premier League,Matchweek 16,Sun,Away,L,1,3,Crystal Palace,1,1.8,39,24066,Séamus Coleman,4-1-4-1,4/3/2003,Andy Madley,Match Report,,12,6,20.5,1,0,0,Everton,2022
12/16/2021,19:45,Premier League,Matchweek 17,Thu,Away,D,1,1,Chelsea,0.6,2.9,20,13933,Michael Keane,5/4/2001,3/4/2003,Michael Oliver,Match Report,,5,3,21.1,0,0,0,Everton,2022
1/2/2022,14:00,Premier League,Matchweek 21,Sun,Home,L,2,3,Brighton,1.6,1.7,50,38203,Séamus Coleman,5/4/2001,4/4/2002,John Brooks,Match Report,,16,6,17.9,0,0,1,Everton,2022
1/15/2022,15:00,Premier League,Matchweek 22,Sat,Away,L,1,2,Norwich City,0.6,1,59,26629,Séamus Coleman,4/4/2002,4/4/2002,Andy Madley,Match Report,,12,5,17,1,0,0,Everton,2022
1/22/2022,12:30,Premier League,Matchweek 23,Sat,Home,L,0,1,Aston Villa,1.6,0.8,50,38203,Yerry Mina,4/4/2002,4/3/2003,Craig Pawson,Match Report,,15,0,14.1,2,0,0,Everton,2022
2/8/2022,19:45,Premier League,Matchweek 24,Tue,Away,L,1,3,Newcastle Utd,0.7,1.9,60,52186,Séamus Coleman,3/4/2003,4/3/2003,Anthony Taylor,Match Report,,11,2,19.1,1,0,0,Everton,2022
2/12/2022,15:00,Premier League,Matchweek 25,Sat,Home,W,3,0,Leeds United,2.7,0.3,42,39150,Séamus Coleman,4/4/2002,3-3-3-1,Graham Scott,Match Report,,21,10,18.2,0,0,0,Everton,2022
2/19/2022,15:00,Premier League,Matchweek 26,Sat,Away,L,0,2,Southampton,0.3,2.5,45,31312,Séamus Coleman,4/4/2002,4/4/2002,Andy Madley,Match Report,,9,0,23.4,0,0,0,Everton,2022
2/26/2022,17:30,Premier League,Matchweek 27,Sat,Home,L,0,1,Manchester City,0.5,1.8,33,39105,Séamus Coleman,4/3/2003,4/3/2003,Paul Tierney,Match Report,,6,2,19.1,1,0,0,Everton,2022
3/7/2022,20:00,Premier League,Matchweek 28,Mon,Away,L,0,5,Tottenham,0.2,2.5,45,59647,Séamus Coleman,4-2-3-1,3/4/2003,Stuart Attwell,Match Report,,6,0,22.5,1,0,0,Everton,2022
3/13/2022,14:00,Premier League,Matchweek 29,Sun,Home,L,0,1,Wolves,0.4,0.8,39,39112,Séamus Coleman,3/4/2003,3/5/2002,Michael Oliver,Match Report,,7,2,20.5,1,0,0,Everton,2022
3/17/2022,19:45,Premier League,Matchweek 20,Thu,Home,W,1,0,Newcastle Utd,0.7,0.9,39,39068,Séamus Coleman,4-2-3-1,4/3/2003,Craig Pawson,Match Report,,9,3,17.2,1,0,0,Everton,2022
4/3/2022,14:00,Premier League,Matchweek 31,Sun,Away,L,1,2,West Ham,0.7,1.2,45,59953,Michael Keane,4/3/2003,4-2-3-1,Michael Oliver,Match Report,,13,2,18.7,0,0,0,Everton,2022
4/6/2022,19:30,Premier League,Matchweek 19,Wed,Away,L,2,3,Burnley,2.4,2,48,19830,Jordan Pickford,4/3/2003,4/4/2002,Mike Dean,Match Report,,14,2,19.5,0,2,2,Everton,2022
4/9/2022,12:30,Premier League,Matchweek 32,Sat,Home,W,1,0,Manchester Utd,0.4,0.8,33,39080,Séamus Coleman,4/3/2003,4-2-3-1,Jonathan Moss,Match Report,,7,3,18.3,0,0,0,Everton,2022
4/20/2022,19:45,Premier League,Matchweek 18,Wed,Home,D,1,1,Leicester City,1.8,0.9,37,39153,Séamus Coleman,4/3/2003,4-2-3-1,David Coote,Match Report,,13,3,14.7,0,0,0,Everton,2022
4/24/2022,16:30,Premier League,Matchweek 34,Sun,Away,L,0,2,Liverpool,0.4,1.7,18,53213,Séamus Coleman,4/3/2003,4/3/2003,Stuart Attwell,Match Report,,9,1,19.1,1,0,0,Everton,2022
5/1/2022,14:00,Premier League,Matchweek 35,Sun,Home,W,1,0,Chelsea,0.8,0.8,23,39256,Séamus Coleman,5/4/2001,3-4-1-2,Kevin Friend,Match Report,,9,4,17.8,1,0,0,Everton,2022
5/8/2022,14:00,Premier League,Matchweek 36,Sun,Away,W,2,1,Leicester City,1.1,1.5,34,32001,Séamus Coleman,5/4/2001,3-1-4-2,Craig Pawson,Match Report,,10,4,13.8,0,0,0,Everton,2022
5/11/2022,19:45,Premier League,Matchweek 30,Wed,Away,D,0,0,Watford,0.7,0.3,52,20653,Séamus Coleman,5/4/2001,4/3/2003,Mike Dean,Match Report,,16,5,16.8,0,0,0,Everton,2022
5/15/2022,16:30,Premier League,Matchweek 37,Sun,Home,L,2,3,Brentford,2.1,1.4,28,38819,Séamus Coleman,3/4/2003,4/3/2003,Michael Oliver,Match Report,,9,4,17.4,0,1,1,Everton,2022
5/19/2022,19:45,Premier League,Matchweek 33,Thu,Home,W,3,2,Crystal Palace,0.8,1.1,43,38448,Séamus Coleman,3/4/2003,4/3/2003,Anthony Taylor,Match Report,,12,6,18.5,1,0,0,Everton,2022
5/22/2022,16:00,Premier League,Matchweek 38,Sun,Away,L,1,5,Arsenal,1.1,4.2,27,60201,Asmir Begović,5/4/2001,4-2-3-1,Andre Marriner,Match Report,,6,2,17.7,0,0,0,Everton,2022
8/6/2022,17:30,Premier League,Matchweek 1,Sat,Home,L,0,1,Chelsea,0.7,1.5,38,39254,Jordan Pickford,5/4/2001,3/4/2003,Craig Pawson,Match Report,,8,3,13.5,0,0,0,Everton,2023
8/13/2022,12:30,Premier League,Matchweek 2,Sat,Away,L,1,2,Aston Villa,1.6,2.3,43,41883,Jordan Pickford,3/4/2003,4-1-2-1-2,Michael Oliver,Match Report,,15,4,14.8,0,0,0,Everton,2023
8/20/2022,15:00,Premier League,Matchweek 3,Sat,Home,D,1,1,Nott'ham Forest,1.5,1,49,39271,Jordan Pickford,3/4/2003,3-4-1-2,Andre Marriner,Match Report,,19,8,20.8,1,0,0,Everton,2023
8/27/2022,15:00,Premier League,Matchweek 4,Sat,Away,D,1,1,Brentford,1.1,2.1,42,17009,Jordan Pickford,3/4/2003,4/3/2003,John Brooks,Match Report,,14,7,16.7,0,0,0,Everton,2023
8/30/2022,20:00,Premier League,Matchweek 5,Tue,Away,D,1,1,Leeds United,1,1,31,36338,Jordan Pickford,4/3/2003,4-2-3-1,Darren England,Match Report,,7,2,19.1,1,0,0,Everton,2023
9/3/2022,12:30,Premier League,Matchweek 6,Sat,Home,D,0,0,Liverpool,1.7,2.1,39,39240,Jordan Pickford,4/3/2003,4/3/2003,Anthony Taylor,Match Report,,14,3,15.5,0,0,0,Everton,2023
9/18/2022,14:15,Premier League,Matchweek 8,Sun,Home,W,1,0,West Ham,0.4,1,53,39298,Conor Coady,4/3/2003,4-2-3-1,Michael Oliver,Match Report,,7,2,21.4,0,0,0,Everton,2023
10/1/2022,15:00,Premier League,Matchweek 9,Sat,Away,W,2,1,Southampton,2,1.7,45,30510,Séamus Coleman,4/3/2003,4/4/2002,Andre Marriner,Match Report,,12,5,17.4,1,0,0,Everton,2023
10/9/2022,19:00,Premier League,Matchweek 10,Sun,Home,L,1,2,Manchester Utd,0.6,1.4,40,39258,Séamus Coleman,4/3/2003,4-2-3-1,David Coote,Match Report,,11,2,17.4,0,0,0,Everton,2023
10/15/2022,17:30,Premier League,Matchweek 11,Sat,Away,L,0,2,Tottenham,0.4,2.2,38,61812,Séamus Coleman,5/3/2002,3/4/2003,Paul Tierney,Match Report,,4,0,13.5,0,0,0,Everton,2023
10/19/2022,19:30,Premier League,Matchweek 12,Wed,Away,L,0,1,Newcastle Utd,0.2,1.5,51,52247,Séamus Coleman,4/3/2003,4/3/2003,Tony Harrington,Match Report,,1,0,7.5,0,0,0,Everton,2023
10/22/2022,15:00,Premier League,Matchweek 13,Sat,Home,W,3,0,Crystal Palace,1.4,0.9,46,38939,Séamus Coleman,4-2-3-1,4-1-4-1,Simon Hooper,Match Report,,9,6,16.8,0,0,0,Everton,2023
10/29/2022,17:30,Premier League,Matchweek 14,Sat,Away,D,0,0,Fulham,0.9,1.9,44,23534,Séamus Coleman,4-2-3-1,4-2-3-1,John Brooks,Match Report,,9,4,12.2,0,0,0,Everton,2023
11/5/2022,17:30,Premier League,Matchweek 15,Sat,Home,L,0,2,Leicester City,1.2,2.3,49,39206,Séamus Coleman,4/3/2003,4-1-4-1,David Coote,Match Report,,12,2,12.9,0,0,0,Everton,2023
11/12/2022,15:00,Premier League,Matchweek 16,Sat,Away,L,0,3,Bournemouth,0.8,2.4,64,10382,Jordan Pickford,4/3/2003,4/4/2002,Craig Pawson,Match Report,,15,3,18,0,0,0,Everton,2023
12/26/2022,15:00,Premier League,Matchweek 17,Mon,Home,L,1,2,Wolves,1.7,0.8,58,39252,Jordan Pickford,4/3/2003,4/3/2003,Craig Pawson,Match Report,,12,5,19.2,2,0,0,Everton,2023
12/31/2022,15:00,Premier League,Matchweek 18,Sat,Away,D,1,1,Manchester City,0.1,1.7,26,53444,Jordan Pickford,5/3/2002,4/3/2003,Andy Madley,Match Report,,2,1,25.1,0,0,0,Everton,2023
1/3/2023,19:45,Premier League,Matchweek 19,Tue,Home,L,1,4,Brighton,1.3,2.2,49,39103,Jordan Pickford,4/3/2003,4-2-3-1,Andre Marriner,Match Report,,9,3,19,0,1,1,Everton,2023
1/14/2023,15:00,Premier League,Matchweek 20,Sat,Home,L,1,2,Southampton,1.4,1.2,52,39305,Séamus Coleman,3/4/2003,4-2-3-1,John Brooks,Match Report,,12,4,16,0,0,0,Everton,2023
1/21/2023,15:00,Premier League,Matchweek 21,Sat,Away,L,0,2,West Ham,0.5,2.2,67,62470,Séamus Coleman,3/4/2003,3/4/2003,Stuart Attwell,Match Report,,5,2,14.7,0,0,0,Everton,2023
2/4/2023,12:30,Premier League,Matchweek 22,Sat,Home,W,1,0,Arsenal,1.7,0.9,30,39314,Séamus Coleman,4/5/2001,4/3/2003,David Coote,Match Report,,12,4,16.4,0,0,0,Everton,2023
2/13/2023,20:00,Premier League,Matchweek 23,Mon,Away,L,0,2,Liverpool,0.4,2.3,41,53027,Séamus Coleman,4/5/2001,4/3/2003,Simon Hooper,Match Report,,6,1,15.3,0,0,0,Everton,2023
2/18/2023,15:00,Premier League,Matchweek 24,Sat,Home,W,1,0,Leeds United,1.4,0.5,51,39232,Séamus Coleman,4/5/2001,4-2-3-1,Andy Madley,Match Report,,15,4,15.7,0,0,0,Everton,2023
2/25/2023,15:00,Premier League,Matchweek 25,Sat,Home,L,0,2,Aston Villa,1.6,1.9,47,39309,Séamus Coleman,4-1-4-1,4/4/2002,Anthony Taylor,Match Report,,15,4,12.6,2,0,0,Everton,2023
3/1/2023,19:45,Premier League,Matchweek 7,Wed,Away,L,0,4,Arsenal,1.2,2.4,27,60213,Séamus Coleman,4/5/2001,4/3/2003,Michael Oliver,Match Report,,8,5,14.9,0,0,0,Everton,2023
3/5/2023,14:00,Premier League,Matchweek 26,Sun,Away,D,2,2,Nott'ham Forest,1.7,0.8,43,29353,Séamus Coleman,4/5/2001,4-3-2-1,John Brooks,Match Report,,9,2,17,0,1,1,Everton,2023
3/11/2023,15:00,Premier League,Matchweek 27,Sat,Home,W,1,0,Brentford,1,2,33,39274,Séamus Coleman,4/5/2001,4/3/2003,Simon Hooper,Match Report,,13,6,17,1,0,0,Everton,2023
3/18/2023,17:30,Premier League,Matchweek 28,Sat,Away,D,2,2,Chelsea,1.2,2.3,32,40025,Séamus Coleman,4/5/2001,3/4/2003,Darren England,Match Report,,12,3,18.9,1,0,0,Everton,2023
4/3/2023,20:00,Premier League,Matchweek 29,Mon,Home,D,1,1,Tottenham,0.9,1.4,39,39294,Séamus Coleman,4-1-4-1,3/4/2003,David Coote,Match Report,,15,6,19.3,0,0,0,Everton,2023
4/8/2023,12:30,Premier League,Matchweek 30,Sat,Away,L,0,2,Manchester Utd,1,3.4,37,73509,Séamus Coleman,4/4/2002,4-2-3-1,Michael Oliver,Match Report,,15,1,18,0,0,0,Everton,2023
4/15/2023,15:00,Premier League,Matchweek 31,Sat,Home,L,1,3,Fulham,1.4,1.8,46,39241,Jordan Pickford,4/4/2002,4-2-3-1,Anthony Taylor,Match Report,,15,7,17.1,0,0,0,Everton,2023
4/22/2023,15:00,Premier League,Matchweek 32,Sat,Away,D,0,0,Crystal Palace,0.4,0.5,44,25202,Jordan Pickford,4-2-3-1,4/3/2003,John Brooks,Match Report,,10,5,22.4,0,0,0,Everton,2023
4/27/2023,19:45,Premier League,Matchweek 33,Thu,Home,L,1,4,Newcastle Utd,0.9,2.4,40,39248,Jordan Pickford,4/3/2003,4/3/2003,Andre Marriner,Match Report,,13,5,22.3,1,0,0,Everton,2023
5/1/2023,20:00,Premier League,Matchweek 34,Mon,Away,D,2,2,Leicester City,3.1,3.4,46,32173,Séamus Coleman,4-2-3-1,4/3/2003,Michael Oliver,Match Report,,22,7,14.9,0,1,1,Everton,2023
5/8/2023,17:30,Premier League,Matchweek 35,Mon,Away,W,5,1,Brighton,2.3,3.2,22,31567,Jordan Pickford,4-2-3-1,4-2-3-1,Simon Hooper,Match Report,,10,5,12.8,0,0,0,Everton,2023
5/14/2023,14:00,Premier League,Matchweek 36,Sun,Home,L,0,3,Manchester City,1.6,0.8,37,39376,Jordan Pickford,4-2-3-1,4-2-3-1,Anthony Taylor,Match Report,,7,2,7.6,0,0,0,Everton,2023
5/20/2023,15:00,Premier League,Matchweek 37,Sat,Away,D,1,1,Wolves,2,1.6,48,31684,Jordan Pickford,4-1-4-1,4/4/2002,David Coote,Match Report,,19,4,17.1,2,0,0,Everton,2023
5/28/2023,16:30,Premier League,Matchweek 38,Sun,Home,W,1,0,Bournemouth,1,0.5,38,39201,Jordan Pickford,3/4/2003,4-2-3-1,Stuart Attwell,Match Report,,13,6,17.2,0,0,0,Everton,2023
8/12/2023,15:00,Premier League,Matchweek 1,Sat,Home,L,0,1,Fulham,2.7,1.5,42,39940,James Tarkowski,4-4-1-1,4/3/2003,Stuart Attwell,Match Report,,19,9,15.8,0,0,0,Everton,2024
8/20/2023,14:00,Premier League,Matchweek 2,Sun,Away,L,0,4,Aston Villa,0.6,2.9,40,41694,James Tarkowski,4-1-4-1,4-2-3-1,Anthony Taylor,Match Report,,9,2,14.7,0,0,0,Everton,2024
8/26/2023,15:00,Premier League,Matchweek 3,Sat,Home,L,0,1,Wolves,1.3,1.1,47,38851,James Tarkowski,4-1-4-1,4-4-1-1,Craig Pawson,Match Report,,15,7,13.8,0,0,0,Everton,2024
9/2/2023,12:30,Premier League,Matchweek 4,Sat,Away,D,2,2,Sheffield Utd,2.5,1.2,54,31124,James Tarkowski,4-4-1-1,3/5/2002,Andy Madley,Match Report,,16,6,14.8,2,0,0,Everton,2024
9/17/2023,16:30,Premier League,Matchweek 5,Sun,Home,L,0,1,Arsenal,0.3,1,26,39217,James Tarkowski,4/5/2001,4/3/2003,Simon Hooper,Match Report,,8,1,21.6,0,0,0,Everton,2024
9/23/2023,17:30,Premier League,Matchweek 6,Sat,Away,W,3,1,Brentford,1.9,1,43,16981,James Tarkowski,4-4-1-1,4/3/2003,Michael Oliver,Match Report,,18,6,17.8,0,0,0,Everton,2024
9/30/2023,15:00,Premier League,Matchweek 7,Sat,Home,L,1,2,Luton Town,2.9,0.9,67,39289,James Tarkowski,4-4-1-1,3/4/2003,Anthony Taylor,Match Report,,23,4,14.4,0,0,0,Everton,2024
10/7/2023,15:00,Premier League,Matchweek 8,Sat,Home,W,3,0,Bournemouth,2.4,0.7,48,38815,James Tarkowski,4-4-1-1,4-2-3-1,David Coote,Match Report,,25,8,15.8,0,0,0,Everton,2024
10/21/2023,12:30,Premier League,Matchweek 9,Sat,Away,L,0,2,Liverpool,0.1,2.2,23,50201,James Tarkowski,4-4-1-1,4/3/2003,Craig Pawson,Match Report,,6,1,35.2,0,0,0,Everton,2024
10/29/2023,13:00,Premier League,Matchweek 10,Sun,Away,W,1,0,West Ham,0.8,0.7,36,62469,James Tarkowski,4-4-1-1,4-2-3-1,Stuart Attwell,Match Report,,10,4,17.4,0,0,0,Everton,2024
11/4/2023,15:00,Premier League,Matchweek 11,Sat,Home,D,1,1,Brighton,0.7,0.5,21,38683,James Tarkowski,4-4-1-1,4/3/2003,Tim Robinson,Match Report,,10,4,14.4,1,0,0,Everton,2024
11/11/2023,15:00,Premier League,Matchweek 12,Sat,Away,W,3,2,Crystal Palace,1.5,2.2,33,25103,James Tarkowski,4-4-1-1,4-2-3-1,Samuel Barrott,Match Report,,8,4,14.5,0,0,0,Everton,2024
11/26/2023,16:30,Premier League,Matchweek 13,Sun,Home,L,0,3,Manchester Utd,2.4,2.2,51,39257,James Tarkowski,4-4-1-1,4-2-3-1,John Brooks,Match Report,,24,6,16.9,0,0,0,Everton,2024
12/2/2023,17:30,Premier League,Matchweek 14,Sat,Away,W,1,0,Nott'ham Forest,0.7,0.7,39,29404,James Tarkowski,4-4-1-1,4/3/2003,Paul Tierney,Match Report,,12,2,20.8,1,0,0,Everton,2024
12/7/2023,19:30,Premier League,Matchweek 15,Thu,Home,W,3,0,Newcastle Utd,3.3,1.5,38,38198,Séamus Coleman,4-4-1-1,4/3/2003,Tim Robinson,Match Report,,21,6,13.3,0,0,0,Everton,2024
12/10/2023,14:00,Premier League,Matchweek 16,Sun,Home,W,2,0,Chelsea,1.2,0.9,29,39280,James Tarkowski,4-4-1-1,4-2-3-1,Michael Oliver,Match Report,,9,5,16.4,0,0,0,Everton,2024
12/16/2023,17:30,Premier League,Matchweek 17,Sat,Away,W,2,0,Burnley,1.4,0.7,39,21413,James Tarkowski,5/4/2001,4/4/2002,Anthony Taylor,Match Report,,9,6,11.8,1,0,0,Everton,2024
12/23/2023,15:00,Premier League,Matchweek 18,Sat,Away,L,1,2,Tottenham,1.8,1.5,39,61808,James Tarkowski,4-2-3-1,4-2-3-1,Stuart Attwell,Match Report,,18,8,15.8,0,0,0,Everton,2024
12/27/2023,20:15,Premier League,Matchweek 19,Wed,Home,L,1,3,Manchester City,1,2.4,28,39327,James Tarkowski,4-2-3-1,4-2-3-1,John Brooks,Match Report,,7,2,12.5,0,0,0,Everton,2024
12/30/2023,15:00,Premier League,Matchweek 20,Sat,Away,L,0,3,Wolves,0.4,1.9,47,31639,James Tarkowski,5/4/2001,3/4/2003,Thomas Bramall,Match Report,,10,0,20.7,0,0,0,Everton,2024
1/14/2024,14:00,Premier League,Matchweek 21,Sun,Home,D,0,0,Aston Villa,1.1,1.2,32,39284,Séamus Coleman,4-2-3-1,4/4/2002,David Coote,Match Report,,10,2,17.2,1,0,0,Everton,2024
1/30/2024,19:45,Premier League,Matchweek 22,Tue,Away,D,0,0,Fulham,1.9,1.6,30,24376,James Tarkowski,4-4-1-1,4-2-3-1,Thomas Bramall,Match Report,,21,2,14.4,2,0,0,Everton,2024
2/3/2024,12:30,Premier League,Matchweek 23,Sat,Home,D,2,2,Tottenham,2.6,1,43,39321,James Tarkowski,4-4-1-1,4-2-3-1,Michael Oliver,Match Report,,14,4,14.3,0,0,0,Everton,2024
2/10/2024,12:30,Premier League,Matchweek 24,Sat,Away,L,0,2,Manchester City,0.3,1.6,28,52187,James Tarkowski,4-2-3-1,4-1-4-1,John Brooks,Match Report,,5,1,22.9,0,0,0,Everton,2024
2/19/2024,20:00,Premier League,Matchweek 25,Mon,Home,D,1,1,Crystal Palace,1.7,0.7,61,38164,James Tarkowski,4-4-1-1,3/4/2003,Paul Tierney,Match Report,,19,4,16.4,1,0,0,Everton,2024
2/24/2024,15:00,Premier League,Matchweek 26,Sat,Away,D,1,1,Brighton,0.3,1.4,36,41646,James Tarkowski,4-4-1-1,4-2-3-1,Tony Harrington,Match Report,,6,2,16,0,0,0,Everton,2024
3/2/2024,15:00,Premier League,Matchweek 27,Sat,Home,L,1,3,West Ham,2.7,1.9,55,39262,James Tarkowski,4-4-1-1,4-2-3-1,Craig Pawson,Match Report,,21,9,21.8,0,0,1,Everton,2024
3/9/2024,12:30,Premier League,Matchweek 28,Sat,Away,L,0,2,Manchester Utd,1.6,2.7,49,73601,James Tarkowski,4-4-1-1,4-2-4-0,Simon Hooper,Match Report,,23,6,16.9,1,0,0,Everton,2024
3/30/2024,15:00,Premier League,Matchweek 30,Sat,Away,L,1,2,Bournemouth,1,1.3,52,11207,Séamus Coleman,4-4-1-1,4-2-3-1,Samuel Barrott,Match Report,,7,3,16,0,0,0,Everton,2024
4/2/2024,19:30,Premier League,Matchweek 31,Tue,Away,D,1,1,Newcastle Utd,1.4,2.4,43,52135,James Tarkowski,4-4-1-1,4/3/2003,Tony Harrington,Match Report,,9,2,17.4,0,1,1,Everton,2024
4/6/2024,15:00,Premier League,Matchweek 32,Sat,Home,W,1,0,Burnley,0.9,0.5,38,39125,Séamus Coleman,4-4-1-1,4/4/2002,Michael Oliver,Match Report,,12,3,20,1,0,0,Everton,2024
4/15/2024,20:00,Premier League,Matchweek 33,Mon,Away,L,0,6,Chelsea,1.5,3.1,42,39392,Séamus Coleman,4-4-1-1,4-2-3-1,Paul Tierney,Match Report,,10,2,13.7,0,0,0,Everton,2024
4/21/2024,13:30,Premier League,Matchweek 34,Sun,Home,W,2,0,Nott'ham Forest,0.3,0.9,41,39239,James Tarkowski,4-1-4-1,4-2-3-1,Anthony Taylor,Match Report,,7,4,18.7,0,0,0,Everton,2024
4/24/2024,20:00,Premier League,Matchweek 29,Wed,Home,W,2,0,Liverpool,1.2,2.1,25,38222,James Tarkowski,4-4-1-1,4/3/2003,Andy Madley,Match Report,,16,6,14.9,0,0,0,Everton,2024
4/27/2024,17:30,Premier League,Matchweek 35,Sat,Home,W,1,0,Brentford,0.8,0.9,48,39098,James Tarkowski,4-4-1-1,4/3/2003,Darren England,Match Report,,18,1,19.1,1,0,0,Everton,2024
5/3/2024,20:00,Premier League,Matchweek 36,Fri,Away,D,1,1,Luton Town,1.4,0.8,49,11873,James Tarkowski,4-4-1-1,3/4/2003,Tim Robinson,Match Report,,9,2,18.7,0,1,1,Everton,2024
5/11/2024,15:00,Premier League,Matchweek 37,Sat,Home,W,1,0,Sheffield Utd,2.3,0.6,58,39221,Séamus Coleman,4-4-1-1,3/5/2002,Stuart Attwell,Match Report,,15,6,17.1,0,0,0,Everton,2024
5/19/2024,16:00,Premier League,Matchweek 38,Sun,Away,L,1,2,Arsenal,0.6,2.9,32,60312,Séamus Coleman,4-4-1-1,4/3/2003,Michael Oliver,Match Report,,5,2,20.3,2,0,0,Everton,2024
8/17/2024,15:00,Premier League,Matchweek 1,Sat,Home,L,0,3,Brighton,0.5,1.4,40,39217,James Tarkowski,4-2-3-1,4-2-3-1,Simon Hooper,Match Report,,9,1,18.4,0,0,0,Everton,2025
8/24/2024,15:00,Premier League,Matchweek 2,Sat,Away,L,0,4,Tottenham,1,2.4,30,61357,James Tarkowski,4-2-3-1,4/3/2003,Anthony Taylor,Match Report,,10,1,10,0,0,0,Everton,2025
8/31/2024,15:00,Premier League,Matchweek 3,Sat,Home,L,2,3,Bournemouth,1.8,2.4,47,38805,Séamus Coleman,4-2-3-1,4-2-3-1,Stuart Attwell,Match Report,,18,8,15.7,0,0,0,Everton,2025
9/14/2024,17:30,Premier League,Matchweek 4,Sat,Away,L,2,3,Aston Villa,0.9,2.1,28,41573,James Tarkowski,4-2-3-1,4-2-3-1,Craig Pawson,Match Report,,6,2,12.6,0,0,0,Everton,2025
9/21/2024,15:00,Premier League,Matchweek 5,Sat,Away,D,1,1,Leicester City,1.1,0.7,42,31765,James Tarkowski,4-2-3-1,4-2-3-1,Darren England,Match Report,,17,5,17.7,1,0,0,Everton,2025
9/28/2024,15:00,Premier League,Matchweek 6,Sat,Home,W,2,1,Crystal Palace,0.9,0.9,41,38954,James Tarkowski,4-2-3-1,3/4/2003,Andy Madley,Match Report,,8,2,15.3,0,0,0,Everton,2025
10/5/2024,17:30,Premier League,Matchweek 7,Sat,Home,D,0,0,Newcastle Utd,0.7,2.1,33,39265,James Tarkowski,4-2-3-1,4/3/2003,Craig Pawson,Match Report,,8,2,24.3,1,0,0,Everton,2025
10/19/2024,15:00,Premier League,Matchweek 8,Sat,Away,W,2,0,Ipswich Town,1.7,1.3,45,29862,James Tarkowski,4-2-3-1,4-2-3-1,Michael Oliver,Match Report,,11,8,16.4,1,0,0,Everton,2025
10/26/2024,17:30,Premier League,Matchweek 9,Sat,Home,D,1,1,Fulham,0.8,1.2,40,38742,James Tarkowski,4-2-3-1,4-2-3-1,John Brooks,Match Report,,10,5,14.3,0,0,0,Everton,2025
11/2/2024,15:00,Premier League,Matchweek 10,Sat,Away,L,0,1,Southampton,1.6,0.7,35,31143,James Tarkowski,4-2-3-1,5/4/2001,Andy Madley,Match Report,,16,5,17.9,2,0,0,Everton,2025
11/9/2024,15:00,Premier League,Matchweek 11,Sat,Away,D,0,0,West Ham,1.1,0.8,51,62463,James Tarkowski,4-2-3-1,4-1-4-1,Stuart Attwell,Match Report,,18,4,18.2,0,0,0,Everton,2025
11/23/2024,15:00,Premier League,Matchweek 12,Sat,Home,D,0,0,Brentford,1.2,1.1,59,38915,James Tarkowski,4-2-3-1,4/3/2003,Chris Kavanagh,Match Report,,27,5,19.9,0,0,0,Everton,2025
12/1/2024,13:30,Premier League,Matchweek 13,Sun,Away,L,0,4,Manchester Utd,0.6,1.1,40,73817,James Tarkowski,4-2-3-1,3/4/2003,John Brooks,Match Report,,8,2,21.3,2,0,0,Everton,2025
12/4/2024,19:30,Premier League,Matchweek 14,Wed,Home,W,4,0,Wolves,1,0.8,44,38820,James Tarkowski,4-2-3-1,3/4/2003,Michael Salisbury,Match Report,,13,4,18.7,1,0,0,Everton,2025
12/14/2024,15:00,Premier League,Matchweek 16,Sat,Away,D,0,0,Arsenal,0.1,1.2,24,60176,James Tarkowski,4/3/2003,4/3/2003,Craig Pawson,Match Report,,2,0,19.3,0,0,0,Everton,2025
12/22/2024,14:00,Premier League,Matchweek 17,Sun,Home,D,0,0,Chelsea,1,1.2,25,39358,James Tarkowski,4/3/2003,4-2-3-1,Chris Kavanagh,Match Report,,5,4,19.8,1,0,0,Everton,2025
12/26/2024,12:30,Premier League,Matchweek 18,Thu,Away,D,1,1,Manchester City,0.7,2.1,34,55527,Séamus Coleman,4/3/2003,4-1-4-1,Simon Hooper,Match Report,,8,3,16.8,0,0,0,Everton,2025
12/29/2024,15:00,Premier League,Matchweek 19,Sun,Home,L,0,2,Nott'ham Forest,0.9,1.5,64,25414,James Tarkowski,4/3/2003,4-2-3-1,Tony Harrington,Match Report,,13,2,16.3,1,0,0,Everton,2025
1/4/2025,15:00,Premier League,Matchweek 20,Sat,Away,L,0,1,Bournemouth,0.7,1.8,42,11223,James Tarkowski,4-2-3-1,4-2-3-1,John Brooks,Match Report,,9,0,20.7,0,0,0,Everton,2025
1/15/2025,19:30,Premier League,Matchweek 21,Wed,Home,L,0,1,Aston Villa,1.1,1.2,50,39085,James Tarkowski,4-2-3-1,4-2-3-1,Samuel Barrott,Match Report,,10,2,16.4,0,0,0,Everton,2025
1/19/2025,14:00,Premier League,Matchweek 22,Sun,Home,W,3,2,Tottenham,1.8,1.1,36,39326,James Tarkowski,4-2-3-1,3/4/2003,Darren England,Match Report,,12,6,14.2,0,0,0,Everton,2025
1/25/2025,15:00,Premier League,Matchweek 23,Sat,Away,W,1,0,Brighton,0.8,0.7,31,31087,James Tarkowski,4-2-3-1,4-2-3-1,Tim Robinson,Match Report,,2,0,24.6,0,1,1,Everton,2025
2/1/2025,15:00,Premier League,Matchweek 24,Sat,Home,W,4,0,Leicester City,2.5,0.3,48,39376,James Tarkowski,4-2-3-1,4-2-3-1,Darren Bond,Match Report,,13,7,13.5,0,0,0,Everton,2025
2/12/2025,19:30,Premier League,Matchweek 15,Wed,Home,D,2,2,Liverpool,1,0.6,37,39280,James Tarkowski,4-2-3-1,4-2-3-1,Michael Oliver,Match Report,,10,3,18.3,0,0,0,Everton,2025
2/15/2025,17:30,Premier League,Matchweek 25,Sat,Away,W,2,1,Crystal Palace,0.9,1.6,42,25108,James Tarkowski,4-2-3-1,3/4/2003,Anthony Taylor,Match Report,,11,6,17.6,0,0,0,Everton,2025
2/22/2025,12:30,Premier League,Matchweek 26,Sat,Home,D,2,2,Manchester Utd,1.6,0.4,38,39290,James Tarkowski,4-2-3-1,3/4/2003,Andy Madley,Match Report,,9,8,12.5,0,0,0,Everton,2025
2/26/2025,19:30,Premier League,Matchweek 27,Wed,Away,D,1,1,Brentford,1.5,1.4,48,17082,James Tarkowski,4-2-3-1,4-2-3-1,Simon Hooper,Match Report,,14,4,20.7,0,0,0,Everton,2025
3/8/2025,20:00,Premier League,Matchweek 28,Sat,Away,D,1,1,Wolves,1.2,0.8,34,30738,James Tarkowski,4-2-3-1,3/4/2003,Stuart Attwell,Match Report,,12,4,16.2,0,0,0,Everton,2025
3/15/2025,15:00,Premier League,Matchweek 29,Sat,Home,D,1,1,West Ham,1,0.8,54,39343,James Tarkowski,4-2-3-1,3/5/2002,Darren Bond,Match Report,,13,5,12.3,0,0,0,Everton,2025
4/2/2025,20:00,Premier League,Matchweek 30,Wed,Away,L,0,1,Liverpool,0.9,1.5,27,60457,James Tarkowski,4-2-3-1,4-2-3-1,Samuel Barrott,Match Report,,5,0,19.1,0,0,0,Everton,2025
4/5/2025,12:30,Premier League,Matchweek 31,Sat,Home,D,1,1,Arsenal,1.1,1.8,31,39316,James Tarkowski,4-2-3-1,4/3/2003,Darren England,Match Report,,4,1,21.7,0,1,1,Everton,2025
4/12/2025,15:00,Premier League,Matchweek 32,Sat,Away,W,1,0,Nott'ham Forest,1.4,0.5,57,30199,James Tarkowski,4-2-3-1,4-2-3-1,Craig Pawson,Match Report,,13,5,18.4,0,0,0,Everton,2025
4/19/2025,15:00,Premier League,Matchweek 33,Sat,Home,L,0,2,Manchester City,0.9,2,33,39332,James Tarkowski,4-2-3-1,4-2-3-1,Simon Hooper,Match Report,,8,2,13.7,0,0,0,Everton,2025
4/26/2025,12:30,Premier League,Matchweek 34,Sat,Away,L,0,1,Chelsea,0.4,0.8,45,39894,Jordan Pickford,4-2-3-1,4-2-3-1,Chris Kavanagh,Match Report,,6,3,16.9,0,0,0,Everton,2025
5/3/2025,15:00,Premier League,Matchweek 35,Sat,Home,D,2,2,Ipswich Town,0.6,0.8,58,39305,Jordan Pickford,4-2-3-1,4-2-3-1,Lewis Smith,Match Report,,8,3,14.5,0,0,0,Everton,2025
5/10/2025,15:00,Premier League,Matchweek 36,Sat,Away,W,3,1,Fulham,1.1,0.8,36,27653,Jordan Pickford,4-2-3-1,4-2-3-1,Darren England,Match Report,,11,7,12.3,0,0,0,Everton,2025
5/18/2025,12:00,Premier League,Matchweek 37,Sun,Home,W,2,0,Southampton,2.7,1.2,50,39201,Séamus Coleman,4-2-3-1,3/4/2003,Michael Oliver,Match Report,,13,4,12.1,0,0,0,Everton,2025
5/25/2025,16:00,Premier League,Matchweek 38,Sun,Away,W,1,0,Newcastle Utd,1.2,1.2,35,52221,Jordan Pickford,4-2-3-1,3/4/2003,Tony Harrington,Match Report,,14,6,18.5,1,0,0,Everton,2025
9/12/2020,12:30,Premier League,Matchweek 1,Sat,Home,L,0,3,Arsenal,0.1,1.9,46,,Tom Cairney,4-2-3-1,3/4/2003,Chris Kavanagh,Match Report,,5,2,25.1,0,0,0,Fulham,2021
9/19/2020,15:00,Premier League,Matchweek 2,Sat,Away,L,3,4,Leeds United,1.7,1.4,49,,Aleksandar Mitrović,4-2-3-1,4-1-4-1,Anthony Taylor,Match Report,,13,5,21.5,1,1,1,Fulham,2021
9/28/2020,17:45,Premier League,Matchweek 3,Mon,Home,L,0,3,Aston Villa,0.7,1.4,64,,Tom Cairney,3/4/2003,4/3/2003,Stuart Attwell,Match Report,,16,2,16.6,0,0,0,Fulham,2021
10/4/2020,14:00,Premier League,Matchweek 4,Sun,Away,L,0,1,Wolves,0.9,1.2,52,,Tom Cairney,4-2-3-1,3/5/2002,Darren England,Match Report,,10,2,18.3,1,0,0,Fulham,2021
10/18/2020,12:00,Premier League,Matchweek 5,Sun,Away,D,1,1,Sheffield Utd,1.5,1.7,58,,Tom Cairney,3/4/2003,3/5/2002,Andre Marriner,Match Report,,14,6,18.8,1,0,1,Fulham,2021
10/24/2020,15:00,Premier League,Matchweek 6,Sat,Home,L,1,2,Crystal Palace,1.1,2.5,64,,Tom Cairney,4-3-2-1,4/4/2002,Graham Scott,Match Report,,16,3,18.5,0,0,0,Fulham,2021
11/2/2020,17:30,Premier League,Matchweek 7,Mon,Home,W,2,0,West Brom,1.5,0.5,47,,Tom Cairney,4-2-3-1,4-1-4-1,Simon Hooper,Match Report,,13,4,18.8,0,0,0,Fulham,2021
11/7/2020,20:00,Premier League,Matchweek 8,Sat,Away,L,0,1,West Ham,1.7,1.3,47,,Tom Cairney,4-2-3-1,3/4/2003,Robert Jones,Match Report,,12,2,21.1,2,0,1,Fulham,2021
11/22/2020,12:00,Premier League,Matchweek 9,Sun,Home,L,2,3,Everton,1.9,2,54,,Tom Cairney,4-2-3-1,3/4/2003,Andy Madley,Match Report,,13,6,20.1,0,0,1,Fulham,2021
11/30/2020,17:30,Premier League,Matchweek 10,Mon,Away,W,2,1,Leicester City,2.2,1.2,32,,Joachim Andersen,5/4/2001,3/4/2003,Simon Hooper,Match Report,,9,4,21.5,1,1,1,Fulham,2021
12/5/2020,15:00,Premier League,Matchweek 11,Sat,Away,L,0,2,Manchester City,0.3,2.9,31,,Joachim Andersen,3-4-1-2,4-2-3-1,Jonathan Moss,Match Report,,6,1,18.8,0,0,0,Fulham,2021
12/13/2020,16:30,Premier League,Matchweek 12,Sun,Home,D,1,1,Liverpool,1.5,1.8,26,2000,Joachim Andersen,3/4/2003,4/3/2003,Andre Marriner,Match Report,,10,5,16.9,0,0,0,Fulham,2021
12/16/2020,20:00,Premier League,Matchweek 13,Wed,Home,D,0,0,Brighton,1,0.5,46,,Joachim Andersen,3/4/2003,3/4/2003,Robert Jones,Match Report,,9,4,14.7,0,0,0,Fulham,2021
12/19/2020,20:00,Premier League,Matchweek 14,Sat,Away,D,1,1,Newcastle Utd,1,1.4,51,,Tom Cairney,3/4/2003,4/4/2002,Graham Scott,Match Report,,11,4,18.3,1,0,0,Fulham,2021
12/26/2020,15:00,Premier League,Matchweek 15,Sat,Home,D,0,0,Southampton,0.7,0.2,47,,Joachim Andersen,3/5/2002,4/4/2002,Darren England,Match Report,,10,1,17.6,0,0,0,Fulham,2021
1/13/2021,20:15,Premier League,Matchweek 16,Wed,Away,D,1,1,Tottenham,1.1,2.4,47,,Joachim Andersen,3/5/2002,4-2-3-1,Paul Tierney,Match Report,,15,4,17.3,1,0,0,Fulham,2021
1/16/2021,17:30,Premier League,Matchweek 19,Sat,Home,L,0,1,Chelsea,0.7,1.6,31,,Joachim Andersen,5/4/2001,4/3/2003,Peter Bankes,Match Report,,10,2,20.1,1,0,0,Fulham,2021
1/20/2021,20:15,Premier League,Matchweek 18,Wed,Home,L,1,2,Manchester Utd,0.9,1.7,38,,Joachim Andersen,3/4/2003,4-2-3-1,Martin Atkinson,Match Report,,12,5,18.4,0,0,0,Fulham,2021
1/27/2021,19:30,Premier League,Matchweek 20,Wed,Away,D,0,0,Brighton,0.5,1.8,50,,Joachim Andersen,3/4/2003,3/5/2002,Craig Pawson,Match Report,,10,2,16.8,0,0,0,Fulham,2021
1/30/2021,15:00,Premier League,Matchweek 21,Sat,Away,D,2,2,West Brom,1.3,1,62,,Joachim Andersen,3/4/2003,3/5/2002,Anthony Taylor,Match Report,,12,7,17.6,0,0,0,Fulham,2021
2/3/2021,18:00,Premier League,Matchweek 22,Wed,Home,L,0,2,Leicester City,0.6,1.4,57,,Joachim Andersen,3/4/2003,4-2-3-1,Robert Jones,Match Report,,8,1,18.4,0,0,0,Fulham,2021
2/6/2021,17:30,Premier League,Matchweek 23,Sat,Home,D,0,0,West Ham,1.5,1,60,,Joachim Andersen,4-2-3-1,4-2-3-1,Mike Dean,Match Report,,20,2,16.5,2,0,0,Fulham,2021
2/14/2021,19:00,Premier League,Matchweek 24,Sun,Away,W,2,0,Everton,2.5,0.3,50,,Joachim Andersen,4/4/2002,4-3-1-2,Andy Madley,Match Report,,12,3,16,0,0,0,Fulham,2021
2/17/2021,18:00,Premier League,Matchweek 17,Wed,Away,D,1,1,Burnley,0.5,0.9,53,,Joachim Andersen,4-4-1-1,4/4/2002,Jonathan Moss,Match Report,,8,3,17.2,0,0,0,Fulham,2021
2/20/2021,20:00,Premier League,Matchweek 25,Sat,Home,W,1,0,Sheffield Utd,1.2,0.9,64,,Joachim Andersen,4-2-3-1,3/5/2002,Martin Atkinson,Match Report,,15,5,21,0,0,0,Fulham,2021
2/28/2021,12:00,Premier League,Matchweek 26,Sun,Away,D,0,0,Crystal Palace,1.4,0.1,60,,Joachim Andersen,4-2-3-1,4-2-3-1,Anthony Taylor,Match Report,,16,4,18.6,1,0,0,Fulham,2021
3/4/2021,18:00,Premier League,Matchweek 33,Thu,Home,L,0,1,Tottenham,0.7,1.6,60,,Joachim Andersen,4/4/2002,4-2-3-1,David Coote,Match Report,,11,3,17.1,0,0,0,Fulham,2021
3/7/2021,14:00,Premier League,Matchweek 27,Sun,Away,W,1,0,Liverpool,1.3,0.9,37,,Joachim Andersen,4/4/2002,4/3/2003,Kevin Friend,Match Report,,10,3,12.7,0,0,0,Fulham,2021
3/13/2021,20:00,Premier League,Matchweek 28,Sat,Home,L,0,3,Manchester City,0.3,2.2,46,,Joachim Andersen,4/3/2003,3/4/2003,Andre Marriner,Match Report,,3,0,11.2,0,0,0,Fulham,2021
3/19/2021,20:00,Premier League,Matchweek 29,Fri,Home,L,1,2,Leeds United,1.6,1.3,51,,Joachim Andersen,4-2-3-1,4-1-4-1,David Coote,Match Report,,13,6,13,0,0,0,Fulham,2021
4/4/2021,16:30,Premier League,Matchweek 30,Sun,Away,L,1,3,Aston Villa,1,1.5,47,,Joachim Andersen,4-2-3-1,4-2-3-1,Andy Madley,Match Report,,15,7,22.5,0,0,0,Fulham,2021
4/9/2021,20:00,Premier League,Matchweek 31,Fri,Home,L,0,1,Wolves,0.9,0.5,50,,Joachim Andersen,3/4/2003,4-2-3-1,Jonathan Moss,Match Report,,14,3,17.3,0,0,0,Fulham,2021
4/18/2021,13:30,Premier League,Matchweek 32,Sun,Away,D,1,1,Arsenal,0.9,2.7,31,,Joachim Andersen,4/4/2002,4-2-3-1,Craig Pawson,Match Report,,2,0,29.8,0,1,1,Fulham,2021
5/1/2021,17:30,Premier League,Matchweek 34,Sat,Away,L,0,2,Chelsea,0.3,1.7,51,,Joachim Andersen,4-2-3-1,3/5/2002,Kevin Friend,Match Report,,10,3,20.6,0,0,0,Fulham,2021
5/10/2021,20:00,Premier League,Matchweek 35,Mon,Home,L,0,2,Burnley,1,1.5,68,,Joachim Andersen,4-2-3-1,4/4/2002,David Coote,Match Report,,21,3,18.2,0,0,0,Fulham,2021
5/15/2021,15:00,Premier League,Matchweek 36,Sat,Away,L,1,3,Southampton,0.8,1.6,53,,Joachim Andersen,3/4/2003,4/4/2002,Craig Pawson,Match Report,,10,3,16.8,0,0,0,Fulham,2021
5/18/2021,18:00,Premier League,Matchweek 37,Tue,Away,D,1,1,Manchester Utd,0.9,0.9,43,10000,Tim Ream,3/4/2003,4-2-3-1,Lee Mason,Match Report,,8,5,16.8,0,0,0,Fulham,2021
5/23/2021,16:00,Premier League,Matchweek 38,Sun,Home,L,0,2,Newcastle Utd,1,1.3,64,2000,Tim Ream,3/4/2003,5/3/2002,Chris Kavanagh,Match Report,,14,0,19.6,0,0,0,Fulham,2021
8/6/2022,12:30,Premier League,Matchweek 1,Sat,Home,D,2,2,Liverpool,1.2,1.2,33,22207,Tim Ream,4-2-3-1,4/3/2003,Andy Madley,Match Report,,8,2,18.4,0,1,1,Fulham,2023
8/13/2022,15:00,Premier League,Matchweek 2,Sat,Away,D,0,0,Wolves,1.5,0.9,41,31178,Tim Ream,4-2-3-1,4-2-3-1,John Brooks,Match Report,,8,2,15.7,0,0,1,Fulham,2023
8/20/2022,15:00,Premier League,Matchweek 3,Sat,Home,W,3,2,Brentford,2.4,1.8,43,21798,Tim Ream,4-2-3-1,4/3/2003,Peter Bankes,Match Report,,18,9,15.5,1,0,0,Fulham,2023
8/27/2022,17:30,Premier League,Matchweek 4,Sat,Away,L,1,2,Arsenal,0.8,2.6,29,60164,Tim Ream,4-2-3-1,4/3/2003,Jarred Gillett,Match Report,,11,3,13.7,0,0,0,Fulham,2023
8/30/2022,19:30,Premier League,Matchweek 5,Tue,Home,W,2,1,Brighton,0.7,1.4,39,22224,Tim Ream,4-2-3-1,3/5/2002,Thomas Bramall,Match Report,,10,3,15.3,1,0,0,Fulham,2023
9/3/2022,15:00,Premier League,Matchweek 6,Sat,Away,L,1,2,Tottenham,0.7,2.9,48,61641,Tim Ream,4-2-3-1,3/4/2003,Stuart Attwell,Match Report,,9,3,17.1,0,0,0,Fulham,2023
9/16/2022,20:00,Premier League,Matchweek 8,Fri,Away,W,3,2,Nott'ham Forest,0.9,1.4,59,28654,Tim Ream,4-2-3-1,3-4-1-2,Jarred Gillett,Match Report,,15,7,17.3,2,0,0,Fulham,2023
10/1/2022,15:00,Premier League,Matchweek 9,Sat,Home,L,1,4,Newcastle Utd,0.5,3.3,33,22913,Tim Ream,4-2-3-1,4/3/2003,Darren England,Match Report,,3,1,16.2,0,0,0,Fulham,2023
10/9/2022,14:00,Premier League,Matchweek 10,Sun,Away,L,1,3,West Ham,0.7,2.4,50,62407,Tim Ream,4-2-3-1,4-2-3-1,Chris Kavanagh,Match Report,,8,2,16.6,1,0,0,Fulham,2023
10/15/2022,15:00,Premier League,Matchweek 11,Sat,Home,D,2,2,Bournemouth,2.1,1,69,22541,Tim Ream,4-2-3-1,4-2-3-1,Graham Scott,Match Report,,18,3,18.9,0,1,1,Fulham,2023
10/20/2022,19:30,Premier League,Matchweek 12,Thu,Home,W,3,0,Aston Villa,2.1,1.2,60,23508,Tim Ream,4-2-3-1,4-3-2-1,Michael Oliver,Match Report,,17,6,16.7,1,1,1,Fulham,2023
10/23/2022,14:00,Premier League,Matchweek 13,Sun,Away,W,3,2,Leeds United,1.8,1.6,43,36447,Tim Ream,4-2-3-1,4-2-3-1,Anthony Taylor,Match Report,,11,4,11.9,0,0,0,Fulham,2023
10/29/2022,17:30,Premier League,Matchweek 14,Sat,Home,D,0,0,Everton,1.9,0.9,56,23534,Tim Ream,4-2-3-1,4-2-3-1,John Brooks,Match Report,,24,6,16.4,0,0,0,Fulham,2023
11/5/2022,15:00,Premier League,Matchweek 15,Sat,Away,L,1,2,Manchester City,1,2.1,30,52395,Tim Ream,4-2-3-1,4/3/2003,Darren England,Match Report,,3,1,26.2,0,1,1,Fulham,2023
11/13/2022,16:30,Premier League,Matchweek 16,Sun,Home,L,1,2,Manchester Utd,1.4,2.5,53,24246,Tom Cairney,4-2-3-1,4-2-3-1,Paul Tierney,Match Report,,14,7,14,0,0,0,Fulham,2023
12/26/2022,15:00,Premier League,Matchweek 17,Mon,Away,W,3,0,Crystal Palace,2.5,0.4,64,25176,Tim Ream,4-2-3-1,4/3/2003,Andy Madley,Match Report,,23,10,13.4,1,0,0,Fulham,2023
12/31/2022,15:00,Premier League,Matchweek 18,Sat,Home,W,2,1,Southampton,1.5,0.8,62,24344,Tim Ream,4-2-3-1,3/4/2003,Graham Scott,Match Report,,7,1,18.8,0,0,1,Fulham,2023
1/3/2023,19:45,Premier League,Matchweek 19,Tue,Away,W,1,0,Leicester City,1.7,1.7,39,30813,Tim Ream,4-2-3-1,4-2-3-1,Darren Bond,Match Report,,11,2,19.4,0,0,0,Fulham,2023
1/12/2023,20:00,Premier League,Matchweek 7,Thu,Home,W,2,1,Chelsea,1,2.1,48,24460,Tim Ream,4-2-3-1,3/5/2002,David Coote,Match Report,,8,3,15.3,0,0,0,Fulham,2023
1/15/2023,14:00,Premier League,Matchweek 20,Sun,Away,L,0,1,Newcastle Utd,1.1,2.2,38,52247,Tim Ream,4-2-3-1,4/3/2003,Robert Jones,Match Report,,4,0,18.9,0,0,1,Fulham,2023
1/23/2023,20:00,Premier League,Matchweek 21,Mon,Home,L,0,1,Tottenham,1,0.9,54,24190,Tim Ream,4-2-3-1,3/4/2003,Paul Tierney,Match Report,,10,5,17.3,1,0,0,Fulham,2023
2/3/2023,20:00,Premier League,Matchweek 22,Fri,Away,D,0,0,Chelsea,0.6,1.3,34,40041,Tim Ream,4-2-3-1,4/3/2003,Stuart Attwell,Match Report,,10,4,23,0,0,0,Fulham,2023
2/11/2023,15:00,Premier League,Matchweek 23,Sat,Home,W,2,0,Nott'ham Forest,1.5,0.7,50,24244,Tim Ream,4-2-3-1,4-2-3-1,Andy Madley,Match Report,,16,3,15,1,0,0,Fulham,2023
2/18/2023,15:00,Premier League,Matchweek 24,Sat,Away,W,1,0,Brighton,0.3,2.2,35,31619,Tim Ream,4-2-3-1,4-2-3-1,Darren England,Match Report,,5,2,16,0,0,0,Fulham,2023
2/24/2023,20:00,Premier League,Matchweek 25,Fri,Home,D,1,1,Wolves,0.5,0.8,51,24399,Tim Ream,4-2-3-1,4/4/2002,Michael Oliver,Match Report,,10,5,24.2,1,0,0,Fulham,2023
3/6/2023,20:00,Premier League,Matchweek 26,Mon,Away,L,2,3,Brentford,1.4,2.1,63,17025,Tim Ream,4-2-3-1,4/3/2003,Anthony Taylor,Match Report,,9,5,17.4,1,0,0,Fulham,2023
3/12/2023,14:00,Premier League,Matchweek 27,Sun,Home,L,0,3,Arsenal,0.8,2.3,45,24426,Tim Ream,4-2-3-1,4/3/2003,David Coote,Match Report,,12,2,17.4,0,0,0,Fulham,2023
4/1/2023,15:00,Premier League,Matchweek 29,Sat,Away,L,1,2,Bournemouth,0.8,2.6,57,10305,Tim Ream,4-2-3-1,4-4-1-1,Peter Bankes,Match Report,,10,2,16.5,0,0,0,Fulham,2023
4/8/2023,15:00,Premier League,Matchweek 30,Sat,Home,L,0,1,West Ham,0.7,1.1,76,24491,Tim Ream,4-2-3-1,4/4/2002,Jarred Gillett,Match Report,,16,3,20.5,0,0,0,Fulham,2023
4/15/2023,15:00,Premier League,Matchweek 31,Sat,Away,W,3,1,Everton,1.8,1.4,54,39241,Tim Ream,4-2-3-1,4/4/2002,Anthony Taylor,Match Report,,21,7,17.9,0,0,0,Fulham,2023
4/22/2023,12:30,Premier League,Matchweek 32,Sat,Home,W,2,1,Leeds United,1.7,0.8,50,24356,Tim Ream,4-2-3-1,4-2-3-1,Peter Bankes,Match Report,,12,5,24.4,3,0,0,Fulham,2023
4/25/2023,19:45,Premier League,Matchweek 33,Tue,Away,L,0,1,Aston Villa,0.1,1,49,41046,Tim Ream,4-2-3-1,4-2-3-1,Thomas Bramall,Match Report,,1,0,14.7,0,0,0,Fulham,2023
4/30/2023,14:00,Premier League,Matchweek 34,Sun,Home,L,1,2,Manchester City,0.2,2.5,38,24498,Tim Ream,4-2-3-1,3-2-4-1,Simon Hooper,Match Report,,4,1,22.4,0,0,0,Fulham,2023
5/3/2023,20:00,Premier League,Matchweek 28,Wed,Away,L,0,1,Liverpool,0.9,1.8,43,52602,Tom Cairney,4-2-3-1,4/3/2003,Stuart Attwell,Match Report,,9,3,16.8,0,0,0,Fulham,2023
5/8/2023,15:00,Premier League,Matchweek 35,Mon,Home,W,5,3,Leicester City,1.6,2.8,57,24442,Tom Cairney,4-2-3-1,4-2-3-1,Robert Jones,Match Report,,17,7,17.5,1,0,0,Fulham,2023
5/13/2023,15:00,Premier League,Matchweek 36,Sat,Away,W,2,0,Southampton,1.4,0.4,64,28978,Tom Cairney,4-2-3-1,4-2-3-1,Thomas Bramall,Match Report,,9,3,17.5,0,0,0,Fulham,2023
5/20/2023,15:00,Premier League,Matchweek 37,Sat,Home,D,2,2,Crystal Palace,1.7,1.6,49,24356,Tom Cairney,4-2-3-1,4-2-3-1,Joshua Smith,Match Report,,10,3,19,1,1,1,Fulham,2023
5/28/2023,16:30,Premier League,Matchweek 38,Sun,Away,L,1,2,Manchester Utd,1.8,2.9,47,73465,Tom Cairney,4-2-3-1,4-2-3-1,Robert Jones,Match Report,,9,2,17.6,1,0,1,Fulham,2023
8/12/2023,15:00,Premier League,Matchweek 1,Sat,Away,W,1,0,Everton,1.5,2.7,58,39940,Tom Cairney,4/3/2003,4-4-1-1,Stuart Attwell,Match Report,,9,2,13.2,0,0,0,Fulham,2024
8/19/2023,15:00,Premier League,Matchweek 2,Sat,Home,L,0,3,Brentford,0.5,3.7,55,24236,Tim Ream,4/3/2003,4/3/2003,Darren Bond,Match Report,,10,2,22.3,1,0,0,Fulham,2024
8/26/2023,15:00,Premier League,Matchweek 3,Sat,Away,D,2,2,Arsenal,0.6,3.2,29,59961,Bobby De Cordova-Reid,4/3/2003,4/3/2003,Paul Tierney,Match Report,,8,3,17.8,0,0,0,Fulham,2024
9/2/2023,15:00,Premier League,Matchweek 4,Sat,Away,L,1,5,Manchester City,1.4,2.2,32,52899,Tom Cairney,4/3/2003,4-2-3-1,Michael Oliver,Match Report,,6,4,11.4,0,0,0,Fulham,2024
9/16/2023,15:00,Premier League,Matchweek 5,Sat,Home,W,1,0,Luton Town,1,1.1,77,24467,Tim Ream,4/3/2003,5/3/2002,Michael Salisbury,Match Report,,13,2,19.5,2,0,0,Fulham,2024
9/23/2023,15:00,Premier League,Matchweek 6,Sat,Away,D,0,0,Crystal Palace,0.6,0.3,49,25072,Tim Ream,4/3/2003,4-2-3-1,Paul Tierney,Match Report,,10,5,18.7,1,0,0,Fulham,2024
10/2/2023,20:00,Premier League,Matchweek 7,Mon,Home,L,0,2,Chelsea,1.1,1.7,56,24445,Tim Ream,4/3/2003,4/3/2003,Tim Robinson,Match Report,,10,3,13.2,0,0,0,Fulham,2024
10/7/2023,15:00,Premier League,Matchweek 8,Sat,Home,W,3,1,Sheffield Utd,2.2,0.6,60,24361,Tim Ream,4/3/2003,3/5/2002,Samuel Barrott,Match Report,,20,6,20.2,0,0,0,Fulham,2024
10/23/2023,20:00,Premier League,Matchweek 9,Mon,Away,L,0,2,Tottenham,1,1.5,45,61286,Tim Ream,4-2-3-1,4-2-3-1,Anthony Taylor,Match Report,,10,3,17.6,0,0,0,Fulham,2024
10/29/2023,14:00,Premier League,Matchweek 10,Sun,Away,D,1,1,Brighton,0.7,1.4,29,31550,Tim Ream,4-2-3-1,3/4/2003,Michael Salisbury,Match Report,,10,5,19.3,0,0,0,Fulham,2024
11/4/2023,12:30,Premier League,Matchweek 11,Sat,Home,L,0,1,Manchester Utd,1,0.7,45,24415,Tim Ream,4-2-3-1,4-2-3-1,John Brooks,Match Report,,18,2,18.6,1,0,0,Fulham,2024
11/12/2023,14:00,Premier League,Matchweek 12,Sun,Away,L,1,3,Aston Villa,0.9,3,49,41608,Tim Ream,4-2-3-1,4-2-2-2,Simon Hooper,Match Report,,9,5,19.5,0,0,0,Fulham,2024
11/27/2023,20:00,Premier League,Matchweek 13,Mon,Home,W,3,2,Wolves,2.9,1.4,60,24366,Tom Cairney,4-2-3-1,3/5/2002,Michael Salisbury,Match Report,,10,4,22.9,0,2,2,Fulham,2024
12/3/2023,14:00,Premier League,Matchweek 14,Sun,Away,L,3,4,Liverpool,1.2,2.1,39,50124,Tim Ream,4-2-3-1,4/3/2003,Stuart Attwell,Match Report,,9,5,13.3,0,0,0,Fulham,2024
12/6/2023,19:30,Premier League,Matchweek 15,Wed,Home,W,5,0,Nott'ham Forest,2.5,0.3,63,24105,Tom Cairney,4-2-3-1,4-2-3-1,Joshua Smith,Match Report,,14,6,17.3,1,0,0,Fulham,2024
12/10/2023,14:00,Premier League,Matchweek 16,Sun,Home,W,5,0,West Ham,2.3,1.3,63,23988,Tom Cairney,4-2-3-1,4-4-1-1,Paul Tierney,Match Report,,14,8,17.7,0,0,0,Fulham,2024
12/16/2023,15:00,Premier League,Matchweek 17,Sat,Away,L,0,3,Newcastle Utd,0.3,3.5,30,52055,Tom Cairney,4-2-3-1,4/3/2003,Samuel Barrott,Match Report,,6,4,23.1,0,0,0,Fulham,2024
12/23/2023,15:00,Premier League,Matchweek 18,Sat,Home,L,0,2,Burnley,1.3,0.4,66,23598,Tom Cairney,4-2-3-1,4/4/2002,Rebecca Welch,Match Report,,19,5,16.3,1,0,0,Fulham,2024
12/26/2023,15:00,Premier League,Matchweek 19,Tue,Away,L,0,3,Bournemouth,0.3,1.8,57,11099,Tom Cairney,4-2-3-1,4-2-3-1,Tim Robinson,Match Report,,8,3,21.6,1,0,0,Fulham,2024
12/31/2023,14:00,Premier League,Matchweek 20,Sun,Home,W,2,1,Arsenal,1.2,1.6,40,24444,Tom Cairney,4-2-3-1,4/3/2003,Joshua Smith,Match Report,,15,4,18.2,1,0,0,Fulham,2024
1/13/2024,12:30,Premier League,Matchweek 21,Sat,Away,L,0,1,Chelsea,0.8,2.2,45,39643,Tom Cairney,4-2-3-1,4-2-3-1,Anthony Taylor,Match Report,,14,4,22,2,0,0,Fulham,2024
1/30/2024,19:45,Premier League,Matchweek 22,Tue,Home,D,0,0,Everton,1.6,1.9,70,24376,Tom Cairney,4-2-3-1,4-4-1-1,Thomas Bramall,Match Report,,25,5,17.3,0,0,0,Fulham,2024
2/3/2024,15:00,Premier League,Matchweek 23,Sat,Away,D,2,2,Burnley,1.5,1.8,56,20203,Tim Ream,4-2-3-1,4/4/2002,Darren Bond,Match Report,,15,7,13.2,0,0,0,Fulham,2024
2/10/2024,15:00,Premier League,Matchweek 24,Sat,Home,W,3,1,Bournemouth,1.6,1.8,49,24271,Tom Cairney,4-2-3-1,4-2-3-1,Darren England,Match Report,,7,6,11.4,0,0,0,Fulham,2024
2/17/2024,15:00,Premier League,Matchweek 25,Sat,Home,L,1,2,Aston Villa,1.5,1.5,52,24401,Tom Cairney,4-2-3-1,4-2-3-1,Lewis Smith,Match Report,,15,4,14.7,0,0,0,Fulham,2024
2/24/2024,15:00,Premier League,Matchweek 26,Sat,Away,W,2,1,Manchester Utd,1.2,1.7,43,73487,Harrison Reed,4-2-3-1,4-2-3-1,Michael Oliver,Match Report,,17,5,17.1,0,0,0,Fulham,2024
3/2/2024,15:00,Premier League,Matchweek 27,Sat,Home,W,3,0,Brighton,1.3,1.3,30,24460,Harrison Reed,4-2-3-1,3/4/2003,Simon Hooper,Match Report,,12,5,14.6,0,0,0,Fulham,2024
3/9/2024,15:00,Premier League,Matchweek 28,Sat,Away,L,1,2,Wolves,2.6,0.8,52,30860,Harrison Reed,4-2-3-1,4-2-3-1,Tony Harrington,Match Report,,23,6,14.1,0,0,0,Fulham,2024
3/16/2024,17:30,Premier League,Matchweek 29,Sat,Home,W,3,0,Tottenham,2.6,2.4,43,24410,Bernd Leno,4-2-3-1,4-2-3-1,Robert Jones,Match Report,,16,7,12.7,0,0,0,Fulham,2024
3/30/2024,15:00,Premier League,Matchweek 30,Sat,Away,D,3,3,Sheffield Utd,1.3,1.9,73,30010,Bernd Leno,4-2-3-1,3/5/2002,Tim Robinson,Match Report,,24,9,17.6,0,0,0,Fulham,2024
4/2/2024,19:30,Premier League,Matchweek 31,Tue,Away,L,1,3,Nott'ham Forest,1.5,1.5,66,28997,Bernd Leno,4-2-3-1,4-2-3-1,Michael Oliver,Match Report,,18,3,12.3,0,0,0,Fulham,2024
4/6/2024,15:00,Premier League,Matchweek 32,Sat,Home,L,0,1,Newcastle Utd,1.2,1,66,24418,Tom Cairney,4-2-3-1,4/3/2003,Samuel Allison,Match Report,,14,4,17.6,0,0,0,Fulham,2024
4/14/2024,14:00,Premier League,Matchweek 33,Sun,Away,W,2,0,West Ham,3.2,0.9,42,62459,Bernd Leno,4-2-3-1,4-2-3-1,Stuart Attwell,Match Report,,18,10,15.1,0,0,0,Fulham,2024
4/21/2024,16:30,Premier League,Matchweek 34,Sun,Home,L,1,3,Liverpool,0.8,1,40,24414,Bobby De Cordova-Reid,4-2-3-1,4/3/2003,Craig Pawson,Match Report,,12,5,17.1,1,0,0,Fulham,2024
4/27/2024,15:00,Premier League,Matchweek 35,Sat,Home,D,1,1,Crystal Palace,1.1,1,53,24142,Harrison Reed,4-2-3-1,3/4/2003,Stuart Attwell,Match Report,,9,2,14.9,0,0,0,Fulham,2024
5/4/2024,15:00,Premier League,Matchweek 36,Sat,Away,D,0,0,Brentford,1.3,0.6,46,17090,Bernd Leno,4-2-3-1,4/3/2003,Graham Scott,Match Report,,15,3,17.4,0,0,0,Fulham,2024
5/11/2024,12:30,Premier League,Matchweek 37,Sat,Home,L,0,4,Manchester City,0.1,3.2,36,24418,Bobby De Cordova-Reid,4-2-3-1,4-2-3-1,Anthony Taylor,Match Report,,1,1,9.6,0,0,0,Fulham,2024
5/19/2024,16:00,Premier League,Matchweek 38,Sun,Away,W,4,2,Luton Town,1.1,2,59,12027,Tim Ream,4-2-3-1,3/4/2003,Matt Donohue,Match Report,,16,8,21.6,2,0,0,Fulham,2024
8/16/2024,20:00,Premier League,Matchweek 1,Fri,Away,L,0,1,Manchester Utd,0.4,2.4,45,73297,Bernd Leno,4-2-3-1,4-2-3-1,Robert Jones,Match Report,,10,2,16.9,0,0,0,Fulham,2025
8/24/2024,15:00,Premier League,Matchweek 2,Sat,Home,W,2,1,Leicester City,1.8,0.6,54,25401,Bernd Leno,4-2-3-1,4-2-3-1,Darren Bond,Match Report,,18,6,15.8,1,0,0,Fulham,2025
8/31/2024,15:00,Premier League,Matchweek 3,Sat,Away,D,1,1,Ipswich Town,0.9,0.4,52,29517,Bernd Leno,4/3/2003,4-2-3-1,Lewis Smith,Match Report,,9,4,13.1,0,0,0,Fulham,2025
9/14/2024,15:00,Premier League,Matchweek 4,Sat,Home,D,1,1,West Ham,1.5,0.8,54,26528,Bernd Leno,4-2-3-1,4-2-3-1,Tim Robinson,Match Report,,21,5,16.4,2,0,0,Fulham,2025
9/21/2024,15:00,Premier League,Matchweek 5,Sat,Home,W,3,1,Newcastle Utd,2.2,1.5,39,25700,Bernd Leno,4-2-3-1,4/3/2003,Peter Bankes,Match Report,,22,11,15.4,0,0,0,Fulham,2025
9/28/2024,15:00,Premier League,Matchweek 6,Sat,Away,W,1,0,Nott'ham Forest,1.3,0.8,59,30139,Bernd Leno,4-2-3-1,4/4/2002,Joshua Smith,Match Report,,13,1,20.2,0,1,1,Fulham,2025
10/5/2024,15:00,Premier League,Matchweek 7,Sat,Away,L,2,3,Manchester City,2.6,1.6,42,53017,Bernd Leno,5/4/2001,4-1-4-1,Peter Bankes,Match Report,,11,4,14,0,0,0,Fulham,2025
10/19/2024,15:00,Premier League,Matchweek 8,Sat,Home,L,1,3,Aston Villa,1.8,1.6,52,26743,Bernd Leno,4-2-3-1,4-2-3-1,Darren England,Match Report,,9,3,12.3,0,0,1,Fulham,2025
10/26/2024,17:30,Premier League,Matchweek 9,Sat,Away,D,1,1,Everton,1.2,0.8,60,38742,Bernd Leno,4-2-3-1,4-2-3-1,John Brooks,Match Report,,14,3,18.2,0,0,0,Fulham,2025
11/4/2024,20:00,Premier League,Matchweek 10,Mon,Home,W,2,1,Brentford,1.3,0.6,68,24931,Bernd Leno,4-2-3-1,4-2-3-1,Stuart Attwell,Match Report,,26,12,18.3,0,0,0,Fulham,2025
11/9/2024,15:00,Premier League,Matchweek 11,Sat,Away,W,2,0,Crystal Palace,1.8,1.5,64,25142,Bernd Leno,4-2-3-1,3/4/2003,Michael Salisbury,Match Report,,17,7,17,0,0,0,Fulham,2025
11/23/2024,15:00,Premier League,Matchweek 12,Sat,Home,L,1,4,Wolves,1,1.3,59,26685,Bernd Leno,4-2-3-1,3/4/2003,Robert Jones,Match Report,,10,3,17.2,0,0,0,Fulham,2025
12/1/2024,13:30,Premier League,Matchweek 13,Sun,Away,D,1,1,Tottenham,1.5,0.8,49,61141,Antonee Robinson,4-2-3-1,4/3/2003,Darren Bond,Match Report,,14,6,13.4,0,0,0,Fulham,2025
12/5/2024,19:30,Premier League,Matchweek 14,Thu,Home,W,3,1,Brighton,1.1,1.4,43,26368,Antonee Robinson,4-2-3-1,3/4/2003,Peter Bankes,Match Report,,6,2,14.3,0,0,0,Fulham,2025
12/8/2024,14:00,Premier League,Matchweek 15,Sun,Home,D,1,1,Arsenal,0.2,1.8,34,26954,Antonee Robinson,4-2-3-1,4/3/2003,Chris Kavanagh,Match Report,,2,2,14.4,0,0,0,Fulham,2025
12/14/2024,15:00,Premier League,Matchweek 16,Sat,Away,D,2,2,Liverpool,1.2,2.1,39,60333,Antonee Robinson,4-2-3-1,4/3/2003,Tony Harrington,Match Report,,12,3,16.9,1,0,0,Fulham,2025
12/22/2024,14:00,Premier League,Matchweek 17,Sun,Home,D,0,0,Southampton,0.9,0.3,57,26819,Tom Cairney,4-2-3-1,3-4-1-2,Tim Robinson,Match Report,,15,5,20,0,0,0,Fulham,2025
12/26/2024,15:00,Premier League,Matchweek 18,Thu,Away,W,2,1,Chelsea,1.8,1.1,53,39687,Antonee Robinson,4/5/2001,4-2-3-1,Samuel Barrott,Match Report,,14,7,16.2,1,0,0,Fulham,2025
12/29/2024,15:00,Premier League,Matchweek 19,Sun,Home,D,2,2,Bournemouth,1.1,2,52,27301,Antonee Robinson,4/5/2001,4-2-3-1,Robert Jones,Match Report,,11,6,16.1,0,0,0,Fulham,2025
1/5/2025,14:00,Premier League,Matchweek 20,Sun,Home,D,2,2,Ipswich Town,2.2,1.5,73,27042,Tom Cairney,3/4/2003,5/4/2001,Darren Bond,Match Report,,13,2,20.4,0,2,2,Fulham,2025
1/14/2025,19:30,Premier League,Matchweek 21,Tue,Away,L,2,3,West Ham,1.7,1,56,62456,Antonee Robinson,4-2-3-1,4-2-3-1,Craig Pawson,Match Report,,21,4,17.9,1,0,0,Fulham,2025
1/18/2025,15:00,Premier League,Matchweek 22,Sat,Away,W,2,0,Leicester City,2,0.6,60,31500,Antonee Robinson,4-2-3-1,4-2-3-1,Michael Salisbury,Match Report,,17,2,14.1,1,0,0,Fulham,2025
1/26/2025,19:00,Premier League,Matchweek 23,Sun,Home,L,0,1,Manchester Utd,0.7,0.3,51,27288,Antonee Robinson,4-2-3-1,3/4/2003,Anthony Taylor,Match Report,,9,2,14.5,0,0,0,Fulham,2025
2/1/2025,15:00,Premier League,Matchweek 24,Sat,Away,W,2,1,Newcastle Utd,1.6,0.8,51,52173,Antonee Robinson,4-2-3-1,4/3/2003,Chris Kavanagh,Match Report,,15,4,16.2,0,0,0,Fulham,2025
2/15/2025,15:00,Premier League,Matchweek 25,Sat,Home,W,2,1,Nott'ham Forest,2.1,0.4,55,27164,Antonee Robinson,4-2-3-1,3/5/2002,Thomas Bramall,Match Report,,24,10,13.9,0,0,0,Fulham,2025
2/22/2025,15:00,Premier League,Matchweek 26,Sat,Home,L,0,2,Crystal Palace,0.2,1.3,62,26777,Antonee Robinson,4-2-3-1,3/4/2003,Robert Jones,Match Report,,10,0,22.3,0,0,0,Fulham,2025
2/25/2025,19:30,Premier League,Matchweek 27,Tue,Away,W,2,1,Wolves,1.7,1.3,40,28708,Bernd Leno,3/4/2003,3/4/2003,Peter Bankes,Match Report,,11,5,13.1,0,0,0,Fulham,2025
3/8/2025,15:00,Premier League,Matchweek 28,Sat,Away,L,1,2,Brighton,0.9,1.5,47,31584,Antonee Robinson,3/4/2003,4-2-3-1,Samuel Barrott,Match Report,,6,1,12.5,0,0,0,Fulham,2025
3/16/2025,13:30,Premier League,Matchweek 29,Sun,Home,W,2,0,Tottenham,1,0.9,57,27182,Antonee Robinson,4-2-3-1,4/3/2003,Andy Madley,Match Report,,13,4,17.7,0,0,0,Fulham,2025
4/1/2025,19:45,Premier League,Matchweek 30,Tue,Away,L,1,2,Arsenal,1,2.2,49,60256,Antonee Robinson,3/4/2003,4/3/2003,John Brooks,Match Report,,9,3,14.9,0,0,0,Fulham,2025
4/6/2025,14:00,Premier League,Matchweek 31,Sun,Home,W,3,2,Liverpool,0.7,1.5,37,27770,Antonee Robinson,4-2-3-1,4-2-3-1,Chris Kavanagh,Match Report,,12,6,17,0,0,0,Fulham,2025
4/14/2025,20:00,Premier League,Matchweek 32,Mon,Away,L,0,1,Bournemouth,1,1.4,59,11195,Antonee Robinson,4-2-3-1,4-2-3-1,Michael Oliver,Match Report,,12,7,17.8,0,0,0,Fulham,2025
4/20/2025,14:00,Premier League,Matchweek 33,Sun,Home,L,1,2,Chelsea,0.3,0.9,41,27712,Antonee Robinson,4-2-3-1,4-2-3-1,Anthony Taylor,Match Report,,6,1,19.7,1,0,0,Fulham,2025
4/26/2025,15:00,Premier League,Matchweek 34,Sat,Away,W,2,1,Southampton,2.4,0.6,65,28946,Bernd Leno,4/3/2003,3/4/2003,Tony Harrington,Match Report,,26,5,14.3,0,0,0,Fulham,2025
5/3/2025,12:30,Premier League,Matchweek 35,Sat,Away,L,0,1,Aston Villa,0.9,1,48,42515,Bernd Leno,4-2-3-1,4-2-3-1,Robert Jones,Match Report,,11,3,14.9,0,0,0,Fulham,2025
5/10/2025,15:00,Premier League,Matchweek 36,Sat,Home,L,1,3,Everton,0.8,1.1,64,27653,Bernd Leno,4-2-3-1,4-2-3-1,Darren England,Match Report,,18,6,18.2,0,0,0,Fulham,2025
5/18/2025,15:00,Premier League,Matchweek 37,Sun,Away,W,3,2,Brentford,1,2.5,49,17136,Bernd Leno,4-2-3-1,4-2-3-1,Jarred Gillett,Match Report,,16,7,17.7,2,0,0,Fulham,2025
5/25/2025,16:00,Premier League,Matchweek 38,Sun,Home,L,0,2,Manchester City,1.3,3,47,27671,Tom Cairney,4-2-3-1,4-2-3-1,Andy Madley,Match Report,,13,3,14.7,0,0,0,Fulham,2025
8/17/2024,12:30,Premier League,Matchweek 1,Sat,Home,L,0,2,Liverpool,0.5,2.6,38,30014,Sam Morsy,4-2-3-1,4-2-3-1,Tim Robinson,Match Report,,7,2,16,0,0,0,Ipswich Town,2025
8/24/2024,15:00,Premier League,Matchweek 2,Sat,Away,L,1,4,Manchester City,0.3,3.3,25,53147,Sam Morsy,5/4/2001,3-2-4-1,Samuel Allison,Match Report,,1,1,21.1,0,0,0,Ipswich Town,2025
8/31/2024,15:00,Premier League,Matchweek 3,Sat,Home,D,1,1,Fulham,0.4,0.9,48,29517,Sam Morsy,4-2-3-1,4/3/2003,Lewis Smith,Match Report,,11,4,18,1,0,0,Ipswich Town,2025
9/14/2024,15:00,Premier League,Matchweek 4,Sat,Away,D,0,0,Brighton,0.3,1.6,32,41573,Sam Morsy,4-2-3-1,4/4/2002,Samuel Barrott,Match Report,,6,1,16.6,0,0,0,Ipswich Town,2025
9/21/2024,15:00,Premier League,Matchweek 5,Sat,Away,D,1,1,Southampton,1.6,2.4,47,31117,Sam Morsy,4-2-3-1,4-2-3-1,Samuel Allison,Match Report,,13,6,14.1,0,0,0,Ipswich Town,2025
9/29/2024,14:00,Premier League,Matchweek 6,Sun,Home,D,2,2,Aston Villa,1.2,0.8,44,29943,Sam Morsy,4-2-3-1,4-2-3-1,Stuart Attwell,Match Report,,15,5,18.4,0,0,0,Ipswich Town,2025
10/5/2024,15:00,Premier League,Matchweek 7,Sat,Away,L,1,4,West Ham,0.6,3.6,48,62467,Sam Morsy,4-2-3-1,4-1-4-1,Anthony Taylor,Match Report,,9,2,17.2,0,0,0,Ipswich Town,2025
10/19/2024,15:00,Premier League,Matchweek 8,Sat,Home,L,0,2,Everton,1.3,1.7,55,29862,Sam Morsy,4-2-3-1,4-2-3-1,Michael Oliver,Match Report,,13,2,16.6,2,0,0,Ipswich Town,2025
10/26/2024,15:00,Premier League,Matchweek 9,Sat,Away,L,3,4,Brentford,1.3,4,35,17109,Conor Chaplin,4-2-3-1,4-2-3-1,Lewis Smith,Match Report,,11,5,17.4,0,0,0,Ipswich Town,2025
11/2/2024,15:00,Premier League,Matchweek 10,Sat,Home,D,1,1,Leicester City,1,1.5,43,29874,Sam Morsy,4-2-3-1,4-2-3-1,Tim Robinson,Match Report,,14,2,16.9,1,0,0,Ipswich Town,2025
11/10/2024,14:00,Premier League,Matchweek 11,Sun,Away,W,2,1,Tottenham,1.6,1.5,34,61505,Sam Morsy,4-2-3-1,4/3/2003,Darren England,Match Report,,8,3,11.4,0,0,0,Ipswich Town,2025
11/24/2024,16:30,Premier League,Matchweek 12,Sun,Home,D,1,1,Manchester Utd,1.6,0.8,40,30017,Sam Morsy,4-2-3-1,3/4/2003,Anthony Taylor,Match Report,,11,6,19.5,1,0,0,Ipswich Town,2025
11/30/2024,15:00,Premier League,Matchweek 13,Sat,Away,L,0,1,Nott'ham Forest,0.6,1.6,55,30237,Sam Morsy,4-2-3-1,4-2-3-1,Tony Harrington,Match Report,,7,2,14.9,0,0,0,Ipswich Town,2025
12/3/2024,19:30,Premier League,Matchweek 14,Tue,Home,L,0,1,Crystal Palace,0.5,1.6,54,29533,Sam Morsy,4-2-3-1,3/4/2003,Craig Pawson,Match Report,,9,2,17.6,0,0,0,Ipswich Town,2025
12/8/2024,14:00,Premier League,Matchweek 15,Sun,Home,L,1,2,Bournemouth,1.3,3.2,44,29180,Sam Morsy,4-2-3-1,4-2-3-1,Michael Salisbury,Match Report,,18,5,18.4,0,0,0,Ipswich Town,2025
12/14/2024,15:00,Premier League,Matchweek 16,Sat,Away,W,2,1,Wolves,1.1,1.3,46,30866,Sam Morsy,4-2-3-1,3/4/2003,Simon Hooper,Match Report,,10,3,15.7,0,0,0,Ipswich Town,2025
12/21/2024,15:00,Premier League,Matchweek 17,Sat,Home,L,0,4,Newcastle Utd,0.7,2.3,42,29774,Sam Morsy,4-2-3-1,4/3/2003,Stuart Attwell,Match Report,,10,2,17.8,0,0,0,Ipswich Town,2025
12/27/2024,20:15,Premier League,Matchweek 18,Fri,Away,L,0,1,Arsenal,0.2,1.8,32,60271,Dara O'Shea,5/4/2001,4/3/2003,Darren England,Match Report,,3,0,28.2,0,0,0,Ipswich Town,2025
12/30/2024,19:45,Premier League,Matchweek 19,Mon,Home,W,2,0,Chelsea,1.6,2,24,29968,Sam Morsy,5/4/2001,4-2-3-1,John Brooks,Match Report,,8,5,16.1,0,1,1,Ipswich Town,2025
1/5/2025,14:00,Premier League,Matchweek 20,Sun,Away,D,2,2,Fulham,1.5,2.2,27,27042,Sam Morsy,5/4/2001,3/4/2003,Darren Bond,Match Report,,6,2,18,0,1,1,Ipswich Town,2025
1/16/2025,19:30,Premier League,Matchweek 21,Thu,Home,L,0,2,Brighton,0.3,1,47,29403,Dara O'Shea,4-2-3-1,4-1-4-1,Tony Harrington,Match Report,,5,3,21.3,0,0,0,Ipswich Town,2025
1/19/2025,16:30,Premier League,Matchweek 22,Sun,Home,L,0,6,Manchester City,0.5,3,33,29841,Sam Morsy,5/4/2001,4-2-3-1,Samuel Barrott,Match Report,,8,4,16.7,0,0,0,Ipswich Town,2025
1/25/2025,15:00,Premier League,Matchweek 23,Sat,Away,L,1,4,Liverpool,0.5,2,30,60420,Sam Morsy,4-2-3-1,4-2-3-1,Michael Salisbury,Match Report,,3,3,13.8,0,0,0,Ipswich Town,2025
2/1/2025,15:00,Premier League,Matchweek 24,Sat,Home,L,1,2,Southampton,1.8,0.9,57,29902,Sam Morsy,4-2-3-1,3/4/2003,Michael Oliver,Match Report,,15,6,19.8,2,0,0,Ipswich Town,2025
2/15/2025,15:00,Premier League,Matchweek 25,Sat,Away,D,1,1,Aston Villa,0.4,2.4,25,42510,Dara O'Shea,4-2-3-1,4-2-3-1,Robert Jones,Match Report,,4,3,19.6,1,0,0,Ipswich Town,2025
2/22/2025,15:00,Premier League,Matchweek 26,Sat,Home,L,1,4,Tottenham,1.1,1.7,42,30003,Dara O'Shea,4-2-3-1,4/3/2003,Tim Robinson,Match Report,,17,5,17.8,1,0,0,Ipswich Town,2025
2/26/2025,19:30,Premier League,Matchweek 27,Wed,Away,L,2,3,Manchester Utd,1.4,0.7,55,73827,Sam Morsy,3/4/2003,3/4/2003,Darren England,Match Report,,12,3,18.9,0,0,0,Ipswich Town,2025
3/8/2025,15:00,Premier League,Matchweek 28,Sat,Away,L,0,1,Crystal Palace,1.5,3.2,45,25155,Dara O'Shea,4-2-3-1,3/4/2003,Simon Hooper,Match Report,,15,7,15.8,0,0,0,Ipswich Town,2025
3/15/2025,15:00,Premier League,Matchweek 29,Sat,Home,L,2,4,Nott'ham Forest,0.4,1.5,55,29878,Dara O'Shea,4-2-3-1,4-2-3-1,Michael Salisbury,Match Report,,11,3,21.6,1,0,0,Ipswich Town,2025
4/2/2025,19:45,Premier League,Matchweek 30,Wed,Away,W,2,1,Bournemouth,1.2,1.8,37,11192,Sam Morsy,4-2-3-1,4-2-3-1,Robert Jones,Match Report,,10,2,16.8,0,0,0,Ipswich Town,2025
4/5/2025,15:00,Premier League,Matchweek 31,Sat,Home,L,1,2,Wolves,0.8,2.6,45,29549,Sam Morsy,4-2-3-1,3/4/2003,Peter Bankes,Match Report,,6,2,15.2,0,0,0,Ipswich Town,2025
4/13/2025,14:00,Premier League,Matchweek 32,Sun,Away,D,2,2,Chelsea,1.1,2.2,27,39805,Sam Morsy,4-2-3-1,4-2-3-1,Stuart Attwell,Match Report,,13,4,21,0,0,0,Ipswich Town,2025
4/20/2025,14:00,Premier League,Matchweek 33,Sun,Home,L,0,4,Arsenal,0.2,2.4,25,29549,Sam Morsy,4-4-1-1,4/3/2003,Chris Kavanagh,Match Report,,4,0,19.7,0,0,0,Ipswich Town,2025
4/26/2025,15:00,Premier League,Matchweek 34,Sat,Away,L,0,3,Newcastle Utd,0.1,2.4,23,52171,Sam Morsy,4-4-1-1,4/3/2003,Michael Salisbury,Match Report,,4,0,19.3,0,0,0,Ipswich Town,2025
5/3/2025,15:00,Premier League,Matchweek 35,Sat,Away,D,2,2,Everton,0.8,0.6,42,39305,Sam Morsy,4-2-3-1,4-2-3-1,Lewis Smith,Match Report,,12,5,19.8,0,0,0,Ipswich Town,2025
5/10/2025,15:00,Premier League,Matchweek 36,Sat,Home,L,0,1,Brentford,0.9,1.4,49,29511,Sam Morsy,4-2-3-1,4-2-3-1,Samuel Barrott,Match Report,,11,4,21.4,0,0,0,Ipswich Town,2025
5/18/2025,15:00,Premier League,Matchweek 37,Sun,Away,L,0,2,Leicester City,1.4,0.8,50,31986,Sam Morsy,4-2-3-1,4-2-3-1,Andrew Kitchen,Match Report,,20,2,15.6,0,0,0,Ipswich Town,2025
5/25/2025,16:00,Premier League,Matchweek 38,Sun,Home,L,1,3,West Ham,0.7,1.1,42,29771,Sam Morsy,4-2-3-1,3-1-4-2,Tim Robinson,Match Report,,14,4,17.7,0,0,0,Ipswich Town,2025
9/12/2020,17:30,Premier League,Matchweek 1,Sat,Away,L,3,4,Liverpool,0.3,2.7,51,,Luke Ayling,4-1-4-1,4/3/2003,Michael Oliver,Match Report,,6,3,19.9,1,0,0,Leeds United,2021
9/19/2020,15:00,Premier League,Matchweek 2,Sat,Home,W,4,3,Fulham,1.4,1.7,51,,Liam Cooper,4-1-4-1,4-2-3-1,Anthony Taylor,Match Report,,9,6,16.9,1,1,1,Leeds United,2021
9/27/2020,12:00,Premier League,Matchweek 3,Sun,Away,W,1,0,Sheffield Utd,1.2,1.4,64,,Liam Cooper,3-1-4-2,3/5/2002,Paul Tierney,Match Report,,17,8,19,0,0,0,Leeds United,2021
10/3/2020,17:30,Premier League,Matchweek 4,Sat,Home,D,1,1,Manchester City,2.4,1.2,51,,Liam Cooper,4-1-4-1,4/3/2003,Mike Dean,Match Report,,12,7,11.5,0,0,0,Leeds United,2021
10/19/2020,20:00,Premier League,Matchweek 5,Mon,Home,L,0,1,Wolves,1,0.4,66,,Luke Ayling,4-1-4-1,3/5/2002,David Coote,Match Report,,13,2,12.8,0,0,0,Leeds United,2021
10/23/2020,20:00,Premier League,Matchweek 6,Fri,Away,W,3,0,Aston Villa,2.7,1.4,59,,Luke Ayling,4-4-1-1,4-2-3-1,Paul Tierney,Match Report,,27,9,16.9,1,0,0,Leeds United,2021
11/2/2020,20:00,Premier League,Matchweek 7,Mon,Home,L,1,4,Leicester City,2.1,2.9,67,,Liam Cooper,4-1-4-1,3/4/2003,Andre Marriner,Match Report,,11,4,18,0,0,0,Leeds United,2021
11/7/2020,15:00,Premier League,Matchweek 8,Sat,Away,L,1,4,Crystal Palace,0.8,0.9,64,,Liam Cooper,3-3-3-1,4/4/2002,Chris Kavanagh,Match Report,,9,3,18.9,1,0,0,Leeds United,2021
11/22/2020,16:30,Premier League,Matchweek 9,Sun,Home,D,0,0,Arsenal,1.8,0.9,66,,Liam Cooper,4-1-4-1,4-2-3-1,Anthony Taylor,Match Report,,25,4,18,0,0,0,Leeds United,2021
11/28/2020,17:30,Premier League,Matchweek 10,Sat,Away,W,1,0,Everton,2.9,1.2,59,,Liam Cooper,4-4-1-1,3/4/2003,Chris Kavanagh,Match Report,,23,6,16.5,0,0,0,Leeds United,2021
12/5/2020,20:00,Premier League,Matchweek 11,Sat,Away,L,1,3,Chelsea,0.8,4.1,54,2000,Liam Cooper,4-4-1-1,4/3/2003,Kevin Friend,Match Report,,8,3,16.8,0,0,0,Leeds United,2021
12/11/2020,20:00,Premier League,Matchweek 12,Fri,Home,L,1,2,West Ham,1.6,1.3,63,,Liam Cooper,4-1-4-1,4-2-3-1,Michael Oliver,Match Report,,12,6,17.7,0,1,1,Leeds United,2021
12/16/2020,18:00,Premier League,Matchweek 13,Wed,Home,W,5,2,Newcastle Utd,2.7,1.5,68,,Liam Cooper,4-1-4-1,4/4/2002,Simon Hooper,Match Report,,25,10,16.7,0,0,0,Leeds United,2021
12/20/2020,16:30,Premier League,Matchweek 14,Sun,Away,L,2,6,Manchester Utd,1.8,3.6,59,,Liam Cooper,4-1-4-1,4-2-3-1,Anthony Taylor,Match Report,,17,4,13.9,0,0,0,Leeds United,2021
12/27/2020,12:00,Premier League,Matchweek 15,Sun,Home,W,1,0,Burnley,1.9,1.5,51,,Luke Ayling,3-3-3-1,4/4/2002,Robert Jones,Match Report,,10,3,21.1,0,1,1,Leeds United,2021
12/29/2020,18:00,Premier League,Matchweek 16,Tue,Away,W,5,0,West Brom,1.2,0.5,75,,Luke Ayling,4-1-4-1,4-1-4-1,Lee Mason,Match Report,,14,6,18.6,0,0,0,Leeds United,2021
1/2/2021,12:30,Premier League,Matchweek 17,Sat,Away,L,0,3,Tottenham,1.1,2.6,63,,Luke Ayling,4-1-4-1,4-2-3-1,David Coote,Match Report,,18,5,18.5,0,0,0,Leeds United,2021
1/16/2021,15:00,Premier League,Matchweek 19,Sat,Home,L,0,1,Brighton,0.3,1.4,66,,Liam Cooper,4-1-4-1,3/4/2003,Kevin Friend,Match Report,,7,2,18.4,0,0,0,Leeds United,2021
1/26/2021,18:00,Premier League,Matchweek 20,Tue,Away,W,2,1,Newcastle Utd,0.7,1.4,58,,Liam Cooper,4-1-4-1,4-4-1-1,Anthony Taylor,Match Report,,9,2,13.6,0,0,0,Leeds United,2021
1/31/2021,14:00,Premier League,Matchweek 21,Sun,Away,W,3,1,Leicester City,2.1,1.8,49,,Liam Cooper,4-1-4-1,4-2-3-1,Chris Kavanagh,Match Report,,8,6,13.3,0,0,0,Leeds United,2021
2/3/2021,19:30,Premier League,Matchweek 22,Wed,Home,L,1,2,Everton,1.3,1.6,63,,Liam Cooper,4-1-4-1,4-2-3-1,Michael Oliver,Match Report,,16,7,14.8,0,0,0,Leeds United,2021
2/8/2021,20:00,Premier League,Matchweek 23,Mon,Home,W,2,0,Crystal Palace,1.9,0.4,67,,Liam Cooper,4-1-4-1,4/4/2002,Andre Marriner,Match Report,,17,7,14.3,1,0,0,Leeds United,2021
2/14/2021,16:30,Premier League,Matchweek 24,Sun,Away,L,2,4,Arsenal,0.9,2.3,54,,Liam Cooper,4-1-4-1,4-2-3-1,Stuart Attwell,Match Report,,9,5,17.6,0,0,0,Leeds United,2021
2/19/2021,20:00,Premier League,Matchweek 25,Fri,Away,L,0,1,Wolves,1.7,0.6,58,,Liam Cooper,4-4-1-1,3/4/2003,David Coote,Match Report,,18,7,13.2,0,0,0,Leeds United,2021
2/23/2021,18:00,Premier League,Matchweek 18,Tue,Home,W,3,0,Southampton,1.3,0.9,46,,Liam Cooper,3-3-3-1,4/4/2002,Andre Marriner,Match Report,,11,7,16.2,1,0,0,Leeds United,2021
2/27/2021,17:30,Premier League,Matchweek 26,Sat,Home,L,0,1,Aston Villa,0.9,0.7,69,,Liam Cooper,4-1-4-1,4/3/2003,Peter Bankes,Match Report,,13,3,18.9,0,0,0,Leeds United,2021
3/8/2021,20:00,Premier League,Matchweek 27,Mon,Away,L,0,2,West Ham,1.4,1.8,65,,Liam Cooper,4-1-4-1,4-2-3-1,Mike Dean,Match Report,,17,2,18.4,0,0,0,Leeds United,2021
3/13/2021,12:30,Premier League,Matchweek 28,Sat,Home,D,0,0,Chelsea,0.4,1,38,,Luke Ayling,4-1-4-1,4-2-3-1,Kevin Friend,Match Report,,7,4,16,0,0,0,Leeds United,2021
3/19/2021,20:00,Premier League,Matchweek 29,Fri,Away,W,2,1,Fulham,1.3,1.6,49,,Luke Ayling,4-1-4-1,4-2-3-1,David Coote,Match Report,,13,4,17.5,1,0,0,Leeds United,2021
4/3/2021,15:00,Premier League,Matchweek 30,Sat,Home,W,2,1,Sheffield Utd,2.4,1.1,54,,Liam Cooper,4-1-4-1,3/5/2002,Graham Scott,Match Report,,23,8,18.3,1,0,0,Leeds United,2021
4/10/2021,12:30,Premier League,Matchweek 31,Sat,Away,W,2,1,Manchester City,0.1,2.1,29,,Liam Cooper,4-1-4-1,4/3/2003,Andre Marriner,Match Report,,2,2,20.5,0,0,0,Leeds United,2021
4/19/2021,20:00,Premier League,Matchweek 32,Mon,Home,D,1,1,Liverpool,2.3,1.4,61,,Luke Ayling,4-1-4-1,4/3/2003,Anthony Taylor,Match Report,,12,5,12,0,0,0,Leeds United,2021
4/25/2021,14:00,Premier League,Matchweek 33,Sun,Home,D,0,0,Manchester Utd,0.3,1.2,44,,Luke Ayling,4-1-4-1,4-2-3-1,Craig Pawson,Match Report,,6,3,21.9,0,0,0,Leeds United,2021
5/1/2021,15:00,Premier League,Matchweek 34,Sat,Away,L,0,2,Brighton,0.6,2.3,58,,Luke Ayling,4-1-4-1,3-4-1-2,Chris Kavanagh,Match Report,,11,2,21.6,0,0,0,Leeds United,2021
5/8/2021,12:30,Premier League,Matchweek 35,Sat,Home,W,3,1,Tottenham,2.5,0.9,53,,Luke Ayling,4-1-4-1,4-2-3-1,Michael Oliver,Match Report,,16,7,15,0,0,0,Leeds United,2021
5/15/2021,12:30,Premier League,Matchweek 36,Sat,Away,W,4,0,Burnley,1.5,1.3,52,,Luke Ayling,3-3-3-1,4/4/2002,Graham Scott,Match Report,,16,6,16.8,0,0,0,Leeds United,2021
5/18/2021,18:00,Premier League,Matchweek 37,Tue,Away,W,2,0,Southampton,1.7,1.6,49,8000,Liam Cooper,3-3-3-1,4/4/2002,Peter Bankes,Match Report,,15,7,18.8,0,0,0,Leeds United,2021
5/23/2021,16:00,Premier League,Matchweek 38,Sun,Home,W,3,1,West Brom,2.3,1,64,8000,Liam Cooper,3/4/2003,5/3/2002,David Coote,Match Report,,16,8,18.9,1,1,1,Leeds United,2021
8/14/2021,12:30,Premier League,Matchweek 1,Sat,Away,L,1,5,Manchester Utd,0.5,1.5,51,72732,Liam Cooper,4-1-4-1,4-2-3-1,Paul Tierney,Match Report,,10,3,21.3,0,0,0,Leeds United,2022
8/21/2021,15:00,Premier League,Matchweek 2,Sat,Home,D,2,2,Everton,1.2,1.8,69,36293,Liam Cooper,3-3-3-1,4-4-1-1,Darren England,Match Report,,17,4,20.9,0,0,0,Leeds United,2022
8/29/2021,14:00,Premier League,Matchweek 3,Sun,Away,D,1,1,Burnley,1.2,1,64,20000,Liam Cooper,3-3-3-1,4/4/2002,Michael Oliver,Match Report,,12,2,16.1,0,0,0,Leeds United,2022
9/12/2021,16:30,Premier League,Matchweek 4,Sun,Home,L,0,3,Liverpool,1.2,4.3,44,36507,Liam Cooper,4-1-4-1,4/3/2003,Craig Pawson,Match Report,,9,4,15.2,0,0,0,Leeds United,2022
9/17/2021,20:00,Premier League,Matchweek 5,Fri,Away,D,1,1,Newcastle Utd,1.5,1.3,65,50407,Liam Cooper,4-1-4-1,5/4/2001,Mike Dean,Match Report,,22,9,20.4,0,0,0,Leeds United,2022
9/25/2021,15:00,Premier League,Matchweek 6,Sat,Home,L,1,2,West Ham,1.2,1.6,53,36417,Liam Cooper,4-1-4-1,4-2-3-1,Kevin Friend,Match Report,,15,5,19.5,0,0,0,Leeds United,2022
10/2/2021,15:00,Premier League,Matchweek 7,Sat,Home,W,1,0,Watford,1.3,0.2,66,36261,Liam Cooper,4-1-4-1,4-2-3-1,Simon Hooper,Match Report,,20,3,18.8,1,0,0,Leeds United,2022
10/16/2021,15:00,Premier League,Matchweek 8,Sat,Away,L,0,1,Southampton,0.2,1.9,54,30506,Liam Cooper,3-3-3-1,4/4/2002,David Coote,Match Report,,3,0,21.7,0,0,0,Leeds United,2022
10/23/2021,15:00,Premier League,Matchweek 9,Sat,Home,D,1,1,Wolves,1.6,0.9,62,36475,Liam Cooper,4-4-1-1,3/4/2003,Robert Jones,Match Report,,17,3,19.2,0,1,1,Leeds United,2022
10/31/2021,14:00,Premier League,Matchweek 10,Sun,Away,W,2,1,Norwich City,0.7,0.8,52,26913,Liam Cooper,3-3-3-1,4/4/2002,Anthony Taylor,Match Report,,13,5,20.9,0,0,0,Leeds United,2022
11/7/2021,14:00,Premier League,Matchweek 11,Sun,Home,D,1,1,Leicester City,1.3,0.7,56,36478,Liam Cooper,4-2-3-1,4/3/2003,Darren England,Match Report,,18,5,17.7,1,0,0,Leeds United,2022
11/21/2021,16:30,Premier League,Matchweek 12,Sun,Away,L,1,2,Tottenham,1.4,2.1,57,58989,Liam Cooper,3-3-3-1,3/4/2003,Andre Marriner,Match Report,,18,7,21.4,1,0,0,Leeds United,2022
11/27/2021,17:30,Premier League,Matchweek 13,Sat,Away,D,0,0,Brighton,0.6,2.1,43,31166,Liam Cooper,4-2-3-1,4-2-3-1,Craig Pawson,Match Report,,11,4,17.4,1,0,0,Leeds United,2022
11/30/2021,20:15,Premier League,Matchweek 14,Tue,Home,W,1,0,Crystal Palace,1.4,1.1,61,35558,Liam Cooper,4-1-4-1,4/3/2003,Kevin Friend,Match Report,,14,2,20.1,0,1,1,Leeds United,2022
12/5/2021,14:00,Premier League,Matchweek 15,Sun,Home,D,2,2,Brentford,1.2,1,63,35639,Liam Cooper,3/4/2003,3/5/2002,David Coote,Match Report,,13,6,17.3,0,0,0,Leeds United,2022
12/11/2021,15:00,Premier League,Matchweek 16,Sat,Away,L,2,3,Chelsea,1.4,2.5,43,39959,Luke Ayling,4-3-1-2,3/4/2003,Chris Kavanagh,Match Report,,11,4,19.4,2,1,1,Leeds United,2022
12/14/2021,20:00,Premier League,Matchweek 17,Tue,Away,L,0,7,Manchester City,0.3,3.1,37,52401,Luke Ayling,4-2-3-1,4-2-3-1,Paul Tierney,Match Report,,6,3,25.3,1,0,0,Leeds United,2022
12/18/2021,17:30,Premier League,Matchweek 18,Sat,Home,L,1,4,Arsenal,1.6,3.5,51,36166,Luke Ayling,4-2-3-1,4-2-3-1,Andre Marriner,Match Report,,8,1,24.8,0,1,1,Leeds United,2022
1/2/2022,14:00,Premier League,Matchweek 21,Sun,Home,W,3,1,Burnley,1.9,1,55,36083,Luke Ayling,3/4/2003,4/4/2002,Paul Tierney,Match Report,,22,7,18.9,0,0,0,Leeds United,2022
1/16/2022,14:00,Premier League,Matchweek 22,Sun,Away,W,3,2,West Ham,2.2,2.4,52,59951,Luke Ayling,4-1-4-1,4-2-3-1,Mike Dean,Match Report,,18,5,16.8,2,0,0,Leeds United,2022
1/22/2022,15:00,Premier League,Matchweek 23,Sat,Home,L,0,1,Newcastle Utd,0.7,0.9,62,36405,Luke Ayling,4-2-3-1,4/3/2003,Chris Kavanagh,Match Report,,13,4,16.1,0,0,0,Leeds United,2022
2/9/2022,20:00,Premier League,Matchweek 24,Wed,Away,D,3,3,Aston Villa,1.8,1.6,60,41927,Luke Ayling,4-2-3-1,4/3/2003,Jarred Gillett,Match Report,,16,7,13.9,0,0,0,Leeds United,2022
2/12/2022,15:00,Premier League,Matchweek 25,Sat,Away,L,0,3,Everton,0.3,2.7,58,39150,Luke Ayling,3-3-3-1,4/4/2002,Graham Scott,Match Report,,7,0,24.1,0,0,0,Leeds United,2022
2/20/2022,14:00,Premier League,Matchweek 26,Sun,Home,L,2,4,Manchester Utd,1.8,2.2,54,36715,Luke Ayling,4-2-3-1,4-2-3-1,Paul Tierney,Match Report,,16,6,19.3,0,0,0,Leeds United,2022
2/23/2022,19:45,Premier League,Matchweek 19,Wed,Away,L,0,6,Liverpool,0.2,5.9,37,53018,Luke Ayling,4-1-4-1,4/3/2003,Michael Oliver,Match Report,,3,2,21.1,0,0,0,Leeds United,2022
2/26/2022,12:30,Premier League,Matchweek 27,Sat,Home,L,0,4,Tottenham,1.5,1.9,50,36599,Luke Ayling,4-1-4-1,3/4/2003,Craig Pawson,Match Report,,19,2,18,1,0,0,Leeds United,2022
3/5/2022,12:30,Premier League,Matchweek 28,Sat,Away,L,0,1,Leicester City,1.7,0.4,49,32236,Luke Ayling,4-2-3-1,4/3/2003,David Coote,Match Report,,19,4,13.3,0,0,0,Leeds United,2022
3/10/2022,19:45,Premier League,Matchweek 20,Thu,Home,L,0,3,Aston Villa,0.2,1.5,51,36400,Luke Ayling,4-2-3-1,4-3-1-2,Simon Hooper,Match Report,,4,1,22.5,0,0,0,Leeds United,2022
3/13/2022,14:00,Premier League,Matchweek 29,Sun,Home,W,2,1,Norwich City,2.5,1.5,52,36321,Luke Ayling,4-2-3-1,4/3/2003,Stuart Attwell,Match Report,,13,7,14.4,1,0,0,Leeds United,2022
3/18/2022,20:00,Premier League,Matchweek 30,Fri,Away,W,3,2,Wolves,2,1.2,52,31842,Luke Ayling,4-2-3-1,3/4/2003,Kevin Friend,Match Report,,15,5,13.8,1,0,0,Leeds United,2022
4/2/2022,15:00,Premier League,Matchweek 31,Sat,Home,D,1,1,Southampton,1.2,1.4,56,36580,Liam Cooper,4-2-3-1,4-3-1-2,Anthony Taylor,Match Report,,12,3,17.8,0,0,0,Leeds United,2022
4/9/2022,15:00,Premier League,Matchweek 32,Sat,Away,W,3,0,Watford,0.7,1.1,51,20957,Liam Cooper,4-2-3-1,4/3/2003,Andre Marriner,Match Report,,10,5,17.9,0,0,0,Leeds United,2022
4/25/2022,20:00,Premier League,Matchweek 34,Mon,Away,D,0,0,Crystal Palace,0.5,1.9,47,25357,Liam Cooper,4-2-3-1,4/3/2003,Darren England,Match Report,,9,2,17.4,0,0,0,Leeds United,2022
4/30/2022,17:30,Premier League,Matchweek 35,Sat,Home,L,0,4,Manchester City,1.3,2.4,42,35771,Luke Ayling,5/4/2001,4-2-3-1,Paul Tierney,Match Report,,7,1,12.2,0,0,0,Leeds United,2022
5/8/2022,14:00,Premier League,Matchweek 36,Sun,Away,L,1,2,Arsenal,0.3,2,36,60108,Luke Ayling,4-2-3-1,4-2-3-1,Chris Kavanagh,Match Report,,3,2,11,0,0,0,Leeds United,2022
5/11/2022,19:30,Premier League,Matchweek 33,Wed,Home,L,0,3,Chelsea,0.4,1.3,33,36549,Liam Cooper,5/4/2001,3/4/2003,Anthony Taylor,Match Report,,5,0,19.3,0,0,0,Leeds United,2022
5/15/2022,14:00,Premier League,Matchweek 37,Sun,Home,D,1,1,Brighton,1.6,2.2,50,36638,Liam Cooper,4-2-3-1,3/4/2003,Mike Dean,Match Report,,19,4,15.1,1,0,0,Leeds United,2022
5/22/2022,16:00,Premier League,Matchweek 38,Sun,Away,W,2,1,Brentford,1.3,0.8,51,16957,Liam Cooper,4-4-1-1,4/3/2003,Paul Tierney,Match Report,,13,5,24.7,0,1,1,Leeds United,2022
8/6/2022,15:00,Premier League,Matchweek 1,Sat,Home,W,2,1,Wolves,0.8,1.3,40,36347,Patrick Bamford,4-2-3-1,4-2-3-1,Robert Jones,Match Report,,12,4,18.6,1,0,0,Leeds United,2023
8/13/2022,15:00,Premier League,Matchweek 2,Sat,Away,D,2,2,Southampton,1.8,1.2,57,30815,Patrick Bamford,4-2-3-1,3/4/2003,Tony Harrington,Match Report,,13,5,12,0,0,0,Leeds United,2023
8/21/2022,14:00,Premier League,Matchweek 3,Sun,Home,W,3,0,Chelsea,2.1,0.9,39,36372,Rodrigo,4-2-3-1,3/5/2002,Stuart Attwell,Match Report,,12,6,16.3,0,0,0,Leeds United,2023
8/27/2022,15:00,Premier League,Matchweek 4,Sat,Away,L,0,1,Brighton,1.8,2,56,30953,Rodrigo,4-2-3-1,4/4/2002,Michael Salisbury,Match Report,,10,2,18,1,0,0,Leeds United,2023
8/30/2022,20:00,Premier League,Matchweek 5,Tue,Home,D,1,1,Everton,1,1,69,36338,Rodrigo,4-2-3-1,4/3/2003,Darren England,Match Report,,14,5,16.9,0,0,0,Leeds United,2023
9/3/2022,15:00,Premier League,Matchweek 6,Sat,Away,L,2,5,Brentford,1.7,2.3,68,17092,Robin Koch,4-2-3-1,4/3/2003,Robert Jones,Match Report,,17,6,21.9,1,0,0,Leeds United,2023
10/2/2022,16:30,Premier League,Matchweek 9,Sun,Home,D,0,0,Aston Villa,0.4,2.2,44,36582,Liam Cooper,4-2-3-1,4/3/2003,Stuart Attwell,Match Report,,6,1,16.8,0,0,0,Leeds United,2023
10/9/2022,14:00,Premier League,Matchweek 10,Sun,Away,L,1,2,Crystal Palace,1,1.1,46,25042,Liam Cooper,4-2-3-1,4/3/2003,Paul Tierney,Match Report,,10,4,18.1,0,0,0,Leeds United,2023
10/16/2022,14:00,Premier League,Matchweek 11,Sun,Home,L,0,1,Arsenal,1.8,0.5,47,36700,Liam Cooper,4-2-3-1,4/3/2003,Chris Kavanagh,Match Report,,15,4,18.1,0,0,1,Leeds United,2023
10/20/2022,20:15,Premier League,Matchweek 12,Thu,Away,L,0,2,Leicester City,1.3,0.8,54,30814,Patrick Bamford,4-2-3-1,4-1-4-1,Peter Bankes,Match Report,,14,2,18.3,0,0,0,Leeds United,2023
10/23/2022,14:00,Premier League,Matchweek 13,Sun,Home,L,2,3,Fulham,1.6,1.8,57,36447,Liam Cooper,4-2-3-1,4-2-3-1,Anthony Taylor,Match Report,,14,5,16.3,0,0,0,Leeds United,2023
10/29/2022,19:45,Premier League,Matchweek 14,Sat,Away,W,2,1,Liverpool,1.8,1.7,32,53274,Liam Cooper,4-2-3-1,4-1-2-1-2,Michael Oliver,Match Report,,14,6,19.4,3,0,0,Leeds United,2023
11/5/2022,15:00,Premier League,Matchweek 15,Sat,Home,W,4,3,Bournemouth,2.2,1.5,60,36304,Liam Cooper,4-2-3-1,4/4/2002,Tony Harrington,Match Report,,17,3,15.9,0,1,1,Leeds United,2023
11/12/2022,15:00,Premier League,Matchweek 16,Sat,Away,L,3,4,Tottenham,1.1,1.8,45,61667,Liam Cooper,4-2-3-1,3/4/2003,Michael Salisbury,Match Report,,12,5,16.2,2,0,0,Leeds United,2023
12/28/2022,20:00,Premier League,Matchweek 17,Wed,Home,L,1,3,Manchester City,0.6,4.3,31,36889,Liam Cooper,4/3/2003,4/3/2003,Stuart Attwell,Match Report,,9,1,19.3,2,0,0,Leeds United,2023
12/31/2022,15:00,Premier League,Matchweek 18,Sat,Away,D,0,0,Newcastle Utd,0.4,2.2,40,52211,Liam Cooper,4-2-3-1,4/3/2003,Simon Hooper,Match Report,,8,1,17.9,1,0,0,Leeds United,2023
1/4/2023,19:45,Premier League,Matchweek 19,Wed,Home,D,2,2,West Ham,1.6,1.4,62,36173,Liam Cooper,4-2-3-1,4/3/2003,David Coote,Match Report,,14,5,14,0,0,0,Leeds United,2023
1/13/2023,20:00,Premier League,Matchweek 20,Fri,Away,L,1,2,Aston Villa,2.4,1.2,48,42008,Liam Cooper,4-2-3-1,4/4/2002,Michael Oliver,Match Report,,16,3,12.7,0,0,0,Leeds United,2023
1/22/2023,14:00,Premier League,Matchweek 21,Sun,Home,D,0,0,Brentford,0.5,0.4,58,36260,Luke Ayling,4-2-3-1,3/5/2002,Peter Bankes,Match Report,,9,5,23.2,1,0,0,Leeds United,2023
2/5/2023,14:00,Premier League,Matchweek 22,Sun,Away,L,0,1,Nott'ham Forest,0.9,0.4,70,29363,Liam Cooper,4-2-3-1,4-3-1-2,Robert Jones,Match Report,,10,4,17.1,0,0,0,Leeds United,2023
2/8/2023,20:00,Premier League,Matchweek 8,Wed,Away,D,2,2,Manchester Utd,0.6,2,34,73456,Luke Ayling,4-2-3-1,4-2-3-1,Simon Hooper,Match Report,,8,2,18.4,1,0,0,Leeds United,2023
2/12/2023,14:00,Premier League,Matchweek 23,Sun,Home,L,0,2,Manchester Utd,1.8,1.1,34,36919,Luke Ayling,4-2-3-1,4-2-3-1,Paul Tierney,Match Report,,16,6,11.6,0,0,0,Leeds United,2023
2/18/2023,15:00,Premier League,Matchweek 24,Sat,Away,L,0,1,Everton,0.5,1.4,49,39232,Luke Ayling,4-2-3-1,4/5/2001,Andy Madley,Match Report,,8,0,18.4,0,0,0,Leeds United,2023
2/25/2023,15:00,Premier League,Matchweek 25,Sat,Home,W,1,0,Southampton,0.9,0.4,61,36641,Luke Ayling,4-2-3-1,4/4/2002,Peter Bankes,Match Report,,14,4,16.2,0,0,0,Leeds United,2023
3/4/2023,15:00,Premier League,Matchweek 26,Sat,Away,L,0,1,Chelsea,1,1.5,43,39905,Luke Ayling,4-2-3-1,3/4/2003,Michael Oliver,Match Report,,11,2,13.7,1,0,0,Leeds United,2023
3/11/2023,15:00,Premier League,Matchweek 27,Sat,Home,D,2,2,Brighton,0.9,2.7,38,36471,Luke Ayling,4-2-3-1,4-2-3-1,Paul Tierney,Match Report,,12,4,19.7,0,0,0,Leeds United,2023
3/18/2023,15:00,Premier League,Matchweek 28,Sat,Away,W,4,2,Wolves,1.6,2.7,35,31570,Luke Ayling,4-2-3-1,4/3/2003,Michael Salisbury,Match Report,,11,4,17.7,2,0,0,Leeds United,2023
4/1/2023,15:00,Premier League,Matchweek 29,Sat,Away,L,1,4,Arsenal,0.7,3.8,34,60283,Luke Ayling,4/3/2003,4/3/2003,Darren England,Match Report,,7,5,14.3,0,0,0,Leeds United,2023
4/4/2023,19:45,Premier League,Matchweek 7,Tue,Home,W,2,1,Nott'ham Forest,1.8,0.8,61,36740,Luke Ayling,4-2-3-1,4-3-2-1,Robert Jones,Match Report,,21,6,17.3,0,0,0,Leeds United,2023
4/9/2023,14:00,Premier League,Matchweek 30,Sun,Home,L,1,5,Crystal Palace,0.9,3,48,36427,Luke Ayling,4-2-3-1,4/3/2003,Simon Hooper,Match Report,,11,7,16.7,1,0,0,Leeds United,2023
4/17/2023,20:00,Premier League,Matchweek 31,Mon,Home,L,1,6,Liverpool,1.4,2.7,27,36657,Rodrigo,4-2-3-1,4/3/2003,Craig Pawson,Match Report,,13,3,17.6,0,0,0,Leeds United,2023
4/22/2023,12:30,Premier League,Matchweek 32,Sat,Away,L,1,2,Fulham,0.8,1.7,50,24356,Liam Cooper,4-2-3-1,4-2-3-1,Peter Bankes,Match Report,,10,2,16.6,1,0,0,Leeds United,2023
4/25/2023,20:00,Premier League,Matchweek 33,Tue,Home,D,1,1,Leicester City,1.5,2.1,41,36666,Liam Cooper,4-2-3-1,4-2-3-1,Paul Tierney,Match Report,,13,3,14.9,0,0,0,Leeds United,2023
4/30/2023,14:00,Premier League,Matchweek 34,Sun,Away,L,1,4,Bournemouth,1.6,1.9,58,10434,Liam Cooper,3/4/2003,4-2-3-1,Chris Kavanagh,Match Report,,15,6,14.8,1,0,0,Leeds United,2023
5/6/2023,15:00,Premier League,Matchweek 35,Sat,Away,L,1,2,Manchester City,0.2,2.6,20,53406,Luke Ayling,4-2-3-1,3-2-4-1,Andy Madley,Match Report,,4,2,12.1,0,0,0,Leeds United,2023
5/13/2023,12:30,Premier League,Matchweek 36,Sat,Home,D,2,2,Newcastle Utd,2,2.3,36,36955,Luke Ayling,4/3/2003,4/3/2003,Simon Hooper,Match Report,,8,3,14.9,0,0,1,Leeds United,2023
5/21/2023,13:30,Premier League,Matchweek 37,Sun,Away,L,1,3,West Ham,0.9,2.1,41,62478,Luke Ayling,4/3/2003,4-2-3-1,Peter Bankes,Match Report,,12,3,15.6,0,0,0,Leeds United,2023
5/28/2023,16:30,Premier League,Matchweek 38,Sun,Home,L,1,4,Tottenham,1.5,2.2,52,36871,Liam Cooper,5/4/2001,4/4/2002,Anthony Taylor,Match Report,,19,2,15.8,0,0,0,Leeds United,2023
9/13/2020,14:00,Premier League,Matchweek 1,Sun,Away,W,3,0,West Brom,2.8,0.4,64,,Kasper Schmeichel,4-1-4-1,5/4/2001,Anthony Taylor,Match Report,,11,5,19.3,1,2,2,Leicester City,2021
9/20/2020,19:00,Premier League,Matchweek 2,Sun,Home,W,4,2,Burnley,1.2,1.4,67,,Kasper Schmeichel,4-1-4-1,4/4/2002,Lee Mason,Match Report,,14,6,14.5,0,0,0,Leicester City,2021
9/27/2020,16:30,Premier League,Matchweek 3,Sun,Away,W,5,2,Manchester City,2.9,0.9,28,,Kasper Schmeichel,5/4/2001,4-2-3-1,Michael Oliver,Match Report,,4,4,30.1,0,3,3,Leicester City,2021
10/4/2020,12:00,Premier League,Matchweek 4,Sun,Home,L,0,3,West Ham,0.6,2,69,,Kasper Schmeichel,3/4/2003,5/4/2001,Andy Madley,Match Report,,4,0,18.2,0,0,0,Leicester City,2021
10/18/2020,19:15,Premier League,Matchweek 5,Sun,Home,L,0,1,Aston Villa,0.6,0.7,50,,Kasper Schmeichel,4-1-4-1,4-2-3-1,Jonathan Moss,Match Report,,11,5,19.2,2,0,0,Leicester City,2021
10/25/2020,19:15,Premier League,Matchweek 6,Sun,Away,W,1,0,Arsenal,0.7,0.7,44,,Kasper Schmeichel,3/4/2003,3/4/2003,Craig Pawson,Match Report,,6,2,29.5,1,0,0,Leicester City,2021
11/2/2020,20:00,Premier League,Matchweek 7,Mon,Away,W,4,1,Leeds United,2.9,2.1,33,,Kasper Schmeichel,3/4/2003,4-1-4-1,Andre Marriner,Match Report,,9,7,14.9,0,1,1,Leicester City,2021
11/8/2020,14:00,Premier League,Matchweek 8,Sun,Home,W,1,0,Wolves,2,0.8,49,,Kasper Schmeichel,3/4/2003,3/4/2003,Anthony Taylor,Match Report,,8,1,22.8,0,1,2,Leicester City,2021
11/22/2020,19:15,Premier League,Matchweek 9,Sun,Away,L,0,3,Liverpool,1.6,3.1,44,,Kasper Schmeichel,3/4/2003,4/3/2003,Chris Kavanagh,Match Report,,11,4,16.3,0,0,0,Leicester City,2021
11/30/2020,17:30,Premier League,Matchweek 10,Mon,Home,L,1,2,Fulham,1.2,2.2,68,,Kasper Schmeichel,3/4/2003,5/4/2001,Simon Hooper,Match Report,,16,3,18.1,1,0,0,Leicester City,2021
12/6/2020,14:15,Premier League,Matchweek 11,Sun,Away,W,2,1,Sheffield Utd,1.4,0.2,69,,Kasper Schmeichel,3/4/2003,5/3/2002,Stuart Attwell,Match Report,,13,4,18.4,1,0,0,Leicester City,2021
12/13/2020,19:15,Premier League,Matchweek 12,Sun,Home,W,3,0,Brighton,1.5,0.9,54,,Kasper Schmeichel,3/4/2003,4-2-3-1,Martin Atkinson,Match Report,,15,6,16.3,0,0,0,Leicester City,2021
12/16/2020,18:00,Premier League,Matchweek 13,Wed,Home,L,0,2,Everton,0.8,1.4,61,,Kasper Schmeichel,4-2-3-1,4/3/2003,Lee Mason,Match Report,,14,2,20.5,0,0,0,Leicester City,2021
12/20/2020,14:15,Premier League,Matchweek 14,Sun,Away,W,2,0,Tottenham,1.7,0.7,44,,Kasper Schmeichel,4-2-3-1,4-2-3-1,Craig Pawson,Match Report,,16,3,18.6,0,1,1,Leicester City,2021
12/26/2020,12:30,Premier League,Matchweek 15,Sat,Home,D,2,2,Manchester Utd,0.9,1.7,54,,Kasper Schmeichel,4-2-3-1,4-2-3-1,Mike Dean,Match Report,,10,2,17.6,1,0,0,Leicester City,2021
12/28/2020,15:00,Premier League,Matchweek 16,Mon,Away,D,1,1,Crystal Palace,1.9,0.5,66,,Kasper Schmeichel,4-2-3-1,4/4/2002,Graham Scott,Match Report,,16,2,20.4,2,0,1,Leicester City,2021
1/3/2021,14:15,Premier League,Matchweek 17,Sun,Away,W,2,1,Newcastle Utd,0.6,0.5,56,,Kasper Schmeichel,4-2-3-1,5/4/2001,Robert Jones,Match Report,,9,3,20.2,0,0,0,Leicester City,2021
1/16/2021,20:00,Premier League,Matchweek 19,Sat,Home,W,2,0,Southampton,2.2,0.6,47,,Kasper Schmeichel,4-2-3-1,4/4/2002,Stuart Attwell,Match Report,,16,4,15.1,0,0,0,Leicester City,2021
1/19/2021,20:15,Premier League,Matchweek 18,Tue,Home,W,2,0,Chelsea,1.4,0.7,36,,Kasper Schmeichel,4-1-4-1,4-2-3-1,Craig Pawson,Match Report,,8,6,17.1,0,0,0,Leicester City,2021
1/27/2021,20:15,Premier League,Matchweek 20,Wed,Away,D,1,1,Everton,1.2,0.5,65,,Kasper Schmeichel,4-2-3-1,4/4/2002,Mike Dean,Match Report,,19,6,21.4,2,0,0,Leicester City,2021
1/31/2021,14:00,Premier League,Matchweek 21,Sun,Home,L,1,3,Leeds United,1.8,2.1,51,,Kasper Schmeichel,4-2-3-1,4-1-4-1,Chris Kavanagh,Match Report,,18,8,19.3,1,0,0,Leicester City,2021
2/3/2021,18:00,Premier League,Matchweek 22,Wed,Away,W,2,0,Fulham,1.4,0.6,43,,Kasper Schmeichel,4-2-3-1,3/4/2003,Robert Jones,Match Report,,9,5,15.6,0,0,0,Leicester City,2021
2/7/2021,14:00,Premier League,Matchweek 23,Sun,Away,D,0,0,Wolves,0.8,1.1,56,,Kasper Schmeichel,4-2-3-1,3/4/2003,Martin Atkinson,Match Report,,13,3,19.8,1,0,0,Leicester City,2021
2/13/2021,12:30,Premier League,Matchweek 24,Sat,Home,W,3,1,Liverpool,1.9,1.7,38,,Kasper Schmeichel,4-2-3-1,4/3/2003,Anthony Taylor,Match Report,,11,6,18.4,1,0,0,Leicester City,2021
2/21/2021,14:05,Premier League,Matchweek 25,Sun,Away,W,2,1,Aston Villa,1.1,1.4,49,,Kasper Schmeichel,4-2-3-1,4-2-3-1,Michael Oliver,Match Report,,16,7,20.7,1,0,0,Leicester City,2021
2/28/2021,12:00,Premier League,Matchweek 26,Sun,Home,L,1,3,Arsenal,0.4,2.3,44,,Kasper Schmeichel,4/4/2002,4-2-3-1,Paul Tierney,Match Report,,8,3,18.1,0,0,0,Leicester City,2021
3/3/2021,18:00,Premier League,Matchweek 29,Wed,Away,D,1,1,Burnley,1.2,1.8,61,,Kasper Schmeichel,3-1-4-2,4/4/2002,Andy Madley,Match Report,,16,4,20,0,0,0,Leicester City,2021
3/6/2021,20:00,Premier League,Matchweek 27,Sat,Away,W,2,1,Brighton,0.9,0.8,63,,Kasper Schmeichel,3-1-4-2,4/4/2002,Michael Oliver,Match Report,,8,4,17.1,0,0,0,Leicester City,2021
3/14/2021,14:00,Premier League,Matchweek 28,Sun,Home,W,5,0,Sheffield Utd,4,0.1,71,,Kasper Schmeichel,3-4-1-2,3/5/2002,Peter Bankes,Match Report,,19,9,16.3,0,0,0,Leicester City,2021
4/3/2021,17:30,Premier League,Matchweek 30,Sat,Home,L,0,2,Manchester City,0.3,1.4,44,,Kasper Schmeichel,3/5/2002,4-2-3-1,Anthony Taylor,Match Report,,5,2,19.3,0,0,0,Leicester City,2021
4/11/2021,14:05,Premier League,Matchweek 31,Sun,Away,L,2,3,West Ham,0.9,0.8,63,,Kasper Schmeichel,3/5/2002,3-4-1-2,Mike Dean,Match Report,,15,4,16.2,0,0,0,Leicester City,2021
4/22/2021,20:00,Premier League,Matchweek 32,Thu,Home,W,3,0,West Brom,2.1,0.5,72,,Kasper Schmeichel,3-4-1-2,4-4-1-1,Andy Madley,Match Report,,17,7,20.5,1,0,0,Leicester City,2021
4/26/2021,20:00,Premier League,Matchweek 33,Mon,Home,W,2,1,Crystal Palace,1.5,0.7,66,,Kasper Schmeichel,3-4-1-2,4/3/2003,Graham Scott,Match Report,,13,5,17,1,0,0,Leicester City,2021
4/30/2021,20:00,Premier League,Matchweek 34,Fri,Away,D,1,1,Southampton,1.9,0.9,70,,Kasper Schmeichel,3-4-1-2,4/4/2002,Robert Jones,Match Report,,23,9,18.6,1,0,0,Leicester City,2021
5/7/2021,20:00,Premier League,Matchweek 35,Fri,Home,L,2,4,Newcastle Utd,2.2,2.7,68,,Kasper Schmeichel,3-4-1-2,5/3/2002,Darren England,Match Report,,25,9,16.2,1,0,0,Leicester City,2021
5/11/2021,18:00,Premier League,Matchweek 36,Tue,Away,W,2,1,Manchester Utd,0.9,0.2,47,,Kasper Schmeichel,4/4/2002,4-2-3-1,Craig Pawson,Match Report,,12,3,20.3,1,0,0,Leicester City,2021
5/18/2021,20:15,Premier League,Matchweek 37,Tue,Away,L,1,2,Chelsea,0.8,3.1,42,8000,Kasper Schmeichel,3/4/2003,3/4/2003,Mike Dean,Match Report,,7,3,19,0,0,0,Leicester City,2021
5/23/2021,16:00,Premier League,Matchweek 38,Sun,Home,L,2,4,Tottenham,1.9,1.5,47,8000,Kasper Schmeichel,4/4/2002,4-2-3-1,Anthony Taylor,Match Report,,8,4,22.6,0,2,2,Leicester City,2021
8/14/2021,15:00,Premier League,Matchweek 1,Sat,Home,W,1,0,Wolves,0.5,1.3,56,31983,Kasper Schmeichel,4-2-3-1,3/4/2003,Craig Pawson,Match Report,,9,5,17.1,0,0,0,Leicester City,2022
8/23/2021,20:00,Premier League,Matchweek 2,Mon,Away,L,1,4,West Ham,0.6,2.3,48,59901,Kasper Schmeichel,4-2-3-1,4-2-3-1,Michael Oliver,Match Report,,5,1,14.3,0,0,0,Leicester City,2022
8/28/2021,15:00,Premier League,Matchweek 3,Sat,Away,W,2,1,Norwich City,1.5,1.5,55,26765,Kasper Schmeichel,4/4/2002,4/3/2003,Robert Jones,Match Report,,9,3,16,0,0,0,Leicester City,2022
9/11/2021,15:00,Premier League,Matchweek 4,Sat,Home,L,0,1,Manchester City,0.6,2.8,39,32087,Kasper Schmeichel,4-2-3-1,4/3/2003,Paul Tierney,Match Report,,6,1,12.1,0,0,0,Leicester City,2022
9/19/2021,14:00,Premier League,Matchweek 5,Sun,Away,L,1,2,Brighton,1.6,1.7,63,31078,Kasper Schmeichel,4/3/2003,4/4/2002,Stuart Attwell,Match Report,,14,3,19.9,0,0,0,Leicester City,2022
9/25/2021,15:00,Premier League,Matchweek 6,Sat,Home,D,2,2,Burnley,2.4,0.5,66,31650,Kasper Schmeichel,4/3/2003,4/4/2002,Chris Kavanagh,Match Report,,22,4,16.8,0,0,0,Leicester City,2022
10/3/2021,14:00,Premier League,Matchweek 7,Sun,Away,D,2,2,Crystal Palace,1.2,1.5,40,25000,Kasper Schmeichel,4/4/2002,4/3/2003,Anthony Taylor,Match Report,,9,5,17.9,0,0,0,Leicester City,2022
10/16/2021,15:00,Premier League,Matchweek 8,Sat,Home,W,4,2,Manchester Utd,2.4,1.2,49,32219,Kasper Schmeichel,3-4-1-2,4-2-3-1,Craig Pawson,Match Report,,22,11,18.4,1,0,0,Leicester City,2022
10/24/2021,14:00,Premier League,Matchweek 9,Sun,Away,W,2,1,Brentford,1.5,1,46,16814,Kasper Schmeichel,3-4-1-2,3/5/2002,Simon Hooper,Match Report,,10,6,21.9,0,0,0,Leicester City,2022
10/30/2021,12:30,Premier League,Matchweek 10,Sat,Home,L,0,2,Arsenal,1.3,0.7,64,32209,Kasper Schmeichel,3-4-1-2,4-4-1-1,Michael Oliver,Match Report,,16,8,17.3,2,0,0,Leicester City,2022
11/7/2021,14:00,Premier League,Matchweek 11,Sun,Away,D,1,1,Leeds United,0.7,1.3,44,36478,Kasper Schmeichel,4/3/2003,4-2-3-1,Darren England,Match Report,,9,3,16.5,0,0,0,Leicester City,2022
11/20/2021,12:30,Premier League,Matchweek 12,Sat,Home,L,0,3,Chelsea,0.4,2,39,35497,Kasper Schmeichel,3/4/2003,3/4/2003,Paul Tierney,Match Report,,4,3,24.4,0,0,0,Leicester City,2022
11/28/2021,14:00,Premier League,Matchweek 13,Sun,Home,W,4,2,Watford,2.1,2.8,56,32020,Kasper Schmeichel,4-2-3-1,4-1-4-1,Andy Madley,Match Report,,18,8,14.6,0,0,0,Leicester City,2022
12/1/2021,19:30,Premier League,Matchweek 14,Wed,Away,D,2,2,Southampton,1.5,1.5,55,26951,Kasper Schmeichel,4-2-3-1,4/4/2002,Robert Jones,Match Report,,15,6,17.3,0,0,0,Leicester City,2022
12/5/2021,16:30,Premier League,Matchweek 15,Sun,Away,L,1,2,Aston Villa,1.1,2.1,59,41572,Kasper Schmeichel,4-2-3-1,4/3/2003,Michael Oliver,Match Report,,12,4,15.9,0,0,0,Leicester City,2022
12/12/2021,14:00,Premier League,Matchweek 16,Sun,Home,W,4,0,Newcastle Utd,2.6,1,47,31959,Kasper Schmeichel,4-2-3-1,4/4/2002,Peter Bankes,Match Report,,7,4,19.1,1,1,1,Leicester City,2022
12/26/2021,15:00,Premier League,Matchweek 19,Sun,Away,L,3,6,Manchester City,2.7,3.6,28,53226,Kasper Schmeichel,4-4-1-1,4/3/2003,Chris Kavanagh,Match Report,,14,8,16.9,1,0,0,Leicester City,2022
12/28/2021,20:00,Premier League,Matchweek 20,Tue,Home,W,1,0,Liverpool,0.4,2.3,37,32230,Kasper Schmeichel,4-3-1-2,4/3/2003,Michael Oliver,Match Report,,6,1,14.9,0,0,0,Leicester City,2022
1/19/2022,19:30,Premier League,Matchweek 17,Wed,Home,L,2,3,Tottenham,1.2,3.1,49,31986,Kasper Schmeichel,3/5/2002,3/5/2002,Jonathan Moss,Match Report,,14,4,18.2,0,0,0,Leicester City,2022
1/23/2022,14:00,Premier League,Matchweek 23,Sun,Home,D,1,1,Brighton,1.4,1.1,44,31231,Kasper Schmeichel,4-2-3-1,4-1-2-1-2,Martin Atkinson,Match Report,,15,5,19.8,1,0,0,Leicester City,2022
2/10/2022,19:45,Premier League,Matchweek 24,Thu,Away,L,0,2,Liverpool,0.5,1.8,36,53050,Kasper Schmeichel,4-2-3-1,4/3/2003,Chris Kavanagh,Match Report,,5,1,17.3,1,0,0,Leicester City,2022
2/13/2022,16:30,Premier League,Matchweek 25,Sun,Home,D,2,2,West Ham,1.4,1.1,55,32061,Kasper Schmeichel,4/3/2003,4-2-3-1,Michael Oliver,Match Report,,12,1,19.6,0,1,1,Leicester City,2022
2/20/2022,16:30,Premier League,Matchweek 26,Sun,Away,L,1,2,Wolves,1.7,0.5,63,31587,Kasper Schmeichel,4/3/2003,3/5/2002,Craig Pawson,Match Report,,17,7,19.6,1,0,0,Leicester City,2022
3/1/2022,19:45,Premier League,Matchweek 22,Tue,Away,W,2,0,Burnley,1.5,0.9,55,17825,Kasper Schmeichel,4/3/2003,4/4/2002,Chris Kavanagh,Match Report,,22,6,17.7,1,0,0,Leicester City,2022
3/5/2022,12:30,Premier League,Matchweek 28,Sat,Home,W,1,0,Leeds United,0.4,1.7,51,32236,Kasper Schmeichel,4/3/2003,4-2-3-1,David Coote,Match Report,,7,4,19.1,0,0,0,Leicester City,2022
3/13/2022,16:30,Premier League,Matchweek 29,Sun,Away,L,0,2,Arsenal,0.4,2.4,54,60111,Kasper Schmeichel,4-2-3-1,4-2-3-1,Anthony Taylor,Match Report,,6,3,15.1,0,0,0,Leicester City,2022
3/20/2022,14:00,Premier League,Matchweek 30,Sun,Home,W,2,1,Brentford,1,1.3,52,31830,Kasper Schmeichel,4-2-3-1,4/5/2001,Darren England,Match Report,,12,4,19.2,1,0,0,Leicester City,2022
4/2/2022,17:30,Premier League,Matchweek 31,Sat,Away,D,1,1,Manchester Utd,0.8,0.9,46,73444,Kasper Schmeichel,4-2-3-1,4-2-3-1,Andre Marriner,Match Report,,11,3,16.7,0,0,0,Leicester City,2022
4/10/2022,14:00,Premier League,Matchweek 32,Sun,Home,W,2,1,Crystal Palace,1,1.4,51,31896,Kasper Schmeichel,4-2-3-1,4-2-3-1,Robert Jones,Match Report,,12,3,21.1,2,0,0,Leicester City,2022
4/17/2022,14:15,Premier League,Matchweek 33,Sun,Away,L,1,2,Newcastle Utd,0.6,1.8,68,52104,Kasper Schmeichel,4-1-4-1,4/3/2003,Jarred Gillett,Match Report,,8,2,16.4,0,0,0,Leicester City,2022
4/20/2022,19:45,Premier League,Matchweek 18,Wed,Away,D,1,1,Everton,0.9,1.8,63,39153,Kasper Schmeichel,4-2-3-1,4/3/2003,David Coote,Match Report,,11,3,16.5,0,0,0,Leicester City,2022
4/23/2022,15:00,Premier League,Matchweek 34,Sat,Home,D,0,0,Aston Villa,0.3,0.9,64,32185,Kasper Schmeichel,4-1-4-1,4-3-2-1,Andy Madley,Match Report,,5,2,24.2,2,0,0,Leicester City,2022
5/1/2022,14:00,Premier League,Matchweek 35,Sun,Away,L,1,3,Tottenham,0.5,1.2,60,59482,Kasper Schmeichel,3/5/2002,3/4/2003,Jonathan Moss,Match Report,,6,2,20.4,0,0,0,Leicester City,2022
5/8/2022,14:00,Premier League,Matchweek 36,Sun,Home,L,1,2,Everton,1.5,1.1,66,32001,Kasper Schmeichel,3-1-4-2,5/4/2001,Craig Pawson,Match Report,,16,8,19.8,0,0,0,Leicester City,2022
5/11/2022,19:45,Premier League,Matchweek 21,Wed,Home,W,3,0,Norwich City,2,1.1,65,38092,Kasper Schmeichel,4-2-3-1,4-1-4-1,Simon Hooper,Match Report,,20,8,18.5,0,0,0,Leicester City,2022
5/15/2022,14:00,Premier League,Matchweek 37,Sun,Away,W,5,1,Watford,2.5,1.4,59,20257,Jonny Evans,4-1-4-1,4/3/2003,Jarred Gillett,Match Report,,13,7,16.4,0,0,0,Leicester City,2022
5/19/2022,20:00,Premier League,Matchweek 27,Thu,Away,D,1,1,Chelsea,0.1,1.6,33,31478,Kasper Schmeichel,3-1-4-2,3/4/2003,Stuart Attwell,Match Report,,2,1,25.1,0,0,0,Leicester City,2022
5/22/2022,16:00,Premier League,Matchweek 38,Sun,Home,W,4,1,Southampton,3.4,1.1,51,32003,Kasper Schmeichel,4-2-3-1,4/4/2002,Jonathan Moss,Match Report,,12,6,12.8,0,0,0,Leicester City,2022
8/7/2022,14:00,Premier League,Matchweek 1,Sun,Home,D,2,2,Brentford,0.6,0.8,56,31794,Jonny Evans,3-5-1-1,4/3/2003,Jarred Gillett,Match Report,,14,5,23.1,0,0,0,Leicester City,2023
8/13/2022,15:00,Premier League,Matchweek 2,Sat,Away,L,2,4,Arsenal,0.5,2.7,50,60033,Jonny Evans,3-5-1-1,4/3/2003,Darren England,Match Report,,6,2,14.6,0,0,0,Leicester City,2023
8/20/2022,15:00,Premier League,Matchweek 3,Sat,Home,L,1,2,Southampton,0.3,0.9,62,30850,Jonny Evans,4-1-4-1,4-2-3-1,Michael Salisbury,Match Report,,6,1,17.8,1,0,0,Leicester City,2023
8/27/2022,15:00,Premier League,Matchweek 4,Sat,Away,L,1,2,Chelsea,2.5,1.8,55,39953,Jonny Evans,4-1-4-1,4/4/2002,Paul Tierney,Match Report,,17,5,17.9,0,0,0,Leicester City,2023
9/1/2022,20:00,Premier League,Matchweek 5,Thu,Home,L,0,1,Manchester Utd,0.7,1.5,53,32226,Jonny Evans,4-1-4-1,4-2-3-1,Craig Pawson,Match Report,,10,2,23.5,2,0,0,Leicester City,2023
9/4/2022,14:00,Premier League,Matchweek 6,Sun,Away,L,2,5,Brighton,1.4,2.6,47,31185,Jonny Evans,4/4/2002,3/5/2002,Tony Harrington,Match Report,,6,4,14.8,0,0,0,Leicester City,2023
9/17/2022,17:30,Premier League,Matchweek 8,Sat,Away,L,2,6,Tottenham,1.8,2.2,56,61450,Jonny Evans,4-1-4-1,3/4/2003,Simon Hooper,Match Report,,18,6,22.7,0,1,1,Leicester City,2023
10/3/2022,20:00,Premier League,Matchweek 9,Mon,Home,W,4,0,Nott'ham Forest,1.3,1.1,51,32202,Jonny Evans,4-1-4-1,4-2-3-1,Robert Jones,Match Report,,17,7,17.7,1,0,0,Leicester City,2023
10/8/2022,15:00,Premier League,Matchweek 10,Sat,Away,L,1,2,Bournemouth,1,1.1,55,10272,Jonny Evans,4-1-4-1,4/4/2002,Michael Salisbury,Match Report,,9,5,13.2,1,0,0,Leicester City,2023
10/15/2022,12:30,Premier League,Matchweek 11,Sat,Home,D,0,0,Crystal Palace,1,0.4,54,31298,Youri Tielemans,4-1-4-1,4/3/2003,Andy Madley,Match Report,,14,5,19.4,1,0,0,Leicester City,2023
10/20/2022,20:15,Premier League,Matchweek 12,Thu,Home,W,2,0,Leeds United,0.8,1.3,46,30814,Youri Tielemans,4-1-4-1,4-2-3-1,Peter Bankes,Match Report,,5,1,17.7,0,0,0,Leicester City,2023
10/23/2022,14:00,Premier League,Matchweek 13,Sun,Away,W,4,0,Wolves,0.9,2.1,40,31425,Youri Tielemans,4-1-4-1,4-2-3-1,Michael Oliver,Match Report,,5,4,14.7,0,0,0,Leicester City,2023
10/29/2022,12:30,Premier League,Matchweek 14,Sat,Home,L,0,1,Manchester City,0.7,1,36,32223,Youri Tielemans,3/4/2003,4/3/2003,Robert Jones,Match Report,,10,5,16.4,0,0,0,Leicester City,2023
11/5/2022,17:30,Premier League,Matchweek 15,Sat,Away,W,2,0,Everton,2.3,1.2,51,39206,Youri Tielemans,4-1-4-1,4/3/2003,David Coote,Match Report,,22,8,17.5,0,0,0,Leicester City,2023
11/12/2022,15:00,Premier League,Matchweek 16,Sat,Away,W,2,0,West Ham,1.8,1.4,46,62459,Youri Tielemans,4-1-4-1,4-2-3-1,Jarred Gillett,Match Report,,8,5,21.3,0,0,1,Leicester City,2023
12/26/2022,15:00,Premier League,Matchweek 17,Mon,Home,L,0,3,Newcastle Utd,0.5,1.9,60,32185,Youri Tielemans,4-2-3-1,4/3/2003,Jarred Gillett,Match Report,,8,2,20.1,0,0,0,Leicester City,2023
12/30/2022,20:00,Premier League,Matchweek 18,Fri,Away,L,1,2,Liverpool,1,2.2,43,53343,Wilfred Ndidi,4-2-3-1,4/3/2003,Craig Pawson,Match Report,,7,2,12.1,0,0,0,Leicester City,2023
1/3/2023,19:45,Premier League,Matchweek 19,Tue,Home,L,0,1,Fulham,1.7,1.7,61,30813,Youri Tielemans,4-2-3-1,4-2-3-1,Darren Bond,Match Report,,15,6,18.9,1,0,0,Leicester City,2023
1/14/2023,15:00,Premier League,Matchweek 20,Sat,Away,L,0,2,Nott'ham Forest,1,2.4,61,29301,Marc Albrighton,4-2-3-1,4-3-1-2,Paul Tierney,Match Report,,6,1,18,0,0,0,Leicester City,2023
1/21/2023,15:00,Premier League,Matchweek 21,Sat,Home,D,2,2,Brighton,0.9,1.7,37,32056,Youri Tielemans,4/4/2002,4-2-3-1,Thomas Bramall,Match Report,,9,2,12.1,1,0,0,Leicester City,2023
2/4/2023,15:00,Premier League,Matchweek 22,Sat,Away,W,4,2,Aston Villa,2.6,1.7,38,42055,Youri Tielemans,4-2-3-1,4/4/2002,Darren England,Match Report,,9,5,15.3,0,0,0,Leicester City,2023
2/11/2023,15:00,Premier League,Matchweek 23,Sat,Home,W,4,1,Tottenham,1.7,1.3,49,32184,James Maddison,4-2-3-1,3/4/2003,Michael Salisbury,Match Report,,15,6,15.6,0,0,0,Leicester City,2023
2/19/2023,14:00,Premier League,Matchweek 24,Sun,Away,L,0,3,Manchester Utd,1.6,4.4,43,73578,James Maddison,4-2-3-1,4-2-3-1,Stuart Attwell,Match Report,,19,3,19,1,0,0,Leicester City,2023
2/25/2023,15:00,Premier League,Matchweek 25,Sat,Home,L,0,1,Arsenal,0,0.7,35,32227,Wilfred Ndidi,4/3/2003,4/3/2003,Craig Pawson,Match Report,,1,0,29.4,0,0,0,Leicester City,2023
3/4/2023,17:30,Premier League,Matchweek 26,Sat,Away,L,0,1,Southampton,1.9,1.4,65,30139,James Maddison,4-2-3-1,4-2-3-1,Robert Jones,Match Report,,11,0,15.8,0,0,0,Leicester City,2023
3/11/2023,15:00,Premier League,Matchweek 27,Sat,Home,L,1,3,Chelsea,2.4,1.6,48,32170,James Maddison,3/4/2003,3/4/2003,Andre Marriner,Match Report,,17,6,18.3,1,0,0,Leicester City,2023
3/18/2023,15:00,Premier League,Matchweek 28,Sat,Away,D,1,1,Brentford,1.3,0.6,47,17006,James Maddison,4-2-3-1,4/3/2003,Darren Bond,Match Report,,14,1,16.8,0,0,0,Leicester City,2023
4/1/2023,15:00,Premier League,Matchweek 29,Sat,Away,L,1,2,Crystal Palace,0.2,2.3,48,25147,James Maddison,4-2-3-1,4/3/2003,Tim Robinson,Match Report,,3,2,13.8,0,0,0,Leicester City,2023
4/4/2023,19:45,Premier League,Matchweek 7,Tue,Home,L,1,2,Aston Villa,0.5,1,36,32087,James Maddison,4/3/2003,4/4/2002,Graham Scott,Match Report,,9,4,16.7,1,0,0,Leicester City,2023
4/8/2023,15:00,Premier League,Matchweek 30,Sat,Home,L,0,1,Bournemouth,0.6,1.9,51,32094,James Maddison,4-2-3-1,4-2-3-1,David Coote,Match Report,,14,4,16.9,0,0,0,Leicester City,2023
4/15/2023,17:30,Premier League,Matchweek 31,Sat,Away,L,1,3,Manchester City,2.3,1.6,30,53329,Youri Tielemans,3/4/2003,3-2-4-1,Darren England,Match Report,,11,4,14.3,0,0,0,Leicester City,2023
4/22/2023,15:00,Premier League,Matchweek 32,Sat,Home,W,2,1,Wolves,2.4,0.9,42,32053,Youri Tielemans,4-2-3-1,4/4/2002,Andy Madley,Match Report,,14,6,19,0,1,1,Leicester City,2023
4/25/2023,20:00,Premier League,Matchweek 33,Tue,Away,D,1,1,Leeds United,2.1,1.5,59,36666,Youri Tielemans,4-2-3-1,4-2-3-1,Paul Tierney,Match Report,,15,3,13.4,1,0,0,Leicester City,2023
5/1/2023,20:00,Premier League,Matchweek 34,Mon,Home,D,2,2,Everton,3.4,3.1,54,32173,Youri Tielemans,4/3/2003,4-2-3-1,Michael Oliver,Match Report,,14,4,18.9,0,0,1,Leicester City,2023
5/8/2023,15:00,Premier League,Matchweek 35,Mon,Away,L,3,5,Fulham,2.8,1.6,43,24442,Youri Tielemans,4-2-3-1,4-2-3-1,Robert Jones,Match Report,,16,7,20.9,2,1,2,Leicester City,2023
5/15/2023,20:00,Premier League,Matchweek 36,Mon,Home,L,0,3,Liverpool,0.4,2.2,34,32225,Jonny Evans,4-2-3-1,4/3/2003,Craig Pawson,Match Report,,4,4,13.4,0,0,0,Leicester City,2023
5/22/2023,20:00,Premier League,Matchweek 37,Mon,Away,D,0,0,Newcastle Utd,0.1,2.1,23,52152,Jonny Evans,5/3/2002,4/3/2003,Andre Marriner,Match Report,,1,1,11,0,0,0,Leicester City,2023
5/28/2023,16:30,Premier League,Matchweek 38,Sun,Home,W,2,1,West Ham,1.4,1.4,48,32183,Jonny Evans,4-2-3-1,4-2-3-1,Simon Hooper,Match Report,,13,4,17.5,0,0,0,Leicester City,2023
8/19/2024,20:00,Premier League,Matchweek 1,Mon,Home,D,1,1,Tottenham,1,1.2,30,31977,Jamie Vardy,4-2-3-1,4/3/2003,Chris Kavanagh,Match Report,,7,3,16.4,0,0,0,Leicester City,2025
8/24/2024,15:00,Premier League,Matchweek 2,Sat,Away,L,1,2,Fulham,0.6,1.8,46,25401,Jamie Vardy,4-2-3-1,4-2-3-1,Darren Bond,Match Report,,10,4,22.5,1,0,0,Leicester City,2025
8/31/2024,15:00,Premier League,Matchweek 3,Sat,Home,L,1,2,Aston Villa,0.4,1.4,57,31725,Jamie Vardy,4-2-3-1,4/4/2002,David Coote,Match Report,,9,3,20.6,0,0,0,Leicester City,2025
9/14/2024,15:00,Premier League,Matchweek 4,Sat,Away,D,2,2,Crystal Palace,1.2,2.5,34,25147,Jamie Vardy,4-2-3-1,3/4/2003,Tony Harrington,Match Report,,9,4,19.2,0,0,0,Leicester City,2025
9/21/2024,15:00,Premier League,Matchweek 5,Sat,Home,D,1,1,Everton,0.7,1.1,58,31765,Jamie Vardy,4-2-3-1,4-2-3-1,Darren England,Match Report,,12,2,16,0,0,0,Leicester City,2025
9/28/2024,15:00,Premier League,Matchweek 6,Sat,Away,L,2,4,Arsenal,0.3,4.4,26,60323,Jamie Vardy,4-2-3-1,4/4/2002,Samuel Barrott,Match Report,,5,3,14.5,0,0,0,Leicester City,2025
10/5/2024,15:00,Premier League,Matchweek 7,Sat,Home,W,1,0,Bournemouth,0.8,2.1,45,31706,Jamie Vardy,4-2-3-1,4-2-3-1,Darren Bond,Match Report,,6,2,18.8,0,0,0,Leicester City,2025
10/19/2024,15:00,Premier League,Matchweek 8,Sat,Away,W,3,2,Southampton,3.1,2.1,58,31145,Jamie Vardy,4-2-3-1,4/5/2001,Anthony Taylor,Match Report,,17,3,16.5,0,1,1,Leicester City,2025
10/25/2024,20:00,Premier League,Matchweek 9,Fri,Home,L,1,3,Nott'ham Forest,0.8,1.7,65,31879,Jamie Vardy,4-2-3-1,4-2-3-1,Craig Pawson,Match Report,,11,1,21.5,0,0,0,Leicester City,2025
11/2/2024,15:00,Premier League,Matchweek 10,Sat,Away,D,1,1,Ipswich Town,1.5,1,57,29874,Jamie Vardy,4-2-3-1,4-2-3-1,Tim Robinson,Match Report,,20,5,16.7,0,0,0,Leicester City,2025
11/10/2024,14:00,Premier League,Matchweek 11,Sun,Away,L,0,3,Manchester Utd,0.6,0.8,49,73829,Harry Winks,4/3/2003,4-2-3-1,Peter Bankes,Match Report,,6,5,23.7,0,0,0,Leicester City,2025
11/23/2024,12:30,Premier League,Matchweek 12,Sat,Home,L,1,2,Chelsea,1.1,2.7,37,31880,Jamie Vardy,4-4-1-1,4-2-3-1,Andy Madley,Match Report,,3,0,18.8,0,1,1,Leicester City,2025
11/30/2024,15:00,Premier League,Matchweek 13,Sat,Away,L,1,4,Brentford,1.1,2.4,40,17084,Jamie Vardy,3/4/2003,4-2-3-1,Michael Oliver,Match Report,,7,3,16.9,0,0,0,Leicester City,2025
12/3/2024,20:15,Premier League,Matchweek 14,Tue,Home,W,3,1,West Ham,1.7,3,39,30947,Jamie Vardy,4-2-3-1,4-2-3-1,Joshua Smith,Match Report,,8,6,12.7,0,0,0,Leicester City,2025
12/8/2024,14:00,Premier League,Matchweek 15,Sun,Home,D,2,2,Brighton,1.3,1.5,56,31647,Jamie Vardy,4-2-3-1,4-2-3-1,Stuart Attwell,Match Report,,10,3,14.5,1,0,0,Leicester City,2025
12/14/2024,15:00,Premier League,Matchweek 16,Sat,Away,L,0,4,Newcastle Utd,0.2,3.8,41,52235,Jamie Vardy,4-2-3-1,4/3/2003,Thomas Bramall,Match Report,,4,1,16.6,0,0,0,Leicester City,2025
12/22/2024,14:00,Premier League,Matchweek 17,Sun,Home,L,0,3,Wolves,0.8,1.1,54,31818,Jamie Vardy,4-2-3-1,3/4/2003,Anthony Taylor,Match Report,,9,4,15.7,0,0,0,Leicester City,2025
12/26/2024,20:00,Premier League,Matchweek 18,Thu,Away,L,1,3,Liverpool,0.3,2,32,60300,Conor Coady,4-2-3-1,4-2-3-1,Darren Bond,Match Report,,4,1,16.2,0,0,0,Leicester City,2025
12/29/2024,14:30,Premier League,Matchweek 19,Sun,Home,L,0,2,Manchester City,1.3,1.3,53,32057,Jamie Vardy,4-2-3-1,4-1-4-1,Michael Oliver,Match Report,,11,3,12.9,0,0,0,Leicester City,2025
1/4/2025,15:00,Premier League,Matchweek 20,Sat,Away,L,1,2,Aston Villa,0.4,1.4,40,42386,Jamie Vardy,4-2-3-1,4-2-3-1,Jarred Gillett,Match Report,,4,2,12.5,0,0,0,Leicester City,2025
1/15/2025,19:30,Premier League,Matchweek 21,Wed,Home,L,0,2,Crystal Palace,1.7,1.8,57,29766,Jamie Vardy,4-2-3-1,3/4/2003,Andy Madley,Match Report,,21,4,18.4,2,0,0,Leicester City,2025
1/18/2025,15:00,Premier League,Matchweek 22,Sat,Home,L,0,2,Fulham,0.6,2,40,31500,Jamie Vardy,4-2-3-1,4-2-3-1,Michael Salisbury,Match Report,,8,4,16.3,0,0,0,Leicester City,2025
1/26/2025,14:00,Premier League,Matchweek 23,Sun,Away,W,2,1,Tottenham,1.6,1,39,61295,Jamie Vardy,4-2-3-1,4/3/2003,Robert Jones,Match Report,,12,3,19.4,0,0,0,Leicester City,2025
2/1/2025,15:00,Premier League,Matchweek 24,Sat,Away,L,0,4,Everton,0.3,2.5,52,39376,Jamie Vardy,4-2-3-1,4-2-3-1,Darren Bond,Match Report,,9,1,18.1,1,0,0,Leicester City,2025
2/15/2025,12:30,Premier League,Matchweek 25,Sat,Home,L,0,2,Arsenal,0.2,1.4,40,31968,Jamie Vardy,4-2-3-1,4/3/2003,Samuel Barrott,Match Report,,6,2,19.8,0,0,0,Leicester City,2025
2/21/2025,20:00,Premier League,Matchweek 26,Fri,Home,L,0,4,Brentford,0.5,1.5,48,31077,Jamie Vardy,4-2-3-1,4-2-3-1,Tony Harrington,Match Report,,8,3,17.1,0,0,0,Leicester City,2025
2/27/2025,20:00,Premier League,Matchweek 27,Thu,Away,L,0,2,West Ham,0.4,1.3,42,62455,Jamie Vardy,4-2-3-1,3/5/2002,Anthony Taylor,Match Report,,10,2,21.1,1,0,0,Leicester City,2025
3/9/2025,14:00,Premier League,Matchweek 28,Sun,Away,L,0,1,Chelsea,0.1,1.7,44,39750,Jamie Vardy,3/4/2003,4-2-3-1,Tim Robinson,Match Report,,3,3,21.3,0,0,0,Leicester City,2025
3/16/2025,19:00,Premier League,Matchweek 29,Sun,Home,L,0,3,Manchester Utd,1,0.9,53,31773,Jamie Vardy,3/4/2003,3/4/2003,Thomas Bramall,Match Report,,11,3,18.3,0,0,0,Leicester City,2025
4/2/2025,19:45,Premier League,Matchweek 30,Wed,Away,L,0,2,Manchester City,0.1,2.2,28,52148,Jamie Vardy,3/4/2003,4-2-3-1,Darren England,Match Report,,2,0,16.8,0,0,0,Leicester City,2025
4/7/2025,20:00,Premier League,Matchweek 31,Mon,Home,L,0,3,Newcastle Utd,0.5,3.2,58,30403,Jamie Vardy,3/4/2003,4/3/2003,Robert Jones,Match Report,,7,2,14.1,0,0,0,Leicester City,2025
4/12/2025,15:00,Premier League,Matchweek 32,Sat,Away,D,2,2,Brighton,1.5,3.8,41,31150,Jamie Vardy,4-2-3-1,4-1-4-1,Darren Bond,Match Report,,15,6,13.7,0,0,0,Leicester City,2025
4/20/2025,16:30,Premier League,Matchweek 33,Sun,Home,L,0,1,Liverpool,0.3,2.5,42,30402,Jamie Vardy,4-2-3-1,4-2-3-1,Stuart Attwell,Match Report,,5,0,18.7,0,0,0,Leicester City,2025
4/26/2025,15:00,Premier League,Matchweek 34,Sat,Away,L,0,3,Wolves,1.1,2,44,31518,Jamie Vardy,4-2-3-1,3/4/2003,Samuel Barrott,Match Report,,7,1,20.4,0,0,1,Leicester City,2025
5/3/2025,15:00,Premier League,Matchweek 35,Sat,Home,W,2,0,Southampton,1.4,0.5,49,31240,Jamie Vardy,4-2-3-1,3/4/2003,David Webb,Match Report,,14,4,17.4,2,0,0,Leicester City,2025
5/11/2025,14:15,Premier League,Matchweek 36,Sun,Away,D,2,2,Nott'ham Forest,1.1,1.3,45,30245,Jamie Vardy,4-2-3-1,4-2-3-1,Tony Harrington,Match Report,,10,6,13.7,0,0,0,Leicester City,2025
5/18/2025,15:00,Premier League,Matchweek 37,Sun,Home,W,2,0,Ipswich Town,0.8,1.4,50,31986,Jamie Vardy,4-2-3-1,4-2-3-1,Andrew Kitchen,Match Report,,9,3,14.4,0,0,0,Leicester City,2025
5/25/2025,16:00,Premier League,Matchweek 38,Sun,Away,L,0,2,Bournemouth,0.3,1.6,37,11238,Conor Coady,4-2-3-1,4-2-3-1,Lewis Smith,Match Report,,3,0,18.9,0,0,0,Leicester City,2025
9/12/2020,17:30,Premier League,Matchweek 1,Sat,Home,W,4,3,Leeds United,2.7,0.3,49,,Jordan Henderson,4/3/2003,4-1-4-1,Michael Oliver,Match Report,,20,4,18.4,0,2,2,Liverpool,2021
9/20/2020,16:30,Premier League,Matchweek 2,Sun,Away,W,2,0,Chelsea,2.1,0.9,61,,Jordan Henderson,4/3/2003,4/3/2003,Paul Tierney,Match Report,,18,5,18.2,1,0,0,Liverpool,2021
9/28/2020,20:00,Premier League,Matchweek 3,Mon,Home,W,3,1,Arsenal,2.7,1.3,66,,Virgil van Dijk,4/3/2003,3/4/2003,Craig Pawson,Match Report,,21,8,17.9,0,0,0,Liverpool,2021
10/4/2020,19:15,Premier League,Matchweek 4,Sun,Away,L,2,7,Aston Villa,1.8,2.7,69,,Virgil van Dijk,4/3/2003,4-2-3-1,Martin Atkinson,Match Report,,14,8,16.3,1,0,0,Liverpool,2021
10/17/2020,12:30,Premier League,Matchweek 5,Sat,Away,D,2,2,Everton,2.6,1.2,58,,Jordan Henderson,4/3/2003,4/3/2003,Michael Oliver,Match Report,,22,8,16,2,0,0,Liverpool,2021
10/24/2020,20:00,Premier League,Matchweek 6,Sat,Home,W,2,1,Sheffield Utd,2.3,1.6,62,,Jordan Henderson,4-2-3-1,3/5/2002,Mike Dean,Match Report,,17,5,18.8,1,0,0,Liverpool,2021
10/31/2020,17:30,Premier League,Matchweek 7,Sat,Home,W,2,1,West Ham,1.7,0.3,72,,Jordan Henderson,4/3/2003,5/4/2001,Kevin Friend,Match Report,,8,4,20,1,1,1,Liverpool,2021
11/8/2020,16:30,Premier League,Matchweek 8,Sun,Away,D,1,1,Manchester City,1.2,1.4,46,,Jordan Henderson,4-2-3-1,4-2-3-1,Craig Pawson,Match Report,,9,2,22.1,1,1,1,Liverpool,2021
11/22/2020,19:15,Premier League,Matchweek 9,Sun,Home,W,3,0,Leicester City,3.1,1.6,56,,James Milner,4/3/2003,3/4/2003,Chris Kavanagh,Match Report,,24,11,12.7,0,0,0,Liverpool,2021
11/28/2020,12:30,Premier League,Matchweek 10,Sat,Away,D,1,1,Brighton,0.2,2.3,60,,James Milner,4/3/2003,3-4-1-2,Stuart Attwell,Match Report,,6,2,21.1,0,0,0,Liverpool,2021
12/6/2020,19:15,Premier League,Matchweek 11,Sun,Home,W,4,0,Wolves,1.2,0.4,60,2000,Jordan Henderson,4/3/2003,4/3/2003,Craig Pawson,Match Report,,11,6,17.2,1,0,0,Liverpool,2021
12/13/2020,16:30,Premier League,Matchweek 12,Sun,Away,D,1,1,Fulham,1.8,1.5,74,2000,Jordan Henderson,4/3/2003,3/4/2003,Andre Marriner,Match Report,,11,5,21.7,1,1,1,Liverpool,2021
12/16/2020,20:00,Premier League,Matchweek 13,Wed,Home,W,2,1,Tottenham,1,1.1,75,2000,Jordan Henderson,4/3/2003,4/4/2002,Anthony Taylor,Match Report,,17,11,16.4,0,0,0,Liverpool,2021
12/19/2020,12:30,Premier League,Matchweek 14,Sat,Away,W,7,0,Crystal Palace,2.5,0.3,64,,Jordan Henderson,4/3/2003,4/4/2002,Jonathan Moss,Match Report,,14,7,14.1,1,0,0,Liverpool,2021
12/27/2020,16:30,Premier League,Matchweek 15,Sun,Home,D,1,1,West Brom,1.5,0.6,77,2000,Jordan Henderson,4/3/2003,4/5/2001,Kevin Friend,Match Report,,17,2,19.2,2,0,0,Liverpool,2021
12/30/2020,20:00,Premier League,Matchweek 16,Wed,Away,D,0,0,Newcastle Utd,1.4,0.5,72,,Jordan Henderson,4/3/2003,5/4/2001,Paul Tierney,Match Report,,11,4,18.3,0,0,0,Liverpool,2021
1/4/2021,20:00,Premier League,Matchweek 17,Mon,Away,L,0,1,Southampton,1.5,0.4,66,,Jordan Henderson,4/3/2003,4/4/2002,Andre Marriner,Match Report,,17,1,15.7,0,0,0,Liverpool,2021
1/17/2021,16:30,Premier League,Matchweek 19,Sun,Home,D,0,0,Manchester Utd,1.2,1.1,65,,Jordan Henderson,4/3/2003,4-2-3-1,Paul Tierney,Match Report,,17,3,17.9,0,0,0,Liverpool,2021
1/21/2021,20:00,Premier League,Matchweek 18,Thu,Home,L,0,1,Burnley,1.6,1.1,72,,Georginio Wijnaldum,4/3/2003,4/4/2002,Mike Dean,Match Report,,27,6,18.6,0,0,0,Liverpool,2021
1/28/2021,20:00,Premier League,Matchweek 20,Thu,Away,W,3,1,Tottenham,2.5,0.1,50,,Jordan Henderson,4/3/2003,3/4/2003,Martin Atkinson,Match Report,,14,7,15.5,0,0,0,Liverpool,2021
1/31/2021,16:30,Premier League,Matchweek 21,Sun,Away,W,3,1,West Ham,2,0.8,67,,Jordan Henderson,4-3-1-2,4-2-3-1,Jonathan Moss,Match Report,,14,5,15.7,0,0,0,Liverpool,2021
2/3/2021,20:15,Premier League,Matchweek 22,Wed,Home,L,0,1,Brighton,1,1.3,63,,Jordan Henderson,4/3/2003,3/5/2002,Kevin Friend,Match Report,,11,1,20.9,0,0,0,Liverpool,2021
2/7/2021,16:30,Premier League,Matchweek 23,Sun,Home,L,1,4,Manchester City,1.2,3.5,56,,Jordan Henderson,4/3/2003,4/3/2003,Michael Oliver,Match Report,,7,2,19.4,1,1,1,Liverpool,2021
2/13/2021,12:30,Premier League,Matchweek 24,Sat,Away,L,1,3,Leicester City,1.7,1.9,62,,Jordan Henderson,4/3/2003,4-2-3-1,Anthony Taylor,Match Report,,15,4,15.4,2,0,0,Liverpool,2021
2/20/2021,17:30,Premier League,Matchweek 25,Sat,Home,L,0,2,Everton,1.4,1.6,71,,Jordan Henderson,4/3/2003,5/3/2002,Chris Kavanagh,Match Report,,15,6,17.1,1,0,0,Liverpool,2021
2/28/2021,19:15,Premier League,Matchweek 26,Sun,Away,W,2,0,Sheffield Utd,2.7,0.7,60,,Georginio Wijnaldum,4/3/2003,3/5/2002,Jonathan Moss,Match Report,,16,8,13.9,0,0,0,Liverpool,2021
3/4/2021,20:15,Premier League,Matchweek 29,Thu,Home,L,0,1,Chelsea,0.3,1,54,,Georginio Wijnaldum,4/3/2003,3/4/2003,Martin Atkinson,Match Report,,7,1,19.7,0,0,0,Liverpool,2021
3/7/2021,14:00,Premier League,Matchweek 27,Sun,Home,L,0,1,Fulham,0.9,1.3,63,,James Milner,4/3/2003,4/4/2002,Kevin Friend,Match Report,,16,3,17.3,1,0,0,Liverpool,2021
3/15/2021,20:00,Premier League,Matchweek 28,Mon,Away,W,1,0,Wolves,0.9,1.1,47,,Georginio Wijnaldum,4/3/2003,3-4-1-2,Craig Pawson,Match Report,,12,4,16.2,0,0,0,Liverpool,2021
4/3/2021,20:00,Premier League,Matchweek 30,Sat,Away,W,3,0,Arsenal,2.4,0.1,64,,James Milner,4/3/2003,4-2-3-1,Stuart Attwell,Match Report,,16,7,18.2,0,0,0,Liverpool,2021
4/10/2021,15:00,Premier League,Matchweek 31,Sat,Home,W,2,1,Aston Villa,2.3,0.5,65,,James Milner,4/3/2003,4/3/2003,Paul Tierney,Match Report,,23,10,16.7,1,0,0,Liverpool,2021
4/19/2021,20:00,Premier League,Matchweek 32,Mon,Away,D,1,1,Leeds United,1.4,2.3,39,,James Milner,4/3/2003,4-1-4-1,Anthony Taylor,Match Report,,17,7,17.1,0,0,0,Liverpool,2021
4/24/2021,12:30,Premier League,Matchweek 33,Sat,Home,D,1,1,Newcastle Utd,2.4,1,68,,Georginio Wijnaldum,4/4/2002,5/3/2002,Andre Marriner,Match Report,,22,9,17.6,1,0,0,Liverpool,2021
5/8/2021,20:15,Premier League,Matchweek 35,Sat,Home,W,2,0,Southampton,1.7,1.1,54,,Georginio Wijnaldum,4/3/2003,4/4/2002,Kevin Friend,Match Report,,14,6,13.6,0,0,0,Liverpool,2021
5/13/2021,20:15,Premier League,Matchweek 34,Thu,Away,W,4,2,Manchester Utd,2.7,1.9,47,,Georginio Wijnaldum,4/3/2003,4-2-3-1,Anthony Taylor,Match Report,,17,8,14.9,0,0,0,Liverpool,2021
5/16/2021,16:30,Premier League,Matchweek 36,Sun,Away,W,2,1,West Brom,1.9,1,76,,Roberto Firmino,4/3/2003,4-4-1-1,Mike Dean,Match Report,,26,6,18.3,1,0,0,Liverpool,2021
5/19/2021,20:15,Premier League,Matchweek 37,Wed,Away,W,3,0,Burnley,2.6,0.8,59,3387,Georginio Wijnaldum,4/3/2003,4-4-1-1,Chris Kavanagh,Match Report,,20,3,16.2,1,0,0,Liverpool,2021
5/23/2021,16:00,Premier League,Matchweek 38,Sun,Home,W,2,0,Crystal Palace,1.6,0.6,69,9901,Georginio Wijnaldum,4/3/2003,4/3/2003,Craig Pawson,Match Report,,19,5,14.7,1,0,0,Liverpool,2021
8/14/2021,17:30,Premier League,Matchweek 1,Sat,Away,W,3,0,Norwich City,1.6,1.4,50,27023,James Milner,4/3/2003,4/3/2003,Andre Marriner,Match Report,,19,6,17.3,1,0,0,Liverpool,2022
8/21/2021,12:30,Premier League,Matchweek 2,Sat,Home,W,2,0,Burnley,2.7,0.9,65,52591,Jordan Henderson,4/3/2003,4/4/2002,Mike Dean,Match Report,,27,8,16.1,0,0,0,Liverpool,2022
8/28/2021,17:30,Premier League,Matchweek 3,Sat,Home,D,1,1,Chelsea,2.5,0.6,65,54000,Jordan Henderson,4/3/2003,3/4/2003,Anthony Taylor,Match Report,,23,6,16.2,0,1,1,Liverpool,2022
9/12/2021,16:30,Premier League,Matchweek 4,Sun,Away,W,3,0,Leeds United,4.3,1.2,56,36507,Virgil van Dijk,4/3/2003,4-1-4-1,Craig Pawson,Match Report,,30,8,16.1,1,0,0,Liverpool,2022
9/18/2021,15:00,Premier League,Matchweek 5,Sat,Home,W,3,0,Crystal Palace,3.1,0.6,59,52000,Jordan Henderson,4/3/2003,4/3/2003,Andy Madley,Match Report,,25,10,16.4,1,0,0,Liverpool,2022
9/25/2021,17:30,Premier League,Matchweek 6,Sat,Away,D,3,3,Brentford,2.8,2.1,67,16876,Jordan Henderson,4/3/2003,3/5/2002,Stuart Attwell,Match Report,,16,5,17,1,0,0,Liverpool,2022
10/3/2021,16:30,Premier League,Matchweek 7,Sun,Home,D,2,2,Manchester City,0.9,1.2,49,53102,Jordan Henderson,4/3/2003,4/3/2003,Paul Tierney,Match Report,,6,3,15,1,0,0,Liverpool,2022
10/16/2021,12:30,Premier League,Matchweek 8,Sat,Away,W,5,0,Watford,3.3,0.5,75,21085,Jordan Henderson,4/3/2003,5/4/2001,Jonathan Moss,Match Report,,19,8,16,0,0,0,Liverpool,2022
10/24/2021,16:30,Premier League,Matchweek 9,Sun,Away,W,5,0,Manchester Utd,3.4,1.6,62,73088,Jordan Henderson,4/3/2003,4-2-3-1,Anthony Taylor,Match Report,,19,8,16.6,0,0,0,Liverpool,2022
10/30/2021,15:00,Premier League,Matchweek 10,Sat,Home,D,2,2,Brighton,1.5,1,58,52598,Jordan Henderson,4/3/2003,4-2-3-1,Mike Dean,Match Report,,14,3,20.8,0,0,0,Liverpool,2022
11/7/2021,16:30,Premier League,Matchweek 11,Sun,Away,L,2,3,West Ham,1.2,1,69,59909,Jordan Henderson,4/3/2003,4-2-3-1,Craig Pawson,Match Report,,16,5,16.7,1,0,0,Liverpool,2022
11/20/2021,17:30,Premier League,Matchweek 12,Sat,Home,W,4,0,Arsenal,4.3,0.4,62,53092,Virgil van Dijk,4/3/2003,4-4-1-1,Michael Oliver,Match Report,,19,9,13.4,0,0,0,Liverpool,2022
11/27/2021,15:00,Premier League,Matchweek 13,Sat,Home,W,4,0,Southampton,2.9,1,64,53040,Jordan Henderson,4/3/2003,3/4/2003,Andre Marriner,Match Report,,20,6,15.5,0,0,0,Liverpool,2022
12/1/2021,20:15,Premier League,Matchweek 14,Wed,Away,W,4,1,Everton,2.4,0.7,67,39641,Jordan Henderson,4/3/2003,4/4/2002,Paul Tierney,Match Report,,16,7,16.5,1,0,0,Liverpool,2022
12/4/2021,15:00,Premier League,Matchweek 15,Sat,Away,W,1,0,Wolves,2.7,0.1,66,30729,Jordan Henderson,4/3/2003,3/4/2003,Chris Kavanagh,Match Report,,17,4,13.6,0,0,0,Liverpool,2022
12/11/2021,15:00,Premier League,Matchweek 16,Sat,Home,W,1,0,Aston Villa,2.2,0.2,62,53093,Jordan Henderson,4/3/2003,4/3/2003,Stuart Attwell,Match Report,,19,4,16.1,0,1,1,Liverpool,2022
12/16/2021,20:00,Premier League,Matchweek 17,Thu,Home,W,3,1,Newcastle Utd,2.7,0.3,74,52951,Jordan Henderson,4/3/2003,4/5/2001,Mike Dean,Match Report,,23,8,16.4,0,0,0,Liverpool,2022
12/19/2021,16:30,Premier League,Matchweek 18,Sun,Away,D,2,2,Tottenham,1.1,3,56,45421,James Milner,4/3/2003,5/3/2002,Paul Tierney,Match Report,,18,6,16.7,0,0,0,Liverpool,2022
12/28/2021,20:00,Premier League,Matchweek 20,Tue,Away,L,0,1,Leicester City,2.3,0.4,63,32230,Jordan Henderson,4/3/2003,4-3-1-2,Michael Oliver,Match Report,,20,3,15,0,0,1,Liverpool,2022
1/2/2022,16:30,Premier League,Matchweek 21,Sun,Away,D,2,2,Chelsea,1.3,1.2,46,40072,Jordan Henderson,4/3/2003,3/4/2003,Anthony Taylor,Match Report,,10,6,17.9,0,0,0,Liverpool,2022
1/16/2022,14:00,Premier League,Matchweek 22,Sun,Home,W,3,0,Brentford,2.7,0.7,68,52824,Jordan Henderson,4/3/2003,3/5/2002,Jonathan Moss,Match Report,,27,13,16.7,0,0,0,Liverpool,2022
1/23/2022,14:00,Premier League,Matchweek 23,Sun,Away,W,3,1,Crystal Palace,1.9,2.2,57,25002,Jordan Henderson,4/3/2003,4/3/2003,Kevin Friend,Match Report,,13,6,21.6,0,1,1,Liverpool,2022
2/10/2022,19:45,Premier League,Matchweek 24,Thu,Home,W,2,0,Leicester City,1.8,0.5,64,53050,Virgil van Dijk,4/3/2003,4-2-3-1,Chris Kavanagh,Match Report,,22,11,15.7,0,0,0,Liverpool,2022
2/13/2022,14:00,Premier League,Matchweek 25,Sun,Away,W,1,0,Burnley,1.7,1.5,66,19563,Jordan Henderson,4/3/2003,4/4/2002,Martin Atkinson,Match Report,,12,4,14.4,0,0,0,Liverpool,2022
2/19/2022,15:00,Premier League,Matchweek 26,Sat,Home,W,3,1,Norwich City,3.6,0.6,69,53135,Jordan Henderson,4/3/2003,4/3/2003,Mike Dean,Match Report,,29,7,17.8,0,0,0,Liverpool,2022
2/23/2022,19:45,Premier League,Matchweek 19,Wed,Home,W,6,0,Leeds United,5.9,0.2,63,53018,Virgil van Dijk,4/3/2003,4-1-4-1,Michael Oliver,Match Report,,21,12,17.7,0,2,2,Liverpool,2022
3/5/2022,17:30,Premier League,Matchweek 28,Sat,Home,W,1,0,West Ham,2.4,1.3,68,59925,Jordan Henderson,4/3/2003,4/4/2002,Jonathan Moss,Match Report,,22,5,19.1,1,0,0,Liverpool,2022
3/12/2022,12:30,Premier League,Matchweek 29,Sat,Away,W,2,0,Brighton,2.2,0.5,48,31474,Jordan Henderson,4/3/2003,4-2-3-1,Mike Dean,Match Report,,17,8,15.2,0,1,1,Liverpool,2022
3/16/2022,20:15,Premier League,Matchweek 27,Wed,Away,W,2,0,Arsenal,0.8,0.5,51,59968,Jordan Henderson,4/3/2003,4-2-3-1,Andre Marriner,Match Report,,9,3,14.4,0,0,0,Liverpool,2022
4/2/2022,12:30,Premier League,Matchweek 31,Sat,Home,W,2,0,Watford,2.2,0.6,73,53104,Jordan Henderson,4/3/2003,4-1-4-1,Stuart Attwell,Match Report,,19,2,18.7,0,1,1,Liverpool,2022
4/10/2022,16:30,Premier League,Matchweek 32,Sun,Away,D,2,2,Manchester City,1.3,1.3,45,53197,Jordan Henderson,4/3/2003,4-2-3-1,Anthony Taylor,Match Report,,6,4,22.9,0,0,0,Liverpool,2022
4/19/2022,20:00,Premier League,Matchweek 30,Tue,Home,W,4,0,Manchester Utd,2,0.1,71,52686,Jordan Henderson,4/3/2003,3/4/2003,Martin Atkinson,Match Report,,14,5,15.5,0,0,0,Liverpool,2022
4/24/2022,16:30,Premier League,Matchweek 34,Sun,Home,W,2,0,Everton,1.7,0.4,82,53213,Virgil van Dijk,4/3/2003,4/3/2003,Stuart Attwell,Match Report,,18,4,15.3,0,0,0,Liverpool,2022
4/30/2022,12:30,Premier League,Matchweek 35,Sat,Away,W,1,0,Newcastle Utd,2.3,0.2,64,52281,Jordan Henderson,4/3/2003,4/3/2003,Andre Marriner,Match Report,,24,10,17.7,2,0,0,Liverpool,2022
5/7/2022,19:45,Premier League,Matchweek 36,Sat,Home,D,1,1,Tottenham,1.3,0.9,64,53177,Jordan Henderson,4/3/2003,3/4/2003,Michael Oliver,Match Report,,22,3,19.6,1,0,0,Liverpool,2022
5/10/2022,20:00,Premier League,Matchweek 33,Tue,Away,W,2,1,Aston Villa,1.8,1.4,60,41919,Virgil van Dijk,4/3/2003,4-3-1-2,Jonathan Moss,Match Report,,17,5,17,2,0,0,Liverpool,2022
5/17/2022,19:45,Premier League,Matchweek 37,Tue,Away,W,2,1,Southampton,1.3,0.1,70,31588,James Milner,4/3/2003,5/4/2001,Martin Atkinson,Match Report,,24,5,18.6,0,0,0,Liverpool,2022
5/22/2022,16:00,Premier League,Matchweek 38,Sun,Home,W,3,1,Wolves,2.7,1.3,63,53097,Jordan Henderson,4/3/2003,3/5/2002,Anthony Taylor,Match Report,,29,7,15.6,0,0,0,Liverpool,2022
8/6/2022,12:30,Premier League,Matchweek 1,Sat,Away,D,2,2,Fulham,1.2,1.2,67,22207,Jordan Henderson,4/3/2003,4-2-3-1,Andy Madley,Match Report,,11,3,12.4,0,0,0,Liverpool,2023
8/15/2022,20:00,Premier League,Matchweek 2,Mon,Home,D,1,1,Crystal Palace,2,1,72,52970,James Milner,4/3/2003,5/4/2001,Paul Tierney,Match Report,,24,4,17.4,0,0,0,Liverpool,2023
8/22/2022,20:00,Premier League,Matchweek 3,Mon,Away,L,1,2,Manchester Utd,1.3,1.8,70,74147,Jordan Henderson,4/3/2003,4-2-3-1,Michael Oliver,Match Report,,17,5,14.4,0,0,0,Liverpool,2023
8/27/2022,15:00,Premier League,Matchweek 4,Sat,Home,W,9,0,Bournemouth,3.3,0.3,69,53328,Jordan Henderson,4/3/2003,4-2-3-1,Stuart Attwell,Match Report,,19,12,11.6,0,0,0,Liverpool,2023
8/31/2022,20:00,Premier League,Matchweek 5,Wed,Home,W,2,1,Newcastle Utd,1.5,0.7,72,53316,Jordan Henderson,4/3/2003,4/3/2003,Andre Marriner,Match Report,,23,6,17.8,0,0,0,Liverpool,2023
9/3/2022,12:30,Premier League,Matchweek 6,Sat,Away,D,0,0,Everton,2.1,1.7,61,39240,Virgil van Dijk,4/3/2003,4/3/2003,Anthony Taylor,Match Report,,23,8,13.1,0,0,0,Liverpool,2023
10/1/2022,15:00,Premier League,Matchweek 9,Sat,Home,D,3,3,Brighton,1.5,1.4,54,53320,Jordan Henderson,4/3/2003,3/4/2003,Andy Madley,Match Report,,15,7,16.8,1,0,0,Liverpool,2023
10/9/2022,16:30,Premier League,Matchweek 10,Sun,Away,L,2,3,Arsenal,1.1,2.7,57,60059,Jordan Henderson,4-2-3-1,4/3/2003,Michael Oliver,Match Report,,8,3,18,0,0,0,Liverpool,2023
10/16/2022,16:30,Premier League,Matchweek 11,Sun,Home,W,1,0,Manchester City,2.1,1,37,53286,James Milner,4-2-3-1,3/4/2003,Anthony Taylor,Match Report,,13,2,17.5,0,0,0,Liverpool,2023
10/19/2022,19:30,Premier League,Matchweek 12,Wed,Home,W,1,0,West Ham,1.7,1.7,54,52982,Jordan Henderson,4/4/2002,4/4/2002,Stuart Attwell,Match Report,,22,7,17.5,0,0,0,Liverpool,2023
10/22/2022,12:30,Premier League,Matchweek 13,Sat,Away,L,0,1,Nott'ham Forest,1.6,1.9,75,29245,James Milner,4/4/2002,4/3/2003,Paul Tierney,Match Report,,15,7,10.4,0,0,0,Liverpool,2023
10/29/2022,19:45,Premier League,Matchweek 14,Sat,Home,L,1,2,Leeds United,1.7,1.8,68,53274,Virgil van Dijk,4-1-2-1-2◆,4-2-3-1,Michael Oliver,Match Report,,22,10,16.4,0,0,0,Liverpool,2023
11/6/2022,16:30,Premier League,Matchweek 15,Sun,Away,W,2,1,Tottenham,1.2,1.2,53,62008,Virgil van Dijk,4-1-2-1-2◆,5/3/2002,Andy Madley,Match Report,,13,6,21.2,0,0,0,Liverpool,2023
11/12/2022,15:00,Premier League,Matchweek 16,Sat,Home,W,3,1,Southampton,1.9,1.1,60,53331,Virgil van Dijk,4/3/2003,5/3/2002,Simon Hooper,Match Report,,15,7,12.4,0,0,0,Liverpool,2023
12/26/2022,17:30,Premier League,Matchweek 17,Mon,Away,W,3,1,Aston Villa,2.7,1.4,52,42085,Jordan Henderson,4/3/2003,4/4/2002,Paul Tierney,Match Report,,16,9,17,0,0,0,Liverpool,2023
12/30/2022,20:00,Premier League,Matchweek 18,Fri,Home,W,2,1,Leicester City,2.2,1,57,53343,Jordan Henderson,4/3/2003,4-2-3-1,Craig Pawson,Match Report,,21,5,18.4,1,0,0,Liverpool,2023
1/2/2023,17:30,Premier League,Matchweek 19,Mon,Away,L,1,3,Brentford,0.9,1.6,72,17163,Virgil van Dijk,4/3/2003,3/5/2002,Stuart Attwell,Match Report,,16,5,15.3,0,0,0,Liverpool,2023
1/14/2023,15:00,Premier League,Matchweek 20,Sat,Away,L,0,3,Brighton,1,1.9,39,31645,Jordan Henderson,4-1-2-1-2◆,4-2-3-1,Darren England,Match Report,,6,2,12.8,0,0,0,Liverpool,2023
1/21/2023,12:30,Premier League,Matchweek 21,Sat,Home,D,0,0,Chelsea,1.4,1.6,48,53126,James Milner,4/3/2003,3/4/2003,Michael Oliver,Match Report,,15,3,15.5,0,0,0,Liverpool,2023
2/4/2023,15:00,Premier League,Matchweek 22,Sat,Away,L,0,3,Wolves,1.8,2,59,31664,Andrew Robertson,4/3/2003,4/4/2002,Paul Tierney,Match Report,,22,2,19.5,1,0,0,Liverpool,2023
2/13/2023,20:00,Premier League,Matchweek 23,Mon,Home,W,2,0,Everton,2.3,0.4,59,53027,Jordan Henderson,4/3/2003,4/5/2001,Simon Hooper,Match Report,,15,6,16.7,1,0,0,Liverpool,2023
2/18/2023,17:30,Premier League,Matchweek 24,Sat,Away,W,2,0,Newcastle Utd,1.9,2,62,52758,Jordan Henderson,4/3/2003,4/3/2003,Anthony Taylor,Match Report,,13,7,16.4,1,0,0,Liverpool,2023
2/25/2023,19:45,Premier League,Matchweek 25,Sat,Away,D,0,0,Crystal Palace,0.9,0.7,63,25842,Jordan Henderson,4/3/2003,4-2-3-1,Darren England,Match Report,,12,4,16,1,0,0,Liverpool,2023
3/1/2023,20:00,Premier League,Matchweek 7,Wed,Home,W,2,0,Wolves,2.6,0.8,57,53259,Virgil van Dijk,4/3/2003,4-2-3-1,Paul Tierney,Match Report,,15,6,13.6,0,0,0,Liverpool,2023
3/5/2023,16:30,Premier League,Matchweek 26,Sun,Home,W,7,0,Manchester Utd,2.8,0.8,59,53001,Jordan Henderson,4/3/2003,4-2-3-1,Andy Madley,Match Report,,18,8,12.7,0,0,0,Liverpool,2023
3/11/2023,12:30,Premier League,Matchweek 27,Sat,Away,L,0,1,Bournemouth,1.7,0.9,69,10536,Virgil van Dijk,4/3/2003,4-4-1-1,John Brooks,Match Report,,14,5,18.5,0,0,1,Liverpool,2023
4/1/2023,12:30,Premier League,Matchweek 29,Sat,Away,L,1,4,Manchester City,0.3,2.9,32,52877,Jordan Henderson,4/3/2003,3-2-4-1,Simon Hooper,Match Report,,4,1,15.9,0,0,0,Liverpool,2023
4/4/2023,20:00,Premier League,Matchweek 8,Tue,Away,D,0,0,Chelsea,0.3,2.2,51,40093,Jordan Henderson,4/3/2003,3/5/2002,Anthony Taylor,Match Report,,7,3,25.4,0,0,0,Liverpool,2023
4/9/2023,16:30,Premier League,Matchweek 30,Sun,Home,D,2,2,Arsenal,3.9,1.4,59,53267,Jordan Henderson,4/3/2003,4/3/2003,Paul Tierney,Match Report,,20,6,14,0,0,1,Liverpool,2023
4/17/2023,20:00,Premier League,Matchweek 31,Mon,Away,W,6,1,Leeds United,2.7,1.4,73,36657,Jordan Henderson,4/3/2003,4-2-3-1,Craig Pawson,Match Report,,13,7,12.9,0,0,0,Liverpool,2023
4/22/2023,15:00,Premier League,Matchweek 32,Sat,Home,W,3,2,Nott'ham Forest,2.8,0.9,80,53254,Jordan Henderson,4/3/2003,3/4/2003,Michael Oliver,Match Report,,18,5,12.5,0,0,0,Liverpool,2023
4/26/2023,19:45,Premier League,Matchweek 33,Wed,Away,W,2,1,West Ham,1.9,0.8,72,62473,Jordan Henderson,4/3/2003,4-2-3-1,Chris Kavanagh,Match Report,,20,4,16.8,0,0,0,Liverpool,2023
4/30/2023,16:30,Premier League,Matchweek 34,Sun,Home,W,4,3,Tottenham,2.2,2,67,53275,Virgil van Dijk,4/3/2003,3/4/2003,Paul Tierney,Match Report,,11,3,16.1,0,1,1,Liverpool,2023
5/3/2023,20:00,Premier League,Matchweek 28,Wed,Home,W,1,0,Fulham,1.8,0.9,57,52602,Jordan Henderson,4/3/2003,4-2-3-1,Stuart Attwell,Match Report,,14,2,22.6,0,1,1,Liverpool,2023
5/6/2023,17:30,Premier League,Matchweek 35,Sat,Home,W,1,0,Brentford,2.2,0.2,54,52838,Virgil van Dijk,4/3/2003,5/3/2002,Anthony Taylor,Match Report,,15,5,18.8,0,0,0,Liverpool,2023
5/15/2023,20:00,Premier League,Matchweek 36,Mon,Away,W,3,0,Leicester City,2.2,0.4,66,32225,Jordan Henderson,4/3/2003,4-2-3-1,Craig Pawson,Match Report,,16,5,17.5,1,0,0,Liverpool,2023
5/20/2023,15:00,Premier League,Matchweek 37,Sat,Home,D,1,1,Aston Villa,0.7,1.3,66,53306,Jordan Henderson,4/3/2003,4-2-3-1,John Brooks,Match Report,,10,5,18.2,0,0,0,Liverpool,2023
5/28/2023,16:30,Premier League,Matchweek 38,Sun,Away,D,4,4,Southampton,4,1.8,69,31129,James Milner,4/3/2003,4-2-3-1,Darren England,Match Report,,30,8,18.5,0,0,0,Liverpool,2023
8/13/2023,16:30,Premier League,Matchweek 1,Sun,Away,D,1,1,Chelsea,1.3,1.4,35,40096,Virgil van Dijk,4/3/2003,3/4/2003,Anthony Taylor,Match Report,,13,1,17.8,0,0,0,Liverpool,2024
8/19/2023,15:00,Premier League,Matchweek 2,Sat,Home,W,3,1,Bournemouth,3,1.3,64,53145,Virgil van Dijk,4/3/2003,4-2-3-1,Thomas Bramall,Match Report,,25,9,16.8,1,0,1,Liverpool,2024
8/27/2023,16:30,Premier League,Matchweek 3,Sun,Away,W,2,1,Newcastle Utd,0.9,2,41,52214,Virgil van Dijk,4/3/2003,4/3/2003,John Brooks,Match Report,,9,4,17.2,1,0,0,Liverpool,2024
9/3/2023,14:00,Premier League,Matchweek 4,Sun,Home,W,3,0,Aston Villa,2.5,0.7,63,50109,Trent Alexander-Arnold,4/3/2003,4/4/2002,Simon Hooper,Match Report,,17,4,14.7,0,0,0,Liverpool,2024
9/16/2023,12:30,Premier League,Matchweek 5,Sat,Away,W,3,1,Wolves,2.5,0.6,65,31257,Andrew Robertson,4/3/2003,4-2-3-1,Michael Oliver,Match Report,,16,5,15.8,0,0,0,Liverpool,2024
9/24/2023,14:00,Premier League,Matchweek 6,Sun,Home,W,3,1,West Ham,3,1.1,63,50136,Virgil van Dijk,4/3/2003,4-2-3-1,Chris Kavanagh,Match Report,,21,6,19.3,2,1,1,Liverpool,2024
9/30/2023,17:30,Premier League,Matchweek 7,Sat,Away,L,1,2,Tottenham,1.3,2.2,36,62001,Virgil van Dijk,4/3/2003,4-2-3-1,Simon Hooper,Match Report,,12,4,14.9,0,0,0,Liverpool,2024
10/8/2023,14:00,Premier League,Matchweek 8,Sun,Away,D,2,2,Brighton,2.3,2.3,54,31752,Virgil van Dijk,4/3/2003,4-2-3-1,Anthony Taylor,Match Report,,13,3,18.8,0,1,1,Liverpool,2024
10/21/2023,12:30,Premier League,Matchweek 9,Sat,Home,W,2,0,Everton,2.2,0.1,77,50201,Virgil van Dijk,4/3/2003,4-4-1-1,Craig Pawson,Match Report,,25,5,22.4,1,1,1,Liverpool,2024
10/29/2023,14:00,Premier League,Matchweek 10,Sun,Home,W,3,0,Nott'ham Forest,3.2,0.4,72,50143,Virgil van Dijk,4/3/2003,5/4/2001,Chris Kavanagh,Match Report,,21,8,19.5,2,0,0,Liverpool,2024
11/5/2023,16:30,Premier League,Matchweek 11,Sun,Away,D,1,1,Luton Town,2.6,0.8,73,11049,Virgil van Dijk,4/3/2003,3/4/2003,Andy Madley,Match Report,,24,6,17.5,0,0,0,Liverpool,2024
11/12/2023,14:00,Premier League,Matchweek 12,Sun,Home,W,3,0,Brentford,1.7,1.6,58,50151,Virgil van Dijk,4/3/2003,5/3/2002,Paul Tierney,Match Report,,17,10,19,0,0,0,Liverpool,2024
11/25/2023,12:30,Premier League,Matchweek 13,Sat,Away,D,1,1,Manchester City,0.6,1.3,41,53289,Virgil van Dijk,4/3/2003,3-2-4-1,Chris Kavanagh,Match Report,,8,3,15.9,0,0,0,Liverpool,2024
12/3/2023,14:00,Premier League,Matchweek 14,Sun,Home,W,4,3,Fulham,2.1,1.2,61,50124,Virgil van Dijk,4/3/2003,4-2-3-1,Stuart Attwell,Match Report,,26,12,18.9,1,0,0,Liverpool,2024
12/6/2023,19:30,Premier League,Matchweek 15,Wed,Away,W,2,0,Sheffield Utd,1.7,1,75,31406,Virgil van Dijk,4/3/2003,3/4/2003,Simon Hooper,Match Report,,15,8,16.4,0,0,0,Liverpool,2024
12/9/2023,12:30,Premier League,Matchweek 16,Sat,Away,W,2,1,Crystal Palace,1.2,1.7,76,25103,Virgil van Dijk,4/3/2003,4/3/2003,Andy Madley,Match Report,,14,2,17.4,0,0,0,Liverpool,2024
12/17/2023,16:30,Premier League,Matchweek 17,Sun,Home,D,0,0,Manchester Utd,2.3,0.8,68,57158,Virgil van Dijk,4/3/2003,4-2-3-1,Michael Oliver,Match Report,,34,8,17.7,0,0,0,Liverpool,2024
12/23/2023,17:30,Premier League,Matchweek 18,Sat,Home,D,1,1,Arsenal,1,0.7,52,57548,Virgil van Dijk,4/3/2003,4/3/2003,Chris Kavanagh,Match Report,,13,3,20.1,1,0,0,Liverpool,2024
12/26/2023,17:30,Premier League,Matchweek 19,Tue,Away,W,2,0,Burnley,1.8,0.8,68,21624,Virgil van Dijk,4/3/2003,4/4/2002,Paul Tierney,Match Report,,19,10,17.4,0,0,0,Liverpool,2024
1/1/2024,20:00,Premier League,Matchweek 20,Mon,Home,W,4,2,Newcastle Utd,7,0.6,61,57471,Virgil van Dijk,4/3/2003,4/3/2003,Anthony Taylor,Match Report,,32,12,16.2,0,1,2,Liverpool,2024
1/21/2024,16:30,Premier League,Matchweek 21,Sun,Away,W,4,0,Bournemouth,1.5,1.4,60,11228,Virgil van Dijk,4/3/2003,4-2-3-1,Andy Madley,Match Report,,14,7,19.2,0,0,0,Liverpool,2024
1/31/2024,20:15,Premier League,Matchweek 22,Wed,Home,W,4,1,Chelsea,2.9,0.6,50,57524,Virgil van Dijk,4/3/2003,4-2-3-1,Paul Tierney,Match Report,,27,13,19.9,2,0,1,Liverpool,2024
2/4/2024,16:30,Premier League,Matchweek 23,Sun,Away,L,1,3,Arsenal,0.4,3.5,57,60374,Virgil van Dijk,4/3/2003,4/3/2003,Anthony Taylor,Match Report,,10,1,19.7,0,0,0,Liverpool,2024
2/10/2024,15:00,Premier League,Matchweek 24,Sat,Home,W,3,1,Burnley,2.8,1.3,70,59896,Virgil van Dijk,4/3/2003,4/4/2002,Tim Robinson,Match Report,,25,10,15.4,0,0,0,Liverpool,2024
2/17/2024,12:30,Premier League,Matchweek 25,Sat,Away,W,4,1,Brentford,2.8,1.6,62,17193,Virgil van Dijk,4/3/2003,3/5/2002,Michael Oliver,Match Report,,15,8,15.9,1,0,0,Liverpool,2024
2/21/2024,19:30,Premier League,Matchweek 26,Wed,Home,W,4,1,Luton Town,3.3,0.9,60,59713,Virgil van Dijk,4/3/2003,3/4/2003,Andy Madley,Match Report,,29,13,16.9,0,0,0,Liverpool,2024
3/2/2024,15:00,Premier League,Matchweek 27,Sat,Away,W,1,0,Nott'ham Forest,2,1,69,29603,Virgil van Dijk,4/3/2003,4-2-3-1,Paul Tierney,Match Report,,22,1,14.6,0,0,0,Liverpool,2024
3/10/2024,15:45,Premier League,Matchweek 28,Sun,Home,D,1,1,Manchester City,2.7,1.6,53,59947,Virgil van Dijk,4/3/2003,3-2-4-1,Michael Oliver,Match Report,,18,5,19,1,1,1,Liverpool,2024
3/31/2024,14:00,Premier League,Matchweek 30,Sun,Home,W,2,1,Brighton,2.8,0.5,55,60061,Virgil van Dijk,4/3/2003,4-2-3-1,David Coote,Match Report,,30,8,16.6,0,0,0,Liverpool,2024
4/4/2024,19:30,Premier League,Matchweek 31,Thu,Home,W,3,1,Sheffield Utd,1.8,0.6,82,60055,Virgil van Dijk,4/3/2003,3/5/2002,Stuart Attwell,Match Report,,29,9,18.1,1,0,0,Liverpool,2024
4/7/2024,15:30,Premier League,Matchweek 32,Sun,Away,D,2,2,Manchester Utd,3.6,0.7,62,73501,Virgil van Dijk,4/3/2003,4-2-3-1,Anthony Taylor,Match Report,,27,6,17.5,0,1,1,Liverpool,2024
4/14/2024,14:00,Premier League,Matchweek 33,Sun,Home,L,0,1,Crystal Palace,2.7,2,69,60090,Virgil van Dijk,4/3/2003,3/4/2003,Chris Kavanagh,Match Report,,21,5,12.5,1,0,0,Liverpool,2024
4/21/2024,16:30,Premier League,Matchweek 34,Sun,Away,W,3,1,Fulham,1,0.8,60,24414,Virgil van Dijk,4/3/2003,4-2-3-1,Craig Pawson,Match Report,,14,7,18.8,2,0,0,Liverpool,2024
4/24/2024,20:00,Premier League,Matchweek 29,Wed,Away,L,0,2,Everton,2.1,1.2,75,38222,Virgil van Dijk,4/3/2003,4-4-1-1,Andy Madley,Match Report,,23,7,16.8,0,0,0,Liverpool,2024
4/27/2024,12:30,Premier League,Matchweek 35,Sat,Away,D,2,2,West Ham,1.7,0.7,71,62474,Virgil van Dijk,4/3/2003,4-2-3-1,Anthony Taylor,Match Report,,28,8,16.6,1,0,0,Liverpool,2024
5/5/2024,16:30,Premier League,Matchweek 36,Sun,Home,W,4,2,Tottenham,3.3,1.2,44,60075,Virgil van Dijk,4/3/2003,4/3/2003,Paul Tierney,Match Report,,25,12,15.3,0,0,0,Liverpool,2024
5/13/2024,20:00,Premier League,Matchweek 37,Mon,Away,D,3,3,Aston Villa,1.7,3.1,59,42241,Virgil van Dijk,4/3/2003,4-2-3-1,Simon Hooper,Match Report,,14,7,17.1,0,0,0,Liverpool,2024
5/19/2024,16:00,Premier League,Matchweek 38,Sun,Home,W,2,0,Wolves,4.5,0.5,67,60059,Virgil van Dijk,4/3/2003,3-5-1-1,Chris Kavanagh,Match Report,,36,13,14.8,0,0,0,Liverpool,2024
8/17/2024,12:30,Premier League,Matchweek 1,Sat,Away,W,2,0,Ipswich Town,2.6,0.5,62,30014,Virgil van Dijk,4-2-3-1,4-2-3-1,Tim Robinson,Match Report,,18,5,14.8,0,0,0,Liverpool,2025
8/25/2024,16:30,Premier League,Matchweek 2,Sun,Home,W,2,0,Brentford,2.5,0.5,62,60017,Virgil van Dijk,4-2-3-1,4/4/2002,Stuart Attwell,Match Report,,19,8,13.6,1,0,0,Liverpool,2025
9/1/2024,16:00,Premier League,Matchweek 3,Sun,Away,W,3,0,Manchester Utd,1.8,1.4,47,73738,Virgil van Dijk,4-2-3-1,4-2-3-1,Anthony Taylor,Match Report,,11,3,13.4,0,0,0,Liverpool,2025
9/14/2024,15:00,Premier League,Matchweek 4,Sat,Home,L,0,1,Nott'ham Forest,0.9,0.4,68,60344,Virgil van Dijk,4-2-3-1,4-2-3-1,Michael Oliver,Match Report,,14,5,14.9,0,0,0,Liverpool,2025
9/21/2024,15:00,Premier League,Matchweek 5,Sat,Home,W,3,0,Bournemouth,2,1.1,58,60347,Virgil van Dijk,4-2-3-1,4-2-3-1,Tony Harrington,Match Report,,19,12,16.6,0,0,0,Liverpool,2025
9/28/2024,17:30,Premier League,Matchweek 6,Sat,Away,W,2,1,Wolves,2.5,0.6,55,31413,Virgil van Dijk,4-2-3-1,4-1-4-1,Anthony Taylor,Match Report,,9,5,18,1,1,1,Liverpool,2025
10/5/2024,12:30,Premier League,Matchweek 7,Sat,Away,W,1,0,Crystal Palace,1.4,0.6,68,25185,Virgil van Dijk,4-2-3-1,3/4/2003,Simon Hooper,Match Report,,16,4,18.9,0,0,0,Liverpool,2025
10/20/2024,16:30,Premier League,Matchweek 8,Sun,Home,W,2,1,Chelsea,1.9,1,43,60277,Virgil van Dijk,4-2-3-1,4-2-3-1,John Brooks,Match Report,,8,4,22.7,1,1,1,Liverpool,2025
10/27/2024,16:30,Premier League,Matchweek 9,Sun,Away,D,2,2,Arsenal,0.8,0.9,55,60383,Virgil van Dijk,4-2-3-1,4/4/2002,Anthony Taylor,Match Report,,9,4,17.8,0,0,0,Liverpool,2025
11/2/2024,15:00,Premier League,Matchweek 10,Sat,Home,W,2,1,Brighton,1.6,1,49,60331,Virgil van Dijk,4-2-3-1,4/4/2002,Tony Harrington,Match Report,,16,8,14,0,0,0,Liverpool,2025
11/9/2024,20:00,Premier League,Matchweek 11,Sat,Home,W,2,0,Aston Villa,2,1.2,62,60292,Virgil van Dijk,4-2-3-1,4-2-3-1,David Coote,Match Report,,14,5,16.1,0,0,0,Liverpool,2025
11/24/2024,14:00,Premier League,Matchweek 12,Sun,Away,W,3,2,Southampton,3.1,1.3,62,31278,Virgil van Dijk,4-2-3-1,5/4/2001,Samuel Barrott,Match Report,,26,10,18.2,1,1,1,Liverpool,2025
12/1/2024,16:00,Premier League,Matchweek 13,Sun,Home,W,2,0,Manchester City,3.4,0.8,44,60248,Virgil van Dijk,4-2-3-1,4-2-3-1,Chris Kavanagh,Match Report,,17,6,17.5,0,1,1,Liverpool,2025
12/4/2024,19:30,Premier League,Matchweek 14,Wed,Away,D,3,3,Newcastle Utd,1.9,2.1,58,52237,Virgil van Dijk,4-2-3-1,4/3/2003,Andy Madley,Match Report,,16,5,12.7,0,0,0,Liverpool,2025
12/14/2024,15:00,Premier League,Matchweek 16,Sat,Home,D,2,2,Fulham,2.1,1.2,61,60333,Virgil van Dijk,4/3/2003,4-2-3-1,Tony Harrington,Match Report,,16,4,13.9,0,0,0,Liverpool,2025
12/22/2024,16:30,Premier League,Matchweek 17,Sun,Away,W,6,3,Tottenham,5.6,1.3,48,61439,Virgil van Dijk,4-2-3-1,4-2-3-1,Samuel Barrott,Match Report,,24,11,13.3,0,0,0,Liverpool,2025
12/26/2024,20:00,Premier League,Matchweek 18,Thu,Home,W,3,1,Leicester City,2,0.3,68,60300,Virgil van Dijk,4-2-3-1,4-2-3-1,Darren Bond,Match Report,,19,7,15.3,0,0,0,Liverpool,2025
12/29/2024,17:15,Premier League,Matchweek 19,Sun,Away,W,5,0,West Ham,3.1,0.4,54,62476,Virgil van Dijk,4-2-3-1,4-2-3-1,Anthony Taylor,Match Report,,22,13,15.8,0,0,0,Liverpool,2025
1/5/2025,16:30,Premier League,Matchweek 20,Sun,Home,D,2,2,Manchester Utd,2.7,1,53,60275,Virgil van Dijk,4-2-3-1,3/4/2003,Michael Oliver,Match Report,,18,5,16.9,1,1,1,Liverpool,2025
1/14/2025,20:00,Premier League,Matchweek 21,Tue,Away,D,1,1,Nott'ham Forest,2,0.3,70,30249,Virgil van Dijk,4-2-3-1,4-2-3-1,Chris Kavanagh,Match Report,,23,6,17,0,0,0,Liverpool,2025
1/18/2025,15:00,Premier League,Matchweek 22,Sat,Away,W,2,0,Brentford,3.4,0.7,60,17215,Virgil van Dijk,4-2-3-1,4-2-3-1,Andy Madley,Match Report,,37,8,15.4,0,0,0,Liverpool,2025
1/25/2025,15:00,Premier League,Matchweek 23,Sat,Home,W,4,1,Ipswich Town,2,0.5,70,60420,Virgil van Dijk,4-2-3-1,4-2-3-1,Michael Salisbury,Match Report,,16,6,17.8,0,0,0,Liverpool,2025
2/1/2025,15:00,Premier League,Matchweek 24,Sat,Away,W,2,0,Bournemouth,2.5,1.6,51,11239,Virgil van Dijk,4-2-3-1,4-2-3-1,Darren England,Match Report,,18,6,18.5,0,1,1,Liverpool,2025
2/12/2025,19:30,Premier League,Matchweek 15,Wed,Away,D,2,2,Everton,0.6,1,63,39280,Virgil van Dijk,4-2-3-1,4-2-3-1,Michael Oliver,Match Report,,6,4,15.4,0,0,0,Liverpool,2025
2/16/2025,14:00,Premier League,Matchweek 25,Sun,Home,W,2,1,Wolves,1.7,1.5,50,60248,Virgil van Dijk,4-2-3-1,3/4/2003,Simon Hooper,Match Report,,9,2,16.9,0,1,1,Liverpool,2025
2/19/2025,19:30,Premier League,Matchweek 29,Wed,Away,D,2,2,Aston Villa,2.5,0.6,48,41910,Virgil van Dijk,4-2-3-1,4-2-3-1,Craig Pawson,Match Report,,17,3,14.2,0,0,0,Liverpool,2025
2/23/2025,16:30,Premier League,Matchweek 26,Sun,Away,W,2,0,Manchester City,0.7,0.6,34,52803,Virgil van Dijk,4-2-2-2,4-1-4-1,Anthony Taylor,Match Report,,8,4,16.4,0,0,0,Liverpool,2025
2/26/2025,20:15,Premier League,Matchweek 27,Wed,Home,W,2,0,Newcastle Utd,1.7,0.2,61,60374,Virgil van Dijk,4-2-3-1,4-2-3-1,Stuart Attwell,Match Report,,12,3,16.2,0,0,0,Liverpool,2025
3/8/2025,15:00,Premier League,Matchweek 28,Sat,Home,W,3,1,Southampton,3.9,0.4,71,60399,Virgil van Dijk,4/3/2003,4-2-3-1,Lewis Smith,Match Report,,26,5,16.3,0,2,2,Liverpool,2025
4/2/2025,20:00,Premier League,Matchweek 30,Wed,Home,W,1,0,Everton,1.5,0.9,73,60457,Virgil van Dijk,4-2-3-1,4-2-3-1,Samuel Barrott,Match Report,,17,3,17.2,1,0,0,Liverpool,2025
4/6/2025,14:00,Premier League,Matchweek 31,Sun,Away,L,2,3,Fulham,1.5,0.7,63,27770,Virgil van Dijk,4-2-3-1,4-2-3-1,Chris Kavanagh,Match Report,,14,6,16.4,0,0,0,Liverpool,2025
4/13/2025,14:00,Premier League,Matchweek 32,Sun,Home,W,2,1,West Ham,1.8,1.4,55,60376,Virgil van Dijk,4-2-3-1,3/5/2002,Andy Madley,Match Report,,15,6,15.5,1,0,0,Liverpool,2025
4/20/2025,16:30,Premier League,Matchweek 33,Sun,Away,W,1,0,Leicester City,2.5,0.3,58,30402,Virgil van Dijk,4-2-3-1,4-2-3-1,Stuart Attwell,Match Report,,28,8,12.6,1,0,0,Liverpool,2025
4/27/2025,16:30,Premier League,Matchweek 34,Sun,Home,W,5,1,Tottenham,2.2,0.5,61,60415,Virgil van Dijk,4-2-3-1,4/3/2003,Thomas Bramall,Match Report,,25,6,19.3,0,0,0,Liverpool,2025
5/4/2025,16:30,Premier League,Matchweek 35,Sun,Away,L,1,3,Chelsea,1,3.1,64,39829,Virgil van Dijk,4-2-3-1,4-2-3-1,Simon Hooper,Match Report,,11,2,13.5,1,0,0,Liverpool,2025
5/11/2025,16:30,Premier League,Matchweek 36,Sun,Home,D,2,2,Arsenal,2.4,2.6,45,60324,Virgil van Dijk,4-2-3-1,4/3/2003,Anthony Taylor,Match Report,,14,5,16.6,1,0,0,Liverpool,2025
5/19/2025,20:00,Premier League,Matchweek 37,Mon,Away,L,2,3,Brighton,2.2,2.2,51,31611,Mohamed Salah,4-2-3-1,4-2-3-1,Andy Madley,Match Report,,18,5,16.1,1,0,0,Liverpool,2025
5/25/2025,16:00,Premier League,Matchweek 38,Sun,Home,D,1,1,Crystal Palace,2.1,1.8,69,60382,Virgil van Dijk,4-2-3-1,3/4/2003,Darren England,Match Report,,14,3,14.3,0,0,0,Liverpool,2025
8/12/2023,15:00,Premier League,Matchweek 1,Sat,Away,L,1,4,Brighton,1.5,4,30,31872,Tom Lockyer,3/5/2002,4-2-3-1,David Coote,Match Report,,8,2,16.6,0,1,1,Luton Town,2024
8/25/2023,20:00,Premier League,Matchweek 3,Fri,Away,L,0,3,Chelsea,0.4,2.2,33,39893,Tom Lockyer,5/3/2002,3/4/2003,Robert Jones,Match Report,,11,1,19,1,0,0,Luton Town,2024
9/1/2023,20:00,Premier League,Matchweek 4,Fri,Home,L,1,2,West Ham,1.4,1,39,10802,Carlton Morris,5/3/2002,4-2-3-1,Paul Tierney,Match Report,,16,1,11.9,0,0,0,Luton Town,2024
9/16/2023,15:00,Premier League,Matchweek 5,Sat,Away,L,0,1,Fulham,1.1,1,23,24467,Tom Lockyer,5/3/2002,4/3/2003,Michael Salisbury,Match Report,,7,2,10,0,0,0,Luton Town,2024
9/23/2023,15:00,Premier League,Matchweek 6,Sat,Home,D,1,1,Wolves,2.1,0.6,57,10893,Tom Lockyer,3/4/2003,4-2-3-1,Joshua Smith,Match Report,,19,3,17.3,0,1,1,Luton Town,2024
9/30/2023,15:00,Premier League,Matchweek 7,Sat,Away,W,2,1,Everton,0.9,2.9,33,39289,Tom Lockyer,3/4/2003,4-4-1-1,Anthony Taylor,Match Report,,9,2,13.4,0,0,0,Luton Town,2024
10/3/2023,19:30,Premier League,Matchweek 2,Tue,Home,L,1,2,Burnley,1.3,1.1,49,10918,Tom Lockyer,3/4/2003,4/3/2003,Peter Bankes,Match Report,,18,2,13.1,0,0,0,Luton Town,2024
10/7/2023,12:30,Premier League,Matchweek 8,Sat,Home,L,0,1,Tottenham,0.8,1.9,34,10290,Tom Lockyer,4/4/2002,4-2-3-1,John Brooks,Match Report,,12,2,16.3,0,0,0,Luton Town,2024
10/21/2023,15:00,Premier League,Matchweek 9,Sat,Away,D,2,2,Nott'ham Forest,1.7,2.9,43,29361,Tom Lockyer,4/4/2002,4/3/2003,Samuel Barrott,Match Report,,13,4,17.6,0,0,0,Luton Town,2024
10/29/2023,14:00,Premier League,Matchweek 10,Sun,Away,L,1,3,Aston Villa,0.5,2.3,30,41785,Tom Lockyer,3/4/2003,4/4/2002,John Brooks,Match Report,,7,1,17.3,0,0,0,Luton Town,2024
11/5/2023,16:30,Premier League,Matchweek 11,Sun,Home,D,1,1,Liverpool,0.8,2.6,27,11049,Tom Lockyer,3/4/2003,4/3/2003,Andy Madley,Match Report,,8,5,17.9,0,0,0,Luton Town,2024
11/11/2023,15:00,Premier League,Matchweek 12,Sat,Away,L,0,1,Manchester Utd,0.4,2.2,36,73599,Tom Lockyer,3/4/2003,4-2-3-1,Graham Scott,Match Report,,10,4,21.9,1,0,0,Luton Town,2024
11/25/2023,15:00,Premier League,Matchweek 13,Sat,Home,W,2,1,Crystal Palace,0.9,1.6,39,11029,Tom Lockyer,3/4/2003,4-2-3-1,Jarred Gillett,Match Report,,8,3,14.2,0,0,0,Luton Town,2024
12/2/2023,15:00,Premier League,Matchweek 14,Sat,Away,L,1,3,Brentford,0.2,3.1,32,17075,Tom Lockyer,3/4/2003,4/3/2003,Anthony Taylor,Match Report,,7,1,23.8,0,0,0,Luton Town,2024
12/5/2023,20:15,Premier League,Matchweek 15,Tue,Home,L,3,4,Arsenal,0.5,2.2,34,11031,Pelly Ruddock Mpanzu,3/4/2003,4/3/2003,Samuel Barrott,Match Report,,6,4,18.8,0,0,0,Luton Town,2024
12/10/2023,14:00,Premier League,Matchweek 16,Sun,Home,L,1,2,Manchester City,0.3,1.6,35,11047,Tom Lockyer,3/4/2003,4-2-3-1,Tim Robinson,Match Report,,4,2,19.2,0,0,0,Luton Town,2024
12/23/2023,15:00,Premier League,Matchweek 18,Sat,Home,W,1,0,Newcastle Utd,1.4,1.4,35,11042,Amari'i Bell,3/4/2003,4/3/2003,Darren England,Match Report,,16,5,19.4,0,0,0,Luton Town,2024
12/26/2023,15:00,Premier League,Matchweek 19,Tue,Away,W,3,2,Sheffield Utd,0.6,2.4,49,31041,Amari'i Bell,3/4/2003,4/4/2002,Samuel Allison,Match Report,,12,4,17.9,1,0,0,Luton Town,2024
12/30/2023,12:30,Premier League,Matchweek 20,Sat,Home,L,2,3,Chelsea,2.3,1.5,52,11041,Amari'i Bell,3/4/2003,4-2-3-1,Paul Tierney,Match Report,,15,6,11.6,1,0,0,Luton Town,2024
1/12/2024,19:45,Premier League,Matchweek 21,Fri,Away,D,1,1,Burnley,0.9,1.1,61,20155,Amari'i Bell,3/4/2003,4/4/2002,Tony Harrington,Match Report,,14,5,18.2,0,0,0,Luton Town,2024
1/30/2024,19:45,Premier League,Matchweek 22,Tue,Home,W,4,0,Brighton,3.1,0.9,41,10994,Carlton Morris,3/4/2003,3/4/2003,Robert Jones,Match Report,,18,8,13.8,1,0,0,Luton Town,2024
2/3/2024,15:00,Premier League,Matchweek 23,Sat,Away,D,4,4,Newcastle Utd,2.4,2.3,45,52211,Carlton Morris,3/4/2003,4/3/2003,Thomas Bramall,Match Report,,10,7,14,0,1,1,Luton Town,2024
2/10/2024,15:00,Premier League,Matchweek 24,Sat,Home,L,1,3,Sheffield Utd,1.8,1.7,74,11138,Carlton Morris,3/4/2003,5/4/2001,Chris Kavanagh,Match Report,,19,4,17.3,0,1,1,Luton Town,2024
2/18/2024,16:30,Premier League,Matchweek 25,Sun,Home,L,1,2,Manchester Utd,1.8,2.9,58,11483,Carlton Morris,3/4/2003,4-2-3-1,David Coote,Match Report,,22,4,18.6,1,0,0,Luton Town,2024
2/21/2024,19:30,Premier League,Matchweek 26,Wed,Away,L,1,4,Liverpool,0.9,3.3,40,59713,Carlton Morris,3/4/2003,4/3/2003,Andy Madley,Match Report,,12,3,19,1,0,0,Luton Town,2024
3/2/2024,17:30,Premier League,Matchweek 27,Sat,Home,L,2,3,Aston Villa,1.8,1.9,46,11594,Carlton Morris,3/4/2003,4-2-3-1,Michael Oliver,Match Report,,14,4,11.4,1,0,0,Luton Town,2024
3/9/2024,15:00,Premier League,Matchweek 28,Sat,Away,D,1,1,Crystal Palace,0.8,2.7,51,25103,Carlton Morris,3/4/2003,3/4/2003,Sunny Singh,Match Report,,8,2,11.9,0,0,0,Luton Town,2024
3/13/2024,19:30,Premier League,Matchweek 17,Wed,Away,L,3,4,Bournemouth,2,2.3,41,11198,Carlton Morris,3/4/2003,4-2-3-1,Samuel Allison,Match Report,,8,4,8.4,0,0,0,Luton Town,2024
3/16/2024,15:00,Premier League,Matchweek 29,Sat,Home,D,1,1,Nott'ham Forest,0.6,2,60,11630,Carlton Morris,3/4/2003,4-2-3-1,Darren England,Match Report,,10,4,18.5,0,0,0,Luton Town,2024
3/30/2024,15:00,Premier League,Matchweek 30,Sat,Away,L,1,2,Tottenham,0.5,2.9,30,61534,Carlton Morris,4/3/2003,4-2-3-1,Jarred Gillett,Match Report,,7,3,17.7,0,0,0,Luton Town,2024
4/3/2024,19:30,Premier League,Matchweek 31,Wed,Away,L,0,2,Arsenal,0.3,0.7,42,60262,Carlton Morris,3/4/2003,4/3/2003,Craig Pawson,Match Report,,5,1,15.9,1,0,0,Luton Town,2024
4/6/2024,15:00,Premier League,Matchweek 32,Sat,Home,W,2,1,Bournemouth,1.5,0.4,55,11797,Carlton Morris,3/4/2003,4-2-3-1,Andy Madley,Match Report,,19,9,18.2,0,0,0,Luton Town,2024
4/13/2024,15:00,Premier League,Matchweek 33,Sat,Away,L,1,5,Manchester City,0.5,4.2,27,52149,Carlton Morris,3/4/2003,4-2-3-1,John Brooks,Match Report,,4,2,9.3,0,0,0,Luton Town,2024
4/20/2024,15:00,Premier League,Matchweek 34,Sat,Home,L,1,5,Brentford,0.6,3.1,53,11877,Carlton Morris,3/4/2003,4/3/2003,Jarred Gillett,Match Report,,6,3,17,0,0,0,Luton Town,2024
4/27/2024,15:00,Premier League,Matchweek 35,Sat,Away,L,1,2,Wolves,0.6,1.2,42,31531,Carlton Morris,3/4/2003,3-5-1-1,David Coote,Match Report,,9,6,17.4,0,0,0,Luton Town,2024
5/3/2024,20:00,Premier League,Matchweek 36,Fri,Home,D,1,1,Everton,0.8,1.4,51,11873,Carlton Morris,3/4/2003,4-4-1-1,Tim Robinson,Match Report,,18,5,18.4,0,0,0,Luton Town,2024
5/11/2024,15:00,Premier League,Matchweek 37,Sat,Away,L,1,3,West Ham,0.3,3.2,42,62475,Carlton Morris,3/4/2003,4-2-3-1,Michael Oliver,Match Report,,4,1,12.5,0,0,0,Luton Town,2024
5/19/2024,16:00,Premier League,Matchweek 38,Sun,Home,L,2,4,Fulham,2,1.1,41,12027,Carlton Morris,3/4/2003,4-2-3-1,Matt Donohue,Match Report,,14,5,19.3,2,1,1,Luton Town,2024
9/21/2020,20:15,Premier League,Matchweek 2,Mon,Away,W,3,1,Wolves,1.9,0.6,65,,Fernandinho,4-2-3-1,5/3/2002,Andre Marriner,Match Report,,13,8,21.1,2,1,1,Manchester City,2021
9/27/2020,16:30,Premier League,Matchweek 3,Sun,Home,L,2,5,Leicester City,0.9,2.9,72,,Fernandinho,4-2-3-1,5/4/2001,Michael Oliver,Match Report,,16,5,19.8,1,0,0,Manchester City,2021
10/3/2020,17:30,Premier League,Matchweek 4,Sat,Away,D,1,1,Leeds United,1.2,2.4,49,,Kevin De Bruyne,4/3/2003,4-1-4-1,Mike Dean,Match Report,,23,1,18.2,1,0,0,Manchester City,2021
10/17/2020,17:30,Premier League,Matchweek 5,Sat,Home,W,1,0,Arsenal,1.3,0.9,58,,Raheem Sterling,3-1-4-2,4/3/2003,Chris Kavanagh,Match Report,,13,5,17.7,0,0,0,Manchester City,2021
10/24/2020,12:30,Premier League,Matchweek 6,Sat,Away,D,1,1,West Ham,1,0.3,69,,Raheem Sterling,4/3/2003,5/4/2001,Anthony Taylor,Match Report,,14,7,20.9,1,0,0,Manchester City,2021
10/31/2020,12:30,Premier League,Matchweek 7,Sat,Away,W,1,0,Sheffield Utd,1.6,0.5,65,,Kevin De Bruyne,4/3/2003,5/3/2002,Michael Oliver,Match Report,,16,8,18.5,2,0,0,Manchester City,2021
11/8/2020,16:30,Premier League,Matchweek 8,Sun,Home,D,1,1,Liverpool,1.4,1.2,54,,Kevin De Bruyne,4-2-3-1,4-2-3-1,Craig Pawson,Match Report,,6,2,20.6,0,0,1,Manchester City,2021
11/21/2020,17:30,Premier League,Matchweek 9,Sat,Away,L,0,2,Tottenham,1.4,0.7,66,,Kevin De Bruyne,4/3/2003,4-2-3-1,Mike Dean,Match Report,,22,5,16,0,0,0,Manchester City,2021
11/28/2020,15:00,Premier League,Matchweek 10,Sat,Home,W,5,0,Burnley,1.7,0.5,68,,Kevin De Bruyne,4-2-3-1,4-4-1-1,Lee Mason,Match Report,,19,6,16.4,0,0,0,Manchester City,2021
12/5/2020,15:00,Premier League,Matchweek 11,Sat,Home,W,2,0,Fulham,2.9,0.3,69,,Kevin De Bruyne,4-2-3-1,3-4-1-2,Jonathan Moss,Match Report,,14,4,15.9,0,1,1,Manchester City,2021
12/12/2020,17:30,Premier League,Matchweek 12,Sat,Away,D,0,0,Manchester Utd,1.3,0.6,54,,Fernandinho,4-2-3-1,4-2-3-1,Chris Kavanagh,Match Report,,9,2,18.3,1,0,0,Manchester City,2021
12/15/2020,20:00,Premier League,Matchweek 13,Tue,Home,D,1,1,West Brom,2.2,0.4,77,,Kevin De Bruyne,4-2-3-1,4-1-4-1,Peter Bankes,Match Report,,26,7,17.1,2,0,0,Manchester City,2021
12/19/2020,15:00,Premier League,Matchweek 14,Sat,Away,W,1,0,Southampton,0.9,0.7,52,,Kevin De Bruyne,4-2-3-1,4/4/2002,Mike Dean,Match Report,,11,5,20.1,0,0,0,Manchester City,2021
12/26/2020,20:00,Premier League,Matchweek 15,Sat,Home,W,2,0,Newcastle Utd,3,0.3,74,,Kevin De Bruyne,3-4-3◆,5/4/2001,Andre Marriner,Match Report,,11,6,12.3,0,0,0,Manchester City,2021
1/3/2021,16:30,Premier League,Matchweek 17,Sun,Away,W,3,1,Chelsea,2.7,0.8,46,,Kevin De Bruyne,4/3/2003,4/3/2003,Anthony Taylor,Match Report,,18,6,15.1,1,0,0,Manchester City,2021
1/13/2021,18:00,Premier League,Matchweek 18,Wed,Home,W,1,0,Brighton,2,0.2,65,,Kevin De Bruyne,4/3/2003,4-1-2-1-2,Darren England,Match Report,,15,6,16.9,0,0,1,Manchester City,2021
1/17/2021,19:15,Premier League,Matchweek 19,Sun,Home,W,4,0,Crystal Palace,0.7,0.1,71,,Fernandinho,4/3/2003,4-1-4-1,Lee Mason,Match Report,,13,6,19.1,2,0,0,Manchester City,2021
1/20/2021,18:00,Premier League,Matchweek 1,Wed,Home,W,2,0,Aston Villa,3.4,0.6,69,,Kevin De Bruyne,4/3/2003,4-2-3-1,Jonathan Moss,Match Report,,27,8,15.8,0,1,1,Manchester City,2021
1/26/2021,20:15,Premier League,Matchweek 20,Tue,Away,W,5,0,West Brom,1.8,0.5,77,,Raheem Sterling,4/3/2003,4-4-1-1,Chris Kavanagh,Match Report,,18,7,17.4,0,0,0,Manchester City,2021
1/30/2021,15:00,Premier League,Matchweek 21,Sat,Home,W,1,0,Sheffield Utd,1.5,0.2,75,,Fernandinho,4/3/2003,5/3/2002,David Coote,Match Report,,10,5,17.2,0,0,0,Manchester City,2021
2/3/2021,18:00,Premier League,Matchweek 22,Wed,Away,W,2,0,Burnley,2,0.1,74,,Raheem Sterling,4/3/2003,4/4/2002,Martin Atkinson,Match Report,,13,6,15.5,0,0,0,Manchester City,2021
2/7/2021,16:30,Premier League,Matchweek 23,Sun,Away,W,4,1,Liverpool,3.5,1.2,44,,Raheem Sterling,4/3/2003,4/3/2003,Michael Oliver,Match Report,,7,5,13.4,0,0,1,Manchester City,2021
2/13/2021,17:30,Premier League,Matchweek 24,Sat,Home,W,3,0,Tottenham,2.2,0.3,60,,Raheem Sterling,4/3/2003,4-2-3-1,Paul Tierney,Match Report,,14,5,16.3,0,1,1,Manchester City,2021
2/17/2021,20:15,Premier League,Matchweek 16,Wed,Away,W,3,1,Everton,1,1,71,,Raheem Sterling,4/3/2003,4-4-1-1,Andre Marriner,Match Report,,16,7,17.9,0,0,0,Manchester City,2021
2/21/2021,16:30,Premier League,Matchweek 25,Sun,Away,W,1,0,Arsenal,1.8,0.3,55,,Fernandinho,4/3/2003,4-2-3-1,Jonathan Moss,Match Report,,15,3,16.2,0,0,0,Manchester City,2021
2/27/2021,12:30,Premier League,Matchweek 26,Sat,Home,W,2,1,West Ham,0.5,1.5,63,,Fernandinho,4/3/2003,3/4/2003,Michael Oliver,Match Report,,10,3,20.4,0,0,0,Manchester City,2021
3/2/2021,20:00,Premier League,Matchweek 29,Tue,Home,W,4,1,Wolves,3.3,0.3,72,,Kevin De Bruyne,4/3/2003,3/4/2003,Chris Kavanagh,Match Report,,22,10,14.6,0,0,0,Manchester City,2021
3/7/2021,16:30,Premier League,Matchweek 27,Sun,Home,L,0,2,Manchester Utd,1.3,1.7,66,,Kevin De Bruyne,4-2-3-1,4-2-3-1,Anthony Taylor,Match Report,,23,6,18.7,1,0,0,Manchester City,2021
3/10/2021,18:00,Premier League,Matchweek 33,Wed,Home,W,5,2,Southampton,2.6,1.6,58,,Fernandinho,4/3/2003,4/4/2002,Jonathan Moss,Match Report,,17,10,16,0,0,0,Manchester City,2021
3/13/2021,20:00,Premier League,Matchweek 28,Sat,Away,W,3,0,Fulham,2.2,0.3,54,,Sergio Agüero,3/4/2003,4/3/2003,Andre Marriner,Match Report,,7,6,15.3,0,1,1,Manchester City,2021
4/3/2021,17:30,Premier League,Matchweek 30,Sat,Away,W,2,0,Leicester City,1.4,0.3,56,,Fernandinho,4-2-3-1,3/5/2002,Anthony Taylor,Match Report,,11,4,14.5,1,0,0,Manchester City,2021
4/10/2021,12:30,Premier League,Matchweek 31,Sat,Home,L,1,2,Leeds United,2.1,0.1,71,,Fernandinho,4/3/2003,4-1-4-1,Andre Marriner,Match Report,,29,7,18.9,1,0,0,Manchester City,2021
4/21/2021,20:15,Premier League,Matchweek 32,Wed,Away,W,2,1,Aston Villa,1.2,0.7,72,,İlkay Gündoğan,4/3/2003,4-1-4-1,Peter Bankes,Match Report,,13,3,19.3,2,0,0,Manchester City,2021
5/1/2021,12:30,Premier League,Matchweek 34,Sat,Away,W,2,0,Crystal Palace,1.7,0.9,68,,Fernandinho,4-4-1-1,4/3/2003,David Coote,Match Report,,20,3,14.6,1,0,0,Manchester City,2021
5/8/2021,17:30,Premier League,Matchweek 35,Sat,Home,L,1,2,Chelsea,1.8,0.7,48,,Raheem Sterling,3-1-4-2,3/4/2003,Anthony Taylor,Match Report,,15,3,20,0,0,1,Manchester City,2021
5/14/2021,20:00,Premier League,Matchweek 36,Fri,Away,W,4,3,Newcastle Utd,1.5,2.2,82,,Raheem Sterling,4/3/2003,5/3/2002,Kevin Friend,Match Report,,15,6,20,1,0,0,Manchester City,2021
5/18/2021,19:00,Premier League,Matchweek 37,Tue,Away,L,2,3,Brighton,0.9,1.1,37,7945,İlkay Gündoğan,4/3/2003,3/5/2002,Stuart Attwell,Match Report,,8,4,14.2,1,0,0,Manchester City,2021
5/23/2021,16:00,Premier League,Matchweek 38,Sun,Home,W,5,0,Everton,2.5,1.1,67,10000,Fernandinho,4/3/2003,4-3-1-2,Michael Oliver,Match Report,,21,11,15.6,0,0,0,Manchester City,2021
8/15/2021,16:30,Premier League,Matchweek 1,Sun,Away,L,0,1,Tottenham,1.8,1,65,58262,Fernandinho,4/3/2003,4/3/2003,Anthony Taylor,Match Report,,18,4,17.3,1,0,0,Manchester City,2022
8/21/2021,15:00,Premier League,Matchweek 2,Sat,Home,W,5,0,Norwich City,2.6,0.1,67,51437,İlkay Gündoğan,4/3/2003,4/3/2003,Graham Scott,Match Report,,16,4,18.5,1,0,0,Manchester City,2022
8/28/2021,12:30,Premier League,Matchweek 3,Sat,Home,W,5,0,Arsenal,4.4,0.2,80,52276,İlkay Gündoğan,4/3/2003,5/4/2001,Martin Atkinson,Match Report,,25,10,14.8,0,0,0,Manchester City,2022
9/11/2021,15:00,Premier League,Matchweek 4,Sat,Away,W,1,0,Leicester City,2.8,0.6,61,32087,İlkay Gündoğan,4/3/2003,4-2-3-1,Paul Tierney,Match Report,,25,8,14.3,0,0,0,Manchester City,2022
9/18/2021,15:00,Premier League,Matchweek 5,Sat,Home,D,0,0,Southampton,1,0.4,64,52698,Fernandinho,4/3/2003,4/4/2002,Jonathan Moss,Match Report,,16,1,16.4,1,0,0,Manchester City,2022
9/25/2021,12:30,Premier League,Matchweek 6,Sat,Away,W,1,0,Chelsea,1.7,0.2,59,40036,Rúben Dias,4/3/2003,3/5/2002,Michael Oliver,Match Report,,15,3,17.1,0,0,0,Manchester City,2022
10/3/2021,16:30,Premier League,Matchweek 7,Sun,Away,D,2,2,Liverpool,1.2,0.9,51,53102,Rúben Dias,4/3/2003,4/3/2003,Paul Tierney,Match Report,,12,3,17,1,0,0,Manchester City,2022
10/16/2021,15:00,Premier League,Matchweek 8,Sat,Home,W,2,0,Burnley,2.1,0.9,70,52711,Kevin De Bruyne,4/3/2003,4/4/2002,Martin Atkinson,Match Report,,15,6,14.4,0,0,0,Manchester City,2022
10/23/2021,17:30,Premier League,Matchweek 9,Sat,Away,W,4,1,Brighton,3.8,1.3,52,31215,İlkay Gündoğan,4/3/2003,3/5/2002,Kevin Friend,Match Report,,23,12,16,1,0,0,Manchester City,2022
10/30/2021,15:00,Premier League,Matchweek 10,Sat,Home,L,0,2,Crystal Palace,0.7,0.7,68,53014,Rúben Dias,4/3/2003,4/3/2003,Andre Marriner,Match Report,,14,3,17.7,0,0,0,Manchester City,2022
11/6/2021,12:30,Premier League,Matchweek 11,Sat,Away,W,2,0,Manchester Utd,1.6,0.9,67,73086,İlkay Gündoğan,4/3/2003,3/5/2002,Michael Oliver,Match Report,,16,5,14.7,0,0,0,Manchester City,2022
11/21/2021,14:00,Premier League,Matchweek 12,Sun,Home,W,3,0,Everton,2.5,0.2,77,52571,İlkay Gündoğan,4/3/2003,4-4-1-1,Stuart Attwell,Match Report,,17,7,16.4,1,0,0,Manchester City,2022
11/28/2021,14:00,Premier League,Matchweek 13,Sun,Home,W,2,1,West Ham,2.1,0.2,68,53245,İlkay Gündoğan,4/3/2003,4-2-3-1,Michael Oliver,Match Report,,19,8,16,0,0,0,Manchester City,2022
12/1/2021,20:15,Premier League,Matchweek 14,Wed,Away,W,2,1,Aston Villa,1,0.8,64,41400,Fernandinho,4-2-3-1,4/3/2003,Mike Dean,Match Report,,17,7,19.2,1,0,0,Manchester City,2022
12/4/2021,17:30,Premier League,Matchweek 15,Sat,Away,W,3,1,Watford,3.1,0.8,77,20673,İlkay Gündoğan,4/3/2003,4-1-4-1,Simon Hooper,Match Report,,26,12,14.4,0,0,0,Manchester City,2022
12/11/2021,12:30,Premier League,Matchweek 16,Sat,Home,W,1,0,Wolves,3.2,0.2,71,52613,İlkay Gündoğan,4/3/2003,3/5/2002,Jonathan Moss,Match Report,,23,8,15.7,0,1,1,Manchester City,2022
12/14/2021,20:00,Premier League,Matchweek 17,Tue,Home,W,7,0,Leeds United,3.1,0.3,63,52401,Rúben Dias,4-2-3-1,4-2-3-1,Paul Tierney,Match Report,,31,15,17.3,2,0,0,Manchester City,2022
12/19/2021,14:15,Premier League,Matchweek 18,Sun,Away,W,4,0,Newcastle Utd,2.9,0.3,71,52127,Rúben Dias,4-2-3-1,4/5/2001,Martin Atkinson,Match Report,,18,7,12.9,0,0,0,Manchester City,2022
12/26/2021,15:00,Premier League,Matchweek 19,Sun,Home,W,6,3,Leicester City,3.6,2.7,72,53226,Fernandinho,4/3/2003,4-4-1-1,Chris Kavanagh,Match Report,,15,6,17.5,1,2,2,Manchester City,2022
12/29/2021,20:15,Premier League,Matchweek 20,Wed,Away,W,1,0,Brentford,1.1,0.4,76,17009,Fernandinho,4/3/2003,3/5/2002,David Coote,Match Report,,12,3,19.8,0,0,0,Manchester City,2022
1/1/2022,12:30,Premier League,Matchweek 21,Sat,Away,W,2,1,Arsenal,2,0.8,71,59757,Rúben Dias,4-2-3-1,4-2-3-1,Stuart Attwell,Match Report,,14,1,18.7,0,1,1,Manchester City,2022
1/15/2022,12:30,Premier League,Matchweek 22,Sat,Home,W,1,0,Chelsea,1,0.3,56,53319,Kevin De Bruyne,4-2-3-1,3/4/2003,Craig Pawson,Match Report,,11,6,16.5,1,0,0,Manchester City,2022
1/22/2022,17:30,Premier League,Matchweek 23,Sat,Away,D,1,1,Southampton,1.8,0.8,74,31178,Rúben Dias,4/3/2003,4/4/2002,Simon Hooper,Match Report,,20,5,17.5,0,0,0,Manchester City,2022
2/9/2022,19:45,Premier League,Matchweek 24,Wed,Home,W,2,0,Brentford,1.9,0.4,74,51658,Rúben Dias,4/3/2003,3/5/2002,Darren England,Match Report,,14,6,19.8,0,1,1,Manchester City,2022
2/12/2022,17:30,Premier League,Matchweek 25,Sat,Away,W,4,0,Norwich City,4.6,0.4,71,27010,Fernandinho,4/3/2003,4/3/2003,Andre Marriner,Match Report,,21,8,11.8,0,0,1,Manchester City,2022
2/19/2022,17:30,Premier League,Matchweek 26,Sat,Home,L,2,3,Tottenham,2.1,1.4,71,53201,İlkay Gündoğan,4/3/2003,3/4/2003,Anthony Taylor,Match Report,,20,3,16.2,0,1,1,Manchester City,2022
2/26/2022,17:30,Premier League,Matchweek 27,Sat,Away,W,1,0,Everton,1.8,0.5,67,39105,İlkay Gündoğan,4/3/2003,4/3/2003,Paul Tierney,Match Report,,13,8,16.3,0,0,0,Manchester City,2022
3/6/2022,16:30,Premier League,Matchweek 28,Sun,Home,W,4,1,Manchester Utd,2.7,0.5,69,53165,Kevin De Bruyne,4/3/2003,4-2-3-1,Michael Oliver,Match Report,,24,10,15.2,1,0,0,Manchester City,2022
3/14/2022,20:00,Premier League,Matchweek 29,Mon,Away,D,0,0,Crystal Palace,2.8,0.6,73,25309,Kevin De Bruyne,4/3/2003,4/3/2003,Martin Atkinson,Match Report,,19,4,17.2,0,0,0,Manchester City,2022
4/2/2022,15:00,Premier League,Matchweek 31,Sat,Away,W,2,0,Burnley,1.8,0.1,76,21249,İlkay Gündoğan,4/3/2003,4/5/2001,Craig Pawson,Match Report,,18,6,16.5,0,0,0,Manchester City,2022
4/10/2022,16:30,Premier League,Matchweek 32,Sun,Home,D,2,2,Liverpool,1.3,1.3,55,53197,Kevin De Bruyne,4-2-3-1,4/3/2003,Anthony Taylor,Match Report,,11,4,17.8,1,0,0,Manchester City,2022
4/20/2022,20:00,Premier League,Matchweek 30,Wed,Home,W,3,0,Brighton,1.3,0.2,65,52226,İlkay Gündoğan,4/3/2003,3/5/2002,Mike Dean,Match Report,,17,5,20,0,0,0,Manchester City,2022
4/23/2022,15:00,Premier League,Matchweek 34,Sat,Home,W,5,1,Watford,3.6,0.5,73,53013,Fernandinho,4-2-3-1,4/3/2003,Kevin Friend,Match Report,,20,7,14.6,0,1,1,Manchester City,2022
4/30/2022,17:30,Premier League,Matchweek 35,Sat,Away,W,4,0,Leeds United,2.4,1.3,58,35771,İlkay Gündoğan,4-2-3-1,5/4/2001,Paul Tierney,Match Report,,19,6,16.2,0,0,0,Manchester City,2022
5/8/2022,16:30,Premier League,Matchweek 36,Sun,Home,W,5,0,Newcastle Utd,3.1,0.8,71,53336,İlkay Gündoğan,4-2-3-1,4/3/2003,Stuart Attwell,Match Report,,21,9,16,1,0,0,Manchester City,2022
5/11/2022,20:15,Premier League,Matchweek 33,Wed,Away,W,5,1,Wolves,2.3,0.5,66,32000,Fernandinho,4-2-3-1,3/5/2002,Martin Atkinson,Match Report,,15,5,14.7,0,0,0,Manchester City,2022
5/15/2022,14:00,Premier League,Matchweek 37,Sun,Away,D,2,2,West Ham,2.4,1.1,78,59972,Fernandinho,4/3/2003,4-2-3-1,Anthony Taylor,Match Report,,30,7,18.6,2,0,1,Manchester City,2022
5/22/2022,16:00,Premier League,Matchweek 38,Sun,Home,W,3,2,Aston Villa,3.4,0.2,71,53395,Fernandinho,4/3/2003,4-3-2-1,Michael Oliver,Match Report,,24,5,14.2,1,0,0,Manchester City,2022
8/7/2022,16:30,Premier League,Matchweek 1,Sun,Away,W,2,0,West Ham,2.2,0.5,75,62443,İlkay Gündoğan,4/3/2003,4-2-3-1,Michael Oliver,Match Report,,13,1,18.7,1,1,1,Manchester City,2023
8/13/2022,15:00,Premier League,Matchweek 2,Sat,Home,W,4,0,Bournemouth,1.7,0.1,67,53453,İlkay Gündoğan,4-2-3-1,3/4/2003,David Coote,Match Report,,19,7,17.5,0,0,0,Manchester City,2023
8/21/2022,16:30,Premier League,Matchweek 3,Sun,Away,D,3,3,Newcastle Utd,2.1,1.8,69,52258,İlkay Gündoğan,4/3/2003,4/3/2003,Jarred Gillett,Match Report,,21,10,16.2,1,0,0,Manchester City,2023
8/27/2022,15:00,Premier League,Matchweek 4,Sat,Home,W,4,2,Crystal Palace,2.2,0.1,74,53112,Kevin De Bruyne,4-2-3-1,5/4/2001,Darren England,Match Report,,18,5,14.1,0,0,0,Manchester City,2023
8/31/2022,19:30,Premier League,Matchweek 5,Wed,Home,W,6,0,Nott'ham Forest,3.3,0.7,74,53409,İlkay Gündoğan,4-2-3-1,5/3/2002,Paul Tierney,Match Report,,17,9,14.8,0,0,0,Manchester City,2023
9/3/2022,17:30,Premier League,Matchweek 6,Sat,Away,D,1,1,Aston Villa,2.1,0.3,71,41830,İlkay Gündoğan,4/3/2003,4-3-2-1,Simon Hooper,Match Report,,13,4,16.8,1,0,0,Manchester City,2023
9/17/2022,12:30,Premier League,Matchweek 8,Sat,Away,W,3,0,Wolves,1.1,0.4,59,31578,Kevin De Bruyne,4/3/2003,4/3/2003,Anthony Taylor,Match Report,,16,7,19.4,0,0,0,Manchester City,2023
10/2/2022,14:00,Premier League,Matchweek 9,Sun,Home,W,6,3,Manchester Utd,3.2,1.7,53,53475,İlkay Gündoğan,4/3/2003,4-2-3-1,Michael Oliver,Match Report,,22,9,14.2,1,0,0,Manchester City,2023
10/8/2022,15:00,Premier League,Matchweek 10,Sat,Home,W,4,0,Southampton,2.4,0.2,65,53365,Kevin De Bruyne,4-2-3-1,4/4/2002,Andy Madley,Match Report,,21,8,13.9,0,0,0,Manchester City,2023
10/16/2022,16:30,Premier League,Matchweek 11,Sun,Away,L,0,1,Liverpool,1,2.1,63,53286,İlkay Gündoğan,3/4/2003,4-2-3-1,Anthony Taylor,Match Report,,16,6,18.4,0,0,0,Manchester City,2023
10/22/2022,15:00,Premier League,Matchweek 13,Sat,Home,W,3,1,Brighton,1.6,0.5,48,53223,Kevin De Bruyne,4/3/2003,3-4-1-2,Craig Pawson,Match Report,,9,3,15,0,1,1,Manchester City,2023
10/29/2022,12:30,Premier League,Matchweek 14,Sat,Away,W,1,0,Leicester City,1,0.7,64,32223,İlkay Gündoğan,4/3/2003,3/4/2003,Robert Jones,Match Report,,15,5,20.8,1,0,0,Manchester City,2023
11/5/2022,15:00,Premier League,Matchweek 15,Sat,Home,W,2,1,Fulham,2.1,1,70,52395,İlkay Gündoğan,4/3/2003,4-2-3-1,Darren England,Match Report,,15,4,18.1,1,1,1,Manchester City,2023
11/12/2022,12:30,Premier League,Matchweek 16,Sat,Home,L,1,2,Brentford,1.6,1.3,74,52786,İlkay Gündoğan,4/3/2003,3/5/2002,Peter Bankes,Match Report,,29,6,20.9,0,0,0,Manchester City,2023
12/28/2022,20:00,Premier League,Matchweek 17,Wed,Away,W,3,1,Leeds United,4.3,0.6,69,36889,İlkay Gündoğan,4/3/2003,4/3/2003,Stuart Attwell,Match Report,,26,9,16,0,0,0,Manchester City,2023
12/31/2022,15:00,Premier League,Matchweek 18,Sat,Home,D,1,1,Everton,1.7,0.1,74,53444,Kevin De Bruyne,4/3/2003,5/3/2002,Andy Madley,Match Report,,16,3,15.4,0,0,0,Manchester City,2023
1/5/2023,20:00,Premier League,Matchweek 19,Thu,Away,W,1,0,Chelsea,2,0.4,52,39998,İlkay Gündoğan,3-2-4-1,4-2-3-1,Paul Tierney,Match Report,,12,3,16,0,0,0,Manchester City,2023
1/14/2023,12:30,Premier League,Matchweek 20,Sat,Away,L,1,2,Manchester Utd,0.6,1.7,70,75546,Kevin De Bruyne,4/3/2003,4-2-3-1,Stuart Attwell,Match Report,,5,1,19.2,0,0,0,Manchester City,2023
1/19/2023,20:00,Premier League,Matchweek 7,Thu,Home,W,4,2,Tottenham,2.3,0.8,58,53088,İlkay Gündoğan,4-2-3-1,3/4/2003,Simon Hooper,Match Report,,16,6,16.3,1,0,0,Manchester City,2023
1/22/2023,14:00,Premier League,Matchweek 21,Sun,Home,W,3,0,Wolves,2.8,0.8,55,53282,İlkay Gündoğan,3-2-4-1,4/3/2003,David Coote,Match Report,,12,5,14.8,0,1,1,Manchester City,2023
2/5/2023,16:30,Premier League,Matchweek 22,Sun,Away,L,0,1,Tottenham,1.3,1.4,64,61747,Kyle Walker,4/4/2002,3/4/2003,Andy Madley,Match Report,,15,5,17.7,1,0,0,Manchester City,2023
2/12/2023,16:30,Premier League,Matchweek 23,Sun,Home,W,3,1,Aston Villa,3.3,0.3,67,53392,İlkay Gündoğan,3-2-4-1,4/4/2002,Robert Jones,Match Report,,16,7,15.4,1,1,1,Manchester City,2023
2/15/2023,19:30,Premier League,Matchweek 12,Wed,Away,W,3,1,Arsenal,1.8,1.6,37,60276,İlkay Gündoğan,4-1-4-1,4/3/2003,Anthony Taylor,Match Report,,9,5,12.1,0,0,0,Manchester City,2023
2/18/2023,15:00,Premier League,Matchweek 24,Sat,Away,D,1,1,Nott'ham Forest,2.4,0.9,73,29365,İlkay Gündoğan,3-2-4-1,4-3-2-1,Graham Scott,Match Report,,23,6,18,2,0,0,Manchester City,2023
2/25/2023,17:30,Premier League,Matchweek 25,Sat,Away,W,4,1,Bournemouth,2.4,1,66,10481,İlkay Gündoğan,3-2-4-1,5/4/2001,Paul Tierney,Match Report,,20,5,15.3,1,0,0,Manchester City,2023
3/4/2023,12:30,Premier League,Matchweek 26,Sat,Home,W,2,0,Newcastle Utd,1.3,0.4,56,53419,İlkay Gündoğan,4-2-3-1,4/3/2003,Simon Hooper,Match Report,,11,3,15.8,2,0,0,Manchester City,2023
3/11/2023,17:30,Premier League,Matchweek 27,Sat,Away,W,1,0,Crystal Palace,2.1,0.2,67,25844,İlkay Gündoğan,4-2-3-1,4/3/2003,Robert Jones,Match Report,,13,3,19,1,1,1,Manchester City,2023
4/1/2023,12:30,Premier League,Matchweek 29,Sat,Home,W,4,1,Liverpool,2.9,0.3,68,52877,İlkay Gündoğan,3-2-4-1,4/3/2003,Simon Hooper,Match Report,,17,8,14.5,1,0,0,Manchester City,2023
4/8/2023,17:30,Premier League,Matchweek 30,Sat,Away,W,4,1,Southampton,2.9,0.4,73,30963,İlkay Gündoğan,3-2-4-1,4/4/2002,Robert Jones,Match Report,,12,7,13.2,0,1,1,Manchester City,2023
4/15/2023,17:30,Premier League,Matchweek 31,Sat,Home,W,3,1,Leicester City,1.6,2.3,70,53329,Kevin De Bruyne,3-2-4-1,3/4/2003,Darren England,Match Report,,11,3,17.8,0,1,1,Manchester City,2023
4/26/2023,20:00,Premier League,Matchweek 33,Wed,Home,W,4,1,Arsenal,2.5,0.5,52,53482,İlkay Gündoğan,4/3/2003,4/3/2003,Michael Oliver,Match Report,,14,9,15.9,0,0,0,Manchester City,2023
4/30/2023,14:00,Premier League,Matchweek 34,Sun,Away,W,2,1,Fulham,2.5,0.2,62,24498,İlkay Gündoğan,3-2-4-1,4-2-3-1,Simon Hooper,Match Report,,11,8,14.1,0,1,1,Manchester City,2023
5/3/2023,20:00,Premier League,Matchweek 28,Wed,Home,W,3,0,West Ham,2.3,0.4,69,53305,Kyle Walker,3-2-4-1,4-2-3-1,John Brooks,Match Report,,16,7,16.3,0,0,0,Manchester City,2023
5/6/2023,15:00,Premier League,Matchweek 35,Sat,Home,W,2,1,Leeds United,2.6,0.2,80,53406,İlkay Gündoğan,3-2-4-1,4-2-3-1,Andy Madley,Match Report,,17,6,18.7,2,0,1,Manchester City,2023
5/14/2023,14:00,Premier League,Matchweek 36,Sun,Away,W,3,0,Everton,0.8,1.6,63,39376,İlkay Gündoğan,4-2-3-1,4-2-3-1,Anthony Taylor,Match Report,,9,4,19.3,2,0,0,Manchester City,2023
5/21/2023,16:00,Premier League,Matchweek 37,Sun,Home,W,1,0,Chelsea,1.2,1.2,64,53490,Kyle Walker,3-4-3◆,3-4-1-2,Michael Oliver,Match Report,,15,2,18.8,0,0,0,Manchester City,2023
5/24/2023,20:00,Premier League,Matchweek 32,Wed,Away,D,1,1,Brighton,1.8,2.2,60,31388,İlkay Gündoğan,4/3/2003,4-2-3-1,Simon Hooper,Match Report,,13,4,13.9,0,0,0,Manchester City,2023
5/28/2023,16:30,Premier League,Matchweek 38,Sun,Away,L,0,1,Brentford,1.6,1.3,65,17120,Kyle Walker,3-2-4-1,5/3/2002,John Brooks,Match Report,,17,2,16.8,0,0,0,Manchester City,2023
8/11/2023,20:00,Premier League,Matchweek 1,Fri,Away,W,3,0,Burnley,1.9,0.3,65,21572,Kevin De Bruyne,4-2-3-1,5/4/2001,Craig Pawson,Match Report,,17,8,13.9,0,0,0,Manchester City,2024
8/19/2023,20:00,Premier League,Matchweek 2,Sat,Home,W,1,0,Newcastle Utd,1,0.3,59,53419,Kyle Walker,4-2-3-1,4/3/2003,Robert Jones,Match Report,,14,4,17.9,0,0,0,Manchester City,2024
8/27/2023,14:00,Premier League,Matchweek 3,Sun,Away,W,2,1,Sheffield Utd,3.5,0.7,79,31336,Kyle Walker,4-2-3-1,3/5/2002,Jarred Gillett,Match Report,,29,9,17.3,2,0,1,Manchester City,2024
9/2/2023,15:00,Premier League,Matchweek 4,Sat,Home,W,5,1,Fulham,2.2,1.4,68,52899,Kyle Walker,4-2-3-1,4/3/2003,Michael Oliver,Match Report,,6,4,14.8,0,1,1,Manchester City,2024
9/16/2023,15:00,Premier League,Matchweek 5,Sat,Away,W,3,1,West Ham,3.6,0.9,68,62475,Kyle Walker,4-2-3-1,4-2-3-1,Andy Madley,Match Report,,29,13,16.4,1,0,0,Manchester City,2024
9/23/2023,15:00,Premier League,Matchweek 6,Sat,Home,W,2,0,Nott'ham Forest,1.3,1,57,53413,Kyle Walker,4-2-3-1,5/4/2001,Anthony Taylor,Match Report,,7,4,17.2,2,0,0,Manchester City,2024
9/30/2023,15:00,Premier League,Matchweek 7,Sat,Away,L,1,2,Wolves,0.9,0.4,68,31415,Kyle Walker,4-2-3-1,3/4/2003,Craig Pawson,Match Report,,23,8,19.3,1,0,0,Manchester City,2024
10/8/2023,16:30,Premier League,Matchweek 8,Sun,Away,L,0,1,Arsenal,0.5,0.4,51,60233,Kyle Walker,4/3/2003,4/3/2003,Michael Oliver,Match Report,,4,0,14.9,0,0,0,Manchester City,2024
10/21/2023,15:00,Premier League,Matchweek 9,Sat,Home,W,2,1,Brighton,0.8,0.8,55,53466,Kyle Walker,3-2-4-1,4-2-3-1,Robert Jones,Match Report,,10,5,18.8,1,0,0,Manchester City,2024
10/29/2023,15:30,Premier League,Matchweek 10,Sun,Away,W,3,0,Manchester Utd,4,0.9,60,73502,Kyle Walker,4-2-3-1,4-2-3-1,Paul Tierney,Match Report,,20,9,17.2,2,1,1,Manchester City,2024
11/4/2023,15:00,Premier League,Matchweek 11,Sat,Home,W,6,1,Bournemouth,1.9,0.9,65,53358,Kyle Walker,3/4/2003,5/4/2001,Craig Pawson,Match Report,,21,8,16.4,0,0,0,Manchester City,2024
11/12/2023,16:30,Premier League,Matchweek 12,Sun,Away,D,4,4,Chelsea,2.9,2.9,55,39532,Kyle Walker,3-2-4-1,4-2-3-1,Anthony Taylor,Match Report,,14,9,16.6,1,1,1,Manchester City,2024
11/25/2023,12:30,Premier League,Matchweek 13,Sat,Home,D,1,1,Liverpool,1.3,0.6,59,53289,Kyle Walker,3-2-4-1,4/3/2003,Chris Kavanagh,Match Report,,16,5,16.3,1,0,0,Manchester City,2024
12/3/2023,16:30,Premier League,Matchweek 14,Sun,Home,D,3,3,Tottenham,2.6,0.5,55,53473,Kyle Walker,3-2-4-1,4-2-3-1,Simon Hooper,Match Report,,17,4,13.4,0,0,0,Manchester City,2024
12/6/2023,20:15,Premier League,Matchweek 15,Wed,Away,L,0,1,Aston Villa,0.6,2.3,54,41421,Kyle Walker,3-2-4-1,4-4-1-1,John Brooks,Match Report,,2,2,7.4,0,0,0,Manchester City,2024
12/10/2023,14:00,Premier League,Matchweek 16,Sun,Away,W,2,1,Luton Town,1.6,0.3,65,11047,Kyle Walker,4-2-3-1,3/4/2003,Tim Robinson,Match Report,,18,6,18.7,1,0,0,Manchester City,2024
12/16/2023,15:00,Premier League,Matchweek 17,Sat,Home,D,2,2,Crystal Palace,1.6,1.8,74,53248,Kyle Walker,4-2-3-1,5/4/2001,Paul Tierney,Match Report,,19,9,18.2,0,0,0,Manchester City,2024
12/27/2023,20:15,Premier League,Matchweek 19,Wed,Away,W,3,1,Everton,2.4,1,72,39327,Kyle Walker,4-2-3-1,4-2-3-1,John Brooks,Match Report,,22,8,19.5,1,1,1,Manchester City,2024
12/30/2023,15:00,Premier League,Matchweek 20,Sat,Home,W,2,0,Sheffield Utd,2.2,0.3,80,53108,Kyle Walker,4-2-3-1,3/4/2003,David Coote,Match Report,,18,4,17.4,0,0,0,Manchester City,2024
1/13/2024,17:30,Premier League,Matchweek 21,Sat,Away,W,3,2,Newcastle Utd,3,1.3,72,52190,Kyle Walker,4-2-3-1,4/3/2003,Chris Kavanagh,Match Report,,27,11,19.3,2,0,0,Manchester City,2024
1/31/2024,19:30,Premier League,Matchweek 22,Wed,Home,W,3,1,Burnley,1.7,1.4,74,52143,Kevin De Bruyne,4-2-3-1,4/4/2002,Samuel Barrott,Match Report,,14,4,15.8,1,0,0,Manchester City,2024
2/5/2024,20:00,Premier League,Matchweek 23,Mon,Away,W,3,1,Brentford,2.1,1,72,17096,Kyle Walker,4-1-4-1,3/5/2002,Jarred Gillett,Match Report,,25,15,19.2,0,0,0,Manchester City,2024
2/10/2024,12:30,Premier League,Matchweek 24,Sat,Home,W,2,0,Everton,1.6,0.3,72,52187,Rúben Dias,4-1-4-1,4-2-3-1,John Brooks,Match Report,,19,3,17.4,0,0,0,Manchester City,2024
2/17/2024,17:30,Premier League,Matchweek 25,Sat,Home,D,1,1,Chelsea,2.6,1.4,70,52178,Kyle Walker,4-1-4-1,4-2-3-1,Andy Madley,Match Report,,31,5,15.9,1,0,0,Manchester City,2024
2/20/2024,19:30,Premier League,Matchweek 18,Tue,Home,W,1,0,Brentford,2.3,0.4,70,52247,Kyle Walker,4-2-3-1,3/5/2002,Darren England,Match Report,,25,10,17.6,0,0,0,Manchester City,2024
2/24/2024,17:30,Premier League,Matchweek 26,Sat,Away,W,1,0,Bournemouth,1.6,0.9,62,11184,Rúben Dias,3-2-4-1,4-2-3-1,Jarred Gillett,Match Report,,15,6,15.5,1,0,0,Manchester City,2024
3/3/2024,15:30,Premier League,Matchweek 27,Sun,Home,W,3,1,Manchester Utd,3.3,0.2,73,53514,Kyle Walker,3-2-4-1,4-2-4-0,Andy Madley,Match Report,,27,8,17.7,1,0,0,Manchester City,2024
3/10/2024,15:45,Premier League,Matchweek 28,Sun,Away,D,1,1,Liverpool,1.6,2.7,47,59947,Kyle Walker,3-2-4-1,4/3/2003,Michael Oliver,Match Report,,10,6,18.6,0,0,0,Manchester City,2024
3/31/2024,16:30,Premier League,Matchweek 30,Sun,Home,D,0,0,Arsenal,1,0.7,72,52178,Kevin De Bruyne,4-1-4-1,4/3/2003,Anthony Taylor,Match Report,,12,1,14.2,0,0,0,Manchester City,2024
4/3/2024,20:15,Premier League,Matchweek 31,Wed,Home,W,4,1,Aston Villa,3.4,0.8,67,53422,Rúben Dias,4-2-3-1,4-2-3-1,Darren England,Match Report,,25,11,15.9,2,0,0,Manchester City,2024
4/6/2024,12:30,Premier League,Matchweek 32,Sat,Away,W,4,2,Crystal Palace,1.9,1.1,75,25132,Kevin De Bruyne,3-2-4-1,3/4/2003,Paul Tierney,Match Report,,18,8,16.1,0,0,0,Manchester City,2024
4/13/2024,15:00,Premier League,Matchweek 33,Sat,Home,W,5,1,Luton Town,4.2,0.5,73,52149,Kevin De Bruyne,4-2-3-1,3/4/2003,John Brooks,Match Report,,36,12,16.9,0,1,1,Manchester City,2024
4/25/2024,20:00,Premier League,Matchweek 29,Thu,Away,W,4,0,Brighton,1.4,0.6,64,31596,Kyle Walker,4-1-4-1,4-2-3-1,Jarred Gillett,Match Report,,14,6,17,1,0,0,Manchester City,2024
4/28/2024,16:30,Premier League,Matchweek 35,Sun,Away,W,2,0,Nott'ham Forest,0.9,1.9,66,29677,Kyle Walker,4-1-4-1,5/4/2001,Simon Hooper,Match Report,,11,5,18.7,1,0,0,Manchester City,2024
5/4/2024,17:30,Premier League,Matchweek 36,Sat,Home,W,5,1,Wolves,3.7,0.3,58,52439,Kyle Walker,4-2-3-1,3/5/2002,Craig Pawson,Match Report,,18,10,15.3,0,2,2,Manchester City,2024
5/11/2024,12:30,Premier League,Matchweek 37,Sat,Away,W,4,0,Fulham,3.2,0.1,64,24418,Kevin De Bruyne,4-2-3-1,4-2-3-1,Anthony Taylor,Match Report,,15,8,17.6,0,1,1,Manchester City,2024
5/14/2024,20:00,Premier League,Matchweek 34,Tue,Away,W,2,0,Tottenham,2.4,1.7,47,61065,Kyle Walker,4-2-3-1,4-3-1-2,Chris Kavanagh,Match Report,,7,4,14.5,0,1,1,Manchester City,2024
5/19/2024,16:00,Premier League,Matchweek 38,Sun,Home,W,3,1,West Ham,1.9,0.4,71,55097,Kyle Walker,4-1-4-1,3/4/2003,John Brooks,Match Report,,28,12,17.9,2,0,0,Manchester City,2024
8/18/2024,16:30,Premier League,Matchweek 1,Sun,Away,W,2,0,Chelsea,0.8,1,52,39818,Kevin De Bruyne,3-2-4-1,4-2-3-1,Anthony Taylor,Match Report,,11,5,19.1,0,0,0,Manchester City,2025
8/24/2024,15:00,Premier League,Matchweek 2,Sat,Home,W,4,1,Ipswich Town,3.3,0.3,75,53147,Kevin De Bruyne,3-2-4-1,5/4/2001,Samuel Allison,Match Report,,13,4,17.8,1,1,1,Manchester City,2025
8/31/2024,17:30,Premier League,Matchweek 3,Sat,Away,W,3,1,West Ham,3,0.7,67,62469,Kevin De Bruyne,3-2-4-1,4-2-3-1,Michael Oliver,Match Report,,23,8,15,1,0,0,Manchester City,2025
9/14/2024,15:00,Premier League,Matchweek 4,Sat,Home,W,2,1,Brentford,2.1,1,54,52148,Kyle Walker,4-2-3-1,5/3/2002,Darren Bond,Match Report,,18,7,17.2,0,0,0,Manchester City,2025
9/22/2024,16:30,Premier League,Matchweek 5,Sun,Home,D,2,2,Arsenal,2.1,0.7,77,52846,Kyle Walker,4/3/2003,4/4/2002,Michael Oliver,Match Report,,33,11,20.2,1,0,0,Manchester City,2025
9/28/2024,12:30,Premier League,Matchweek 6,Sat,Away,D,1,1,Newcastle Utd,0.9,1.6,62,52248,Kyle Walker,4-2-3-1,4/3/2003,Jarred Gillett,Match Report,,16,6,17.6,0,0,0,Manchester City,2025
10/5/2024,15:00,Premier League,Matchweek 7,Sat,Home,W,3,2,Fulham,1.6,2.6,58,53017,Rúben Dias,4-1-4-1,5/4/2001,Peter Bankes,Match Report,,20,7,17.6,1,0,0,Manchester City,2025
10/20/2024,14:00,Premier League,Matchweek 8,Sun,Away,W,2,1,Wolves,1.6,0.8,77,31319,Rúben Dias,4-1-4-1,3/5/2002,Chris Kavanagh,Match Report,,22,7,18.3,2,0,0,Manchester City,2025
10/26/2024,15:00,Premier League,Matchweek 9,Sat,Home,W,1,0,Southampton,2.9,0.2,57,52844,Rúben Dias,4-1-4-1,5/4/2001,Tony Harrington,Match Report,,22,7,16.6,0,0,0,Manchester City,2025
11/2/2024,15:00,Premier League,Matchweek 10,Sat,Away,L,1,2,Bournemouth,1.6,2,64,11231,Kyle Walker,4-1-4-1,4-2-3-1,Michael Oliver,Match Report,,18,4,14.5,0,0,0,Manchester City,2025
11/9/2024,17:30,Premier League,Matchweek 11,Sat,Away,L,1,2,Brighton,2.1,2.3,60,31715,Kyle Walker,4-1-4-1,4/4/2002,Samuel Barrott,Match Report,,15,6,14.1,0,0,0,Manchester City,2025
11/23/2024,17:30,Premier League,Matchweek 12,Sat,Home,L,0,4,Tottenham,2.1,2.5,58,52478,Kyle Walker,4/3/2003,4/3/2003,John Brooks,Match Report,,23,5,14.4,0,0,0,Manchester City,2025
12/1/2024,16:00,Premier League,Matchweek 13,Sun,Away,L,0,2,Liverpool,0.8,3.4,56,60248,Kyle Walker,4-2-3-1,4-2-3-1,Chris Kavanagh,Match Report,,8,2,16.2,0,0,0,Manchester City,2025
12/4/2024,19:30,Premier League,Matchweek 14,Wed,Home,W,3,0,Nott'ham Forest,2.4,1,66,51764,Kevin De Bruyne,4-2-3-1,4-2-3-1,Michael Oliver,Match Report,,17,6,15.2,1,0,0,Manchester City,2025
12/7/2024,15:00,Premier League,Matchweek 15,Sat,Away,D,2,2,Crystal Palace,1.4,1.3,68,25142,Kyle Walker,4-2-3-1,3/4/2003,Robert Jones,Match Report,,12,4,15.1,0,0,0,Manchester City,2025
12/15/2024,16:30,Premier League,Matchweek 16,Sun,Home,L,1,2,Manchester Utd,0.9,2.1,52,53184,Kyle Walker,4-1-4-1,3/4/2003,Anthony Taylor,Match Report,,10,3,18.7,0,0,0,Manchester City,2025
12/21/2024,12:30,Premier League,Matchweek 17,Sat,Away,L,1,2,Aston Villa,1,1.6,56,42345,Bernardo Silva,4-2-3-1,4-2-3-1,Peter Bankes,Match Report,,12,6,18.4,0,0,0,Manchester City,2025
12/26/2024,12:30,Premier League,Matchweek 18,Thu,Home,D,1,1,Everton,2.1,0.7,66,55527,Bernardo Silva,4-1-4-1,4/3/2003,Simon Hooper,Match Report,,23,4,17.2,1,0,1,Manchester City,2025
12/29/2024,14:30,Premier League,Matchweek 19,Sun,Away,W,2,0,Leicester City,1.3,1.3,47,32057,Kevin De Bruyne,4-1-4-1,4-2-3-1,Michael Oliver,Match Report,,14,5,18.3,1,0,0,Manchester City,2025
1/4/2025,15:00,Premier League,Matchweek 20,Sat,Home,W,4,1,West Ham,1.9,1.4,56,52737,Kevin De Bruyne,4-1-4-1,4-2-3-1,Michael Salisbury,Match Report,,10,7,16.6,0,0,0,Manchester City,2025
1/14/2025,19:30,Premier League,Matchweek 21,Tue,Away,D,2,2,Brentford,2.2,2.5,55,17048,Kevin De Bruyne,4-2-3-1,4/3/2003,Anthony Taylor,Match Report,,21,8,15.1,0,0,0,Manchester City,2025
1/19/2025,16:30,Premier League,Matchweek 22,Sun,Away,W,6,0,Ipswich Town,3,0.5,67,29841,Kevin De Bruyne,4-2-3-1,5/4/2001,Samuel Barrott,Match Report,,17,9,14.9,0,0,0,Manchester City,2025
1/25/2025,17:30,Premier League,Matchweek 23,Sat,Home,W,3,1,Chelsea,2.2,1.8,56,52687,Bernardo Silva,4/3/2003,4-2-3-1,John Brooks,Match Report,,15,6,17.1,1,0,0,Manchester City,2025
2/2/2025,16:30,Premier League,Matchweek 24,Sun,Away,L,1,5,Arsenal,0.8,1,54,60355,Bernardo Silva,4-2-3-1,4/3/2003,Peter Bankes,Match Report,,7,4,12.6,0,0,0,Manchester City,2025
2/15/2025,15:00,Premier League,Matchweek 25,Sat,Home,W,4,0,Newcastle Utd,1.9,0.5,61,52479,Erling Haaland,4-2-3-1,4/3/2003,Andy Madley,Match Report,,11,7,15.2,0,0,0,Manchester City,2025
2/23/2025,16:30,Premier League,Matchweek 26,Sun,Home,L,0,2,Liverpool,0.6,0.7,66,52803,Kevin De Bruyne,4-1-4-1,4-2-2-2,Anthony Taylor,Match Report,,16,5,21.4,1,0,0,Manchester City,2025
2/26/2025,19:30,Premier League,Matchweek 27,Wed,Away,W,1,0,Tottenham,2.1,1.3,45,60820,Rúben Dias,4-2-3-1,4/3/2003,Jarred Gillett,Match Report,,12,5,17.2,1,0,0,Manchester City,2025
3/8/2025,12:30,Premier League,Matchweek 28,Sat,Away,L,0,1,Nott'ham Forest,0.9,0.7,69,30252,Rúben Dias,4-1-4-1,4-2-3-1,Chris Kavanagh,Match Report,,14,3,20.3,1,0,0,Manchester City,2025
3/15/2025,15:00,Premier League,Matchweek 29,Sat,Home,D,2,2,Brighton,1.7,2,60,52471,Rúben Dias,4-2-3-1,4-2-3-1,Simon Hooper,Match Report,,10,2,16.1,0,1,1,Manchester City,2025
4/2/2025,19:45,Premier League,Matchweek 30,Wed,Home,W,2,0,Leicester City,2.2,0.1,72,52148,Rúben Dias,4-2-3-1,3/4/2003,Darren England,Match Report,,18,5,16.6,2,0,0,Manchester City,2025
4/6/2025,16:30,Premier League,Matchweek 31,Sun,Away,D,0,0,Manchester Utd,0.5,0.9,58,73738,Kevin De Bruyne,4-1-2-1-2◆,3/4/2003,John Brooks,Match Report,,9,5,21.5,1,0,0,Manchester City,2025
4/12/2025,12:30,Premier League,Matchweek 32,Sat,Home,W,5,2,Crystal Palace,3.7,1.8,67,52489,Kevin De Bruyne,4-2-3-1,3/4/2003,Jarred Gillett,Match Report,,21,8,15.4,1,0,0,Manchester City,2025
4/19/2025,15:00,Premier League,Matchweek 33,Sat,Away,W,2,0,Everton,2,0.9,67,39332,Kevin De Bruyne,4-2-3-1,4-2-3-1,Simon Hooper,Match Report,,12,6,15.6,0,0,0,Manchester City,2025
4/22/2025,20:00,Premier League,Matchweek 34,Tue,Home,W,2,1,Aston Villa,1.3,1.8,61,51834,Kevin De Bruyne,4-1-4-1,4-2-3-1,Craig Pawson,Match Report,,14,6,14.4,0,0,0,Manchester City,2025
5/2/2025,20:00,Premier League,Matchweek 35,Fri,Home,W,1,0,Wolves,0.7,0.4,63,53282,Kevin De Bruyne,4-2-3-1,3/4/2003,Peter Bankes,Match Report,,9,2,20.3,0,0,0,Manchester City,2025
5/10/2025,15:00,Premier League,Matchweek 36,Sat,Away,D,0,0,Southampton,1.7,0.1,72,30937,Kevin De Bruyne,4-2-3-1,3/4/2003,Tim Robinson,Match Report,,26,4,17.5,2,0,0,Manchester City,2025
5/20/2025,20:00,Premier League,Matchweek 37,Tue,Home,W,3,1,Bournemouth,1.5,1.1,57,52487,Kevin De Bruyne,4-2-3-1,4-2-3-1,Thomas Bramall,Match Report,,12,5,20.7,1,0,0,Manchester City,2025
5/25/2025,16:00,Premier League,Matchweek 38,Sun,Away,W,2,0,Fulham,3,1.3,53,27671,Rúben Dias,4-2-3-1,4-2-3-1,Andy Madley,Match Report,,19,4,15.2,1,1,1,Manchester City,2025
9/19/2020,17:30,Premier League,Matchweek 2,Sat,Home,L,1,3,Crystal Palace,1.2,1.6,75,,Harry Maguire,4-2-3-1,4/4/2002,Martin Atkinson,Match Report,,17,4,20.2,1,0,0,Manchester United,2021
9/26/2020,12:30,Premier League,Matchweek 3,Sat,Away,W,3,2,Brighton,1.5,2.5,47,,Harry Maguire,4-2-3-1,3/4/2003,Chris Kavanagh,Match Report,,6,2,18.2,0,1,1,Manchester United,2021
10/4/2020,16:30,Premier League,Matchweek 4,Sun,Home,L,1,6,Tottenham,0.9,3.4,39,,Harry Maguire,4-2-3-1,4/3/2003,Anthony Taylor,Match Report,,4,1,25.4,0,1,1,Manchester United,2021
10/17/2020,20:00,Premier League,Matchweek 5,Sat,Away,W,4,1,Newcastle Utd,2.3,0.9,63,,Harry Maguire,4-2-3-1,4-1-4-1,Craig Pawson,Match Report,,27,11,20.5,0,0,1,Manchester United,2021
10/24/2020,17:30,Premier League,Matchweek 6,Sat,Home,D,0,0,Chelsea,0.6,0.2,51,,Harry Maguire,4-2-3-1,3/4/2003,Martin Atkinson,Match Report,,14,4,17.9,0,0,0,Manchester United,2021
11/1/2020,16:30,Premier League,Matchweek 7,Sun,Home,L,0,1,Arsenal,0.4,1,54,,Harry Maguire,4-1-2-1-2◆,3/4/2003,Mike Dean,Match Report,,8,2,19.9,0,0,0,Manchester United,2021
11/7/2020,12:30,Premier League,Matchweek 8,Sat,Away,W,3,1,Everton,1.5,0.4,45,,Harry Maguire,4-2-3-1,4/3/2003,Paul Tierney,Match Report,,13,5,21.1,2,0,0,Manchester United,2021
11/21/2020,20:00,Premier League,Matchweek 9,Sat,Home,W,1,0,West Brom,2.4,0.6,63,,Harry Maguire,4-2-3-1,5/4/2001,David Coote,Match Report,,16,6,18.4,1,1,1,Manchester United,2021
11/29/2020,14:00,Premier League,Matchweek 10,Sun,Away,W,3,2,Southampton,2.1,0.5,50,,Harry Maguire,4-3-1-2,4/4/2002,Jonathan Moss,Match Report,,15,6,16.2,0,0,0,Manchester United,2021
12/5/2020,17:30,Premier League,Matchweek 11,Sat,Away,W,3,1,West Ham,1.7,2,60,2000,Harry Maguire,4-2-3-1,3/4/2003,Andre Marriner,Match Report,,15,6,19.3,0,0,0,Manchester United,2021
12/12/2020,17:30,Premier League,Matchweek 12,Sat,Home,D,0,0,Manchester City,0.6,1.3,46,,Harry Maguire,4-2-3-1,4-2-3-1,Chris Kavanagh,Match Report,,11,2,17.2,1,0,0,Manchester United,2021
12/17/2020,20:00,Premier League,Matchweek 13,Thu,Away,W,3,2,Sheffield Utd,1.9,1.5,60,,Harry Maguire,4-2-3-1,5/3/2002,Michael Oliver,Match Report,,15,8,18.4,1,0,0,Manchester United,2021
12/20/2020,16:30,Premier League,Matchweek 14,Sun,Home,W,6,2,Leeds United,3.6,1.8,41,,Harry Maguire,4-2-3-1,4-1-4-1,Anthony Taylor,Match Report,,25,13,15.9,0,1,1,Manchester United,2021
12/26/2020,12:30,Premier League,Matchweek 15,Sat,Away,D,2,2,Leicester City,1.7,0.9,46,,Harry Maguire,4-2-3-1,4-2-3-1,Mike Dean,Match Report,,9,4,12.7,0,0,0,Manchester United,2021
12/29/2020,20:00,Premier League,Matchweek 16,Tue,Home,W,1,0,Wolves,1.5,0.5,58,,Harry Maguire,4-2-3-1,3-4-1-2,Jonathan Moss,Match Report,,11,3,17.3,0,0,0,Manchester United,2021
1/1/2021,20:00,Premier League,Matchweek 17,Fri,Home,W,2,1,Aston Villa,2.1,1.4,48,,Harry Maguire,4-2-3-1,4-2-3-1,Michael Oliver,Match Report,,18,8,18.5,0,1,1,Manchester United,2021
1/12/2021,20:15,Premier League,Matchweek 1,Tue,Away,W,1,0,Burnley,1.2,0.9,62,,Harry Maguire,4-2-3-1,4/4/2002,Kevin Friend,Match Report,,13,7,17.6,0,0,0,Manchester United,2021
1/17/2021,16:30,Premier League,Matchweek 19,Sun,Away,D,0,0,Liverpool,1.1,1.2,35,,Harry Maguire,4-2-3-1,4/3/2003,Paul Tierney,Match Report,,8,4,17.3,2,0,0,Manchester United,2021
1/20/2021,20:15,Premier League,Matchweek 18,Wed,Away,W,2,1,Fulham,1.7,0.9,62,,Harry Maguire,4-2-3-1,3/4/2003,Martin Atkinson,Match Report,,15,5,15.5,1,0,0,Manchester United,2021
1/27/2021,20:15,Premier League,Matchweek 20,Wed,Home,L,1,2,Sheffield Utd,1.1,1,75,,Harry Maguire,4-2-3-1,3/5/2002,Peter Bankes,Match Report,,16,4,18.9,2,0,0,Manchester United,2021
1/30/2021,17:30,Premier League,Matchweek 21,Sat,Away,D,0,0,Arsenal,1.6,0.9,57,,Harry Maguire,4-2-3-1,4-2-3-1,Michael Oliver,Match Report,,14,3,18.2,1,0,0,Manchester United,2021
2/2/2021,20:15,Premier League,Matchweek 22,Tue,Home,W,9,0,Southampton,4.7,0.5,74,,Harry Maguire,4-2-3-1,4/4/2002,Mike Dean,Match Report,,23,13,17.1,1,1,1,Manchester United,2021
2/6/2021,20:00,Premier League,Matchweek 23,Sat,Home,D,3,3,Everton,1.8,1.5,61,,Harry Maguire,4-2-3-1,4-3-1-2,Jonathan Moss,Match Report,,14,5,15.2,1,0,0,Manchester United,2021
2/14/2021,14:00,Premier League,Matchweek 24,Sun,Away,D,1,1,West Brom,0.5,1,73,,Harry Maguire,4-2-3-1,4-1-4-1,Craig Pawson,Match Report,,10,6,19.1,0,0,0,Manchester United,2021
2/21/2021,19:00,Premier League,Matchweek 25,Sun,Home,W,3,1,Newcastle Utd,1.7,0.4,71,,Harry Maguire,4-2-3-1,4-3-1-2,Paul Tierney,Match Report,,14,6,19.1,0,1,1,Manchester United,2021
2/28/2021,16:30,Premier League,Matchweek 26,Sun,Away,D,0,0,Chelsea,0.4,1.1,43,,Harry Maguire,4-2-3-1,3/4/2003,Stuart Attwell,Match Report,,11,4,25.2,1,0,0,Manchester United,2021
3/3/2021,20:15,Premier League,Matchweek 29,Wed,Away,D,0,0,Crystal Palace,0.9,0.9,63,,Harry Maguire,4-2-3-1,4/4/2002,Andre Marriner,Match Report,,11,1,18.4,0,0,0,Manchester United,2021
3/7/2021,16:30,Premier League,Matchweek 27,Sun,Away,W,2,0,Manchester City,1.7,1.3,34,,Harry Maguire,4-2-3-1,4-2-3-1,Anthony Taylor,Match Report,,7,5,17.5,0,1,1,Manchester United,2021
3/14/2021,19:15,Premier League,Matchweek 28,Sun,Home,W,1,0,West Ham,1.5,0.6,61,,Harry Maguire,4-2-3-1,3-1-4-2,Martin Atkinson,Match Report,,15,4,18,0,0,0,Manchester United,2021
4/4/2021,19:30,Premier League,Matchweek 30,Sun,Home,W,2,1,Brighton,1.5,1.2,57,,Harry Maguire,4-2-3-1,3-4-1-2,Mike Dean,Match Report,,15,7,18.4,0,0,0,Manchester United,2021
4/11/2021,16:30,Premier League,Matchweek 31,Sun,Away,W,3,1,Tottenham,2.1,0.9,53,,Harry Maguire,4-2-3-1,4/3/2003,Chris Kavanagh,Match Report,,12,7,15,0,0,0,Manchester United,2021
4/18/2021,16:00,Premier League,Matchweek 32,Sun,Home,W,3,1,Burnley,2.5,0.9,69,,Harry Maguire,4-2-3-1,4-4-1-1,Jonathan Moss,Match Report,,17,8,12.9,0,0,0,Manchester United,2021
4/25/2021,14:00,Premier League,Matchweek 33,Sun,Away,D,0,0,Leeds United,1.2,0.3,56,,Harry Maguire,4-2-3-1,4-1-4-1,Craig Pawson,Match Report,,16,4,18.4,3,0,0,Manchester United,2021
5/9/2021,14:05,Premier League,Matchweek 35,Sun,Away,W,3,1,Aston Villa,1.7,0.5,59,,Harry Maguire,4-2-3-1,4-2-3-1,Chris Kavanagh,Match Report,,17,6,21.5,0,1,1,Manchester United,2021
5/11/2021,18:00,Premier League,Matchweek 36,Tue,Home,L,1,2,Leicester City,0.2,0.9,53,,Nemanja Matić,4-2-3-1,4/4/2002,Craig Pawson,Match Report,,4,1,12.3,0,0,0,Manchester United,2021
5/13/2021,20:15,Premier League,Matchweek 34,Thu,Home,L,2,4,Liverpool,1.9,2.7,53,,Bruno Fernandes,4-2-3-1,4/3/2003,Anthony Taylor,Match Report,,18,2,15.5,1,0,0,Manchester United,2021
5/18/2021,18:00,Premier League,Matchweek 37,Tue,Home,D,1,1,Fulham,0.9,0.9,57,10000,Bruno Fernandes,4-2-3-1,3/4/2003,Lee Mason,Match Report,,13,6,21.7,2,0,0,Manchester United,2021
5/23/2021,16:00,Premier League,Matchweek 38,Sun,Away,W,2,1,Wolves,2,0.9,43,4500,Nemanja Matić,4-2-3-1,3/5/2002,Mike Dean,Match Report,,8,3,18.6,0,1,1,Manchester United,2021
8/14/2021,12:30,Premier League,Matchweek 1,Sat,Home,W,5,1,Leeds United,1.5,0.5,49,72732,Harry Maguire,4-2-3-1,4-1-4-1,Paul Tierney,Match Report,,16,8,18.2,0,0,0,Manchester United,2022
8/22/2021,14:00,Premier League,Matchweek 2,Sun,Away,D,1,1,Southampton,1.8,0.7,63,32000,Harry Maguire,4-2-3-1,4/4/2002,Craig Pawson,Match Report,,15,3,15.1,1,0,0,Manchester United,2022
8/29/2021,16:30,Premier League,Matchweek 3,Sun,Away,W,1,0,Wolves,0.6,2.1,56,30621,Harry Maguire,4-2-3-1,3/4/2003,Mike Dean,Match Report,,10,3,18.8,1,0,0,Manchester United,2022
9/11/2021,15:00,Premier League,Matchweek 4,Sat,Home,W,4,1,Newcastle Utd,2.5,0.4,63,72732,Harry Maguire,4-2-3-1,5/4/2001,Anthony Taylor,Match Report,,21,6,20.5,0,0,0,Manchester United,2022
9/19/2021,14:00,Premier League,Matchweek 5,Sun,Away,W,2,1,West Ham,2,1.6,60,60000,Harry Maguire,4-2-3-1,4/4/2002,Martin Atkinson,Match Report,,17,10,17.1,0,0,0,Manchester United,2022
9/25/2021,12:30,Premier League,Matchweek 6,Sat,Home,L,0,1,Aston Villa,2.2,1,59,72922,Harry Maguire,4-2-3-1,3/5/2002,Mike Dean,Match Report,,27,4,19.7,2,0,1,Manchester United,2022
10/2/2021,12:30,Premier League,Matchweek 7,Sat,Home,D,1,1,Everton,1,1.3,72,73128,Bruno Fernandes,4-2-3-1,4-4-1-1,Michael Oliver,Match Report,,13,6,15.1,0,0,0,Manchester United,2022
10/16/2021,15:00,Premier League,Matchweek 8,Sat,Away,L,2,4,Leicester City,1.2,2.4,51,32219,Harry Maguire,4-2-3-1,3-4-1-2,Craig Pawson,Match Report,,18,6,21,0,0,0,Manchester United,2022
10/24/2021,16:30,Premier League,Matchweek 9,Sun,Home,L,0,5,Liverpool,1.6,3.4,38,73088,Harry Maguire,4-2-3-1,4/3/2003,Anthony Taylor,Match Report,,12,3,15.5,0,0,0,Manchester United,2022
10/30/2021,17:30,Premier League,Matchweek 10,Sat,Away,W,3,0,Tottenham,1.5,1,42,60356,Harry Maguire,3/5/2002,4-2-3-1,Stuart Attwell,Match Report,,10,4,17.9,0,0,0,Manchester United,2022
11/6/2021,12:30,Premier League,Matchweek 11,Sat,Home,L,0,2,Manchester City,0.9,1.6,33,73086,Harry Maguire,3/5/2002,4/3/2003,Michael Oliver,Match Report,,5,1,17.3,0,0,0,Manchester United,2022
11/20/2021,15:00,Premier League,Matchweek 12,Sat,Away,L,1,4,Watford,1.4,2.7,61,21087,Harry Maguire,4-2-3-1,4-1-4-1,Jonathan Moss,Match Report,,9,3,14.9,0,0,0,Manchester United,2022
11/28/2021,16:30,Premier League,Matchweek 13,Sun,Away,D,1,1,Chelsea,0.9,2.7,35,40041,Bruno Fernandes,4-3-1-2,3/4/2003,Anthony Taylor,Match Report,,3,2,20.7,0,0,0,Manchester United,2022
12/2/2021,20:15,Premier League,Matchweek 14,Thu,Home,W,3,2,Arsenal,1.9,1.4,44,73123,Harry Maguire,4-2-3-1,4-4-1-1,Martin Atkinson,Match Report,,13,9,19.7,0,1,1,Manchester United,2022
12/5/2021,14:00,Premier League,Matchweek 15,Sun,Home,W,1,0,Crystal Palace,0.9,0.5,61,73172,Harry Maguire,4-2-2-2,4/3/2003,Craig Pawson,Match Report,,16,3,19.2,2,0,0,Manchester United,2022
12/11/2021,17:30,Premier League,Matchweek 16,Sat,Away,W,1,0,Norwich City,2,1.2,52,27606,Harry Maguire,4-2-2-2,4/3/2003,Darren England,Match Report,,12,4,19.2,2,1,1,Manchester United,2022
12/27/2021,20:00,Premier League,Matchweek 19,Mon,Away,D,1,1,Newcastle Utd,1.6,1.3,68,52178,Harry Maguire,4-2-2-2,4/5/2001,Craig Pawson,Match Report,,13,3,17.9,0,0,0,Manchester United,2022
12/30/2021,20:15,Premier League,Matchweek 20,Thu,Home,W,3,1,Burnley,2.4,1.1,57,73121,Harry Maguire,4-2-2-2,4/4/2002,Jonathan Moss,Match Report,,18,6,17.5,1,0,0,Manchester United,2022
1/3/2022,17:30,Premier League,Matchweek 21,Mon,Home,L,0,1,Wolves,0.8,0.7,51,73045,Cristiano Ronaldo,4-2-2-2,3/4/2003,Mike Dean,Match Report,,9,2,20.8,1,0,0,Manchester United,2022
1/15/2022,17:30,Premier League,Matchweek 22,Sat,Away,D,2,2,Aston Villa,1,1.9,46,41968,Bruno Fernandes,4/3/2003,4/3/2003,David Coote,Match Report,,13,6,17.5,1,0,0,Manchester United,2022
1/19/2022,20:00,Premier League,Matchweek 17,Wed,Away,W,3,1,Brentford,2.3,2.3,56,17094,Bruno Fernandes,4-2-3-1,3/5/2002,Andre Marriner,Match Report,,13,5,17.8,0,0,0,Manchester United,2022
1/22/2022,15:00,Premier League,Matchweek 23,Sat,Home,W,1,0,West Ham,1.9,0.3,57,73130,Harry Maguire,4-2-3-1,4-2-3-1,Jonathan Moss,Match Report,,18,3,18.3,1,0,0,Manchester United,2022
2/8/2022,20:00,Premier League,Matchweek 24,Tue,Away,D,1,1,Burnley,1.8,0.4,63,21233,Harry Maguire,4-2-3-1,4/4/2002,Mike Dean,Match Report,,22,5,15.9,0,0,0,Manchester United,2022
2/12/2022,12:30,Premier League,Matchweek 25,Sat,Home,D,1,1,Southampton,2.1,0.8,53,73084,Harry Maguire,4-2-3-1,4/4/2002,Stuart Attwell,Match Report,,12,7,11.7,0,0,0,Manchester United,2022
2/15/2022,20:15,Premier League,Matchweek 18,Tue,Home,W,2,0,Brighton,1.7,0.7,50,73012,Harry Maguire,4-2-3-1,4-1-2-1-2,Peter Bankes,Match Report,,19,7,19.7,2,0,0,Manchester United,2022
2/20/2022,14:00,Premier League,Matchweek 26,Sun,Away,W,4,2,Leeds United,2.2,1.8,46,36715,Harry Maguire,4-2-3-1,4-2-3-1,Paul Tierney,Match Report,,15,9,14.3,0,0,0,Manchester United,2022
2/26/2022,15:00,Premier League,Matchweek 27,Sat,Home,D,0,0,Watford,2.8,0.6,67,73152,Bruno Fernandes,4-2-3-1,4/3/2003,Kevin Friend,Match Report,,22,3,16.9,1,0,0,Manchester United,2022
3/6/2022,16:30,Premier League,Matchweek 28,Sun,Away,L,1,4,Manchester City,0.5,2.7,31,53165,Harry Maguire,4-2-3-1,4/3/2003,Michael Oliver,Match Report,,5,2,14.1,0,0,0,Manchester United,2022
3/12/2022,17:30,Premier League,Matchweek 29,Sat,Home,W,3,2,Tottenham,1,1.5,43,73458,Harry Maguire,4-2-3-1,3/4/2003,Jonathan Moss,Match Report,,10,6,16.1,0,0,0,Manchester United,2022
4/2/2022,17:30,Premier League,Matchweek 31,Sat,Home,D,1,1,Leicester City,0.9,0.8,54,73444,Harry Maguire,4-2-3-1,4-2-3-1,Andre Marriner,Match Report,,11,5,14.7,0,0,0,Manchester United,2022
4/9/2022,12:30,Premier League,Matchweek 32,Sat,Away,L,0,1,Everton,0.8,0.4,67,39080,Harry Maguire,4-2-3-1,4/3/2003,Jonathan Moss,Match Report,,12,4,17.5,0,0,0,Manchester United,2022
4/16/2022,15:00,Premier League,Matchweek 33,Sat,Home,W,3,2,Norwich City,1.9,1.5,61,73381,Harry Maguire,4/3/2003,4-2-3-1,Andy Madley,Match Report,,20,9,17.3,1,0,0,Manchester United,2022
4/19/2022,20:00,Premier League,Matchweek 30,Tue,Away,L,0,4,Liverpool,0.1,2,29,52686,Harry Maguire,3/4/2003,4/3/2003,Martin Atkinson,Match Report,,2,1,21,0,0,0,Manchester United,2022
4/23/2022,12:30,Premier League,Matchweek 34,Sat,Away,L,1,3,Arsenal,1.8,2.3,46,60223,Bruno Fernandes,4-2-3-1,4-2-3-1,Craig Pawson,Match Report,,13,5,18.1,0,0,1,Manchester United,2022
4/28/2022,19:45,Premier League,Matchweek 37,Thu,Home,D,1,1,Chelsea,0.5,1.9,36,73564,Bruno Fernandes,4-2-3-1,3-4-1-2,Mike Dean,Match Report,,6,3,15.9,0,0,0,Manchester United,2022
5/2/2022,20:00,Premier League,Matchweek 35,Mon,Home,W,3,0,Brentford,2,0.6,63,73482,Bruno Fernandes,4-2-3-1,5/3/2002,Chris Kavanagh,Match Report,,8,4,20.3,1,1,1,Manchester United,2022
5/7/2022,17:30,Premier League,Matchweek 36,Sat,Away,L,0,4,Brighton,0.9,2.3,58,31637,Bruno Fernandes,4-2-3-1,3/4/2003,Andy Madley,Match Report,,15,5,19.4,1,0,0,Manchester United,2022
5/22/2022,16:00,Premier League,Matchweek 38,Sun,Away,L,0,1,Crystal Palace,0.7,0.6,61,25434,Harry Maguire,4-2-3-1,4/3/2003,Martin Atkinson,Match Report,,10,4,19.8,1,0,0,Manchester United,2022
8/7/2022,14:00,Premier League,Matchweek 1,Sun,Home,L,1,2,Brighton,1.4,1.5,62,73711,Harry Maguire,4/3/2003,3-3-3-1,Paul Tierney,Match Report,,17,5,15.5,0,0,0,Manchester United,2023
8/13/2022,17:30,Premier League,Matchweek 2,Sat,Away,L,0,4,Brentford,0.9,1.6,66,17051,Harry Maguire,4-2-3-1,5/3/2002,Stuart Attwell,Match Report,,15,4,19.6,0,0,0,Manchester United,2023
8/22/2022,20:00,Premier League,Matchweek 3,Mon,Home,W,2,1,Liverpool,1.8,1.3,30,74147,Bruno Fernandes,4-2-3-1,4/3/2003,Michael Oliver,Match Report,,13,5,19.5,2,0,0,Manchester United,2023
8/27/2022,12:30,Premier League,Matchweek 4,Sat,Away,W,1,0,Southampton,1.1,1.4,51,31196,Bruno Fernandes,4-2-3-1,4-2-3-1,Andy Madley,Match Report,,11,4,15.5,1,0,0,Manchester United,2023
9/1/2022,20:00,Premier League,Matchweek 5,Thu,Away,W,1,0,Leicester City,1.5,0.7,47,32226,Bruno Fernandes,4-2-3-1,4-1-4-1,Craig Pawson,Match Report,,9,2,16.8,0,0,0,Manchester United,2023
9/4/2022,16:30,Premier League,Matchweek 6,Sun,Home,W,3,1,Arsenal,1.5,1.3,40,73431,Bruno Fernandes,4-2-3-1,4/3/2003,Paul Tierney,Match Report,,10,6,15.5,0,0,0,Manchester United,2023
10/2/2022,14:00,Premier League,Matchweek 9,Sun,Away,L,3,6,Manchester City,1.7,3.2,47,53475,Bruno Fernandes,4-2-3-1,4/3/2003,Michael Oliver,Match Report,,11,7,22.2,0,1,1,Manchester United,2023
10/9/2022,19:00,Premier League,Matchweek 10,Sun,Away,W,2,1,Everton,1.4,0.6,60,39258,Bruno Fernandes,4-2-3-1,4/3/2003,David Coote,Match Report,,12,4,18.8,0,0,0,Manchester United,2023
10/16/2022,14:00,Premier League,Matchweek 11,Sun,Home,D,0,0,Newcastle Utd,0.8,0.8,63,73726,Bruno Fernandes,4-2-3-1,4/3/2003,Craig Pawson,Match Report,,15,2,19.4,1,0,0,Manchester United,2023
10/19/2022,20:15,Premier League,Matchweek 12,Wed,Home,W,2,0,Tottenham,1.5,0.6,52,73677,Bruno Fernandes,4-2-3-1,3/5/2002,Simon Hooper,Match Report,,28,10,21.4,1,0,0,Manchester United,2023
10/22/2022,17:30,Premier League,Matchweek 13,Sat,Away,D,1,1,Chelsea,0.8,1.1,52,39503,Bruno Fernandes,4-1-4-1,3/4/2003,Stuart Attwell,Match Report,,13,6,22.1,1,0,0,Manchester United,2023
10/30/2022,16:15,Premier League,Matchweek 14,Sun,Home,W,1,0,West Ham,1.2,1.1,53,73682,Harry Maguire,4-2-3-1,4-2-3-1,Chris Kavanagh,Match Report,,16,3,18.1,0,0,0,Manchester United,2023
11/6/2022,14:00,Premier League,Matchweek 15,Sun,Away,L,1,3,Aston Villa,0.5,0.6,58,42058,Cristiano Ronaldo,4-2-3-1,4-2-2-2,Anthony Taylor,Match Report,,8,3,19.7,1,0,0,Manchester United,2023
11/13/2022,16:30,Premier League,Matchweek 16,Sun,Away,W,2,1,Fulham,2.5,1.4,47,24246,Bruno Fernandes,4-2-3-1,4-2-3-1,Paul Tierney,Match Report,,14,9,17.7,0,0,0,Manchester United,2023
12/27/2022,20:00,Premier League,Matchweek 17,Tue,Home,W,3,0,Nott'ham Forest,2.4,0.7,65,73608,Bruno Fernandes,4-2-3-1,4/3/2003,Anthony Taylor,Match Report,,17,8,15.9,0,0,0,Manchester United,2023
12/31/2022,12:30,Premier League,Matchweek 18,Sat,Away,W,1,0,Wolves,2,0.7,54,31658,Bruno Fernandes,4-2-3-1,4-2-3-1,Robert Jones,Match Report,,16,6,14.9,1,0,0,Manchester United,2023
1/3/2023,20:00,Premier League,Matchweek 19,Tue,Home,W,3,0,Bournemouth,2.2,0.6,58,73322,Harry Maguire,4-2-3-1,4/4/2002,Michael Salisbury,Match Report,,18,6,16.7,2,0,0,Manchester United,2023
1/14/2023,12:30,Premier League,Matchweek 20,Sat,Home,W,2,1,Manchester City,1.7,0.6,30,75546,Bruno Fernandes,4-2-3-1,4/3/2003,Stuart Attwell,Match Report,,8,3,14.8,0,0,0,Manchester United,2023
1/18/2023,20:00,Premier League,Matchweek 7,Wed,Away,D,1,1,Crystal Palace,2.1,0.5,60,23343,Bruno Fernandes,4-2-3-1,4-2-3-1,Robert Jones,Match Report,,15,4,19.5,1,0,0,Manchester United,2023
1/22/2023,16:30,Premier League,Matchweek 21,Sun,Away,L,2,3,Arsenal,0.4,3.1,43,60325,Bruno Fernandes,4-2-3-1,4/3/2003,Anthony Taylor,Match Report,,6,4,18.2,0,0,0,Manchester United,2023
2/4/2023,15:00,Premier League,Matchweek 22,Sat,Home,W,2,1,Crystal Palace,2,1.3,52,73420,Bruno Fernandes,4-2-3-1,4-2-3-1,Andre Marriner,Match Report,,13,4,16.4,0,1,1,Manchester United,2023
2/8/2023,20:00,Premier League,Matchweek 8,Wed,Home,D,2,2,Leeds United,2,0.6,66,73456,Bruno Fernandes,4-2-3-1,4-2-3-1,Simon Hooper,Match Report,,24,6,16.7,0,0,0,Manchester United,2023
2/12/2023,14:00,Premier League,Matchweek 23,Sun,Away,W,2,0,Leeds United,1.1,1.8,66,36919,Harry Maguire,4-2-3-1,4-2-3-1,Paul Tierney,Match Report,,11,5,16.4,0,0,0,Manchester United,2023
2/19/2023,14:00,Premier League,Matchweek 24,Sun,Home,W,3,0,Leicester City,4.4,1.6,57,73578,Bruno Fernandes,4-2-3-1,4-2-3-1,Stuart Attwell,Match Report,,26,8,15.5,1,0,0,Manchester United,2023
3/5/2023,16:30,Premier League,Matchweek 26,Sun,Away,L,0,7,Liverpool,0.8,2.8,41,53001,Bruno Fernandes,4-2-3-1,4/3/2003,Andy Madley,Match Report,,8,4,15.4,0,0,0,Manchester United,2023
3/12/2023,14:00,Premier League,Matchweek 27,Sun,Home,D,0,0,Southampton,0.8,1,47,73439,Bruno Fernandes,4-1-4-1,4-2-3-1,Anthony Taylor,Match Report,,10,4,15.4,0,0,0,Manchester United,2023
4/2/2023,16:30,Premier League,Matchweek 29,Sun,Away,L,0,2,Newcastle Utd,0.4,3.7,54,52268,Bruno Fernandes,4-2-3-1,4/3/2003,Stuart Attwell,Match Report,,6,1,14.2,0,0,0,Manchester United,2023
4/5/2023,20:00,Premier League,Matchweek 25,Wed,Home,W,1,0,Brentford,1.2,0.7,64,73309,Bruno Fernandes,4-2-3-1,5/3/2002,John Brooks,Match Report,,18,3,19.9,1,0,0,Manchester United,2023
4/8/2023,12:30,Premier League,Matchweek 30,Sat,Home,W,2,0,Everton,3.4,1,63,73509,Harry Maguire,4-2-3-1,4/4/2002,Michael Oliver,Match Report,,29,11,16.5,0,0,0,Manchester United,2023
4/16/2023,16:30,Premier League,Matchweek 31,Sun,Away,W,2,0,Nott'ham Forest,3.5,0.7,68,29435,Harry Maguire,4-2-3-1,3-4-1-2,Simon Hooper,Match Report,,22,7,15.4,1,0,0,Manchester United,2023
4/27/2023,20:15,Premier League,Matchweek 33,Thu,Away,D,2,2,Tottenham,2,2.5,60,61586,Bruno Fernandes,4-2-3-1,3/4/2003,Anthony Taylor,Match Report,,17,7,17.9,2,0,0,Manchester United,2023
4/30/2023,14:00,Premier League,Matchweek 34,Sun,Home,W,1,0,Aston Villa,1.2,0.6,57,73592,Bruno Fernandes,4-1-4-1,4-2-3-1,Jarred Gillett,Match Report,,14,6,19,0,0,0,Manchester United,2023
5/4/2023,20:00,Premier League,Matchweek 28,Thu,Away,L,0,1,Brighton,1.4,2.3,41,31577,Bruno Fernandes,4/3/2003,4-2-3-1,Andre Marriner,Match Report,,16,5,18.5,1,0,0,Manchester United,2023
5/7/2023,19:00,Premier League,Matchweek 35,Sun,Away,L,0,1,West Ham,1.2,1.3,65,62477,Bruno Fernandes,4-2-3-1,4-2-3-1,Peter Bankes,Match Report,,19,4,18.2,0,0,0,Manchester United,2023
5/13/2023,15:00,Premier League,Matchweek 36,Sat,Home,W,2,0,Wolves,3.2,0.3,48,73570,Bruno Fernandes,4-2-3-1,4/4/2002,John Brooks,Match Report,,27,9,19.3,2,0,0,Manchester United,2023
5/20/2023,15:00,Premier League,Matchweek 37,Sat,Away,W,1,0,Bournemouth,1.4,1,59,10240,Bruno Fernandes,4-2-3-1,4-2-3-1,Chris Kavanagh,Match Report,,20,5,18.7,0,0,0,Manchester United,2023
5/25/2023,20:00,Premier League,Matchweek 32,Thu,Home,W,4,1,Chelsea,5.2,1.9,42,73561,Bruno Fernandes,4-2-3-1,4/3/2003,Stuart Attwell,Match Report,,17,8,15.3,0,1,1,Manchester United,2023
5/28/2023,16:30,Premier League,Matchweek 38,Sun,Home,W,2,1,Fulham,2.9,1.8,53,73465,Harry Maguire,4-2-3-1,4-2-3-1,Robert Jones,Match Report,,21,8,20.7,1,0,0,Manchester United,2023
8/14/2023,20:00,Premier League,Matchweek 1,Mon,Home,W,1,0,Wolves,2.2,2.2,51,73358,Bruno Fernandes,4-1-4-1,4/4/2002,Simon Hooper,Match Report,,15,2,14.7,0,0,0,Manchester United,2024
8/19/2023,17:30,Premier League,Matchweek 2,Sat,Away,L,0,2,Tottenham,2.1,1.7,45,61910,Bruno Fernandes,4-2-3-1,4-2-3-1,Michael Oliver,Match Report,,22,6,15.6,1,0,0,Manchester United,2024
8/26/2023,15:00,Premier League,Matchweek 3,Sat,Home,W,3,2,Nott'ham Forest,2.8,1.2,66,73595,Bruno Fernandes,4-2-3-1,3/4/2003,Stuart Attwell,Match Report,,17,8,20.3,0,1,1,Manchester United,2024
9/3/2023,16:30,Premier League,Matchweek 4,Sun,Away,L,1,3,Arsenal,0.9,2.3,45,60192,Bruno Fernandes,4-2-3-1,4/3/2003,Anthony Taylor,Match Report,,10,2,16.5,0,0,0,Manchester United,2024
9/16/2023,15:00,Premier League,Matchweek 5,Sat,Home,L,1,3,Brighton,1,1.7,44,73592,Bruno Fernandes,4-1-2-1-2◆,4-2-3-1,Jarred Gillett,Match Report,,14,4,18.6,1,0,0,Manchester United,2024
9/23/2023,20:00,Premier League,Matchweek 6,Sat,Away,W,1,0,Burnley,1,1.1,39,21593,Bruno Fernandes,4-2-3-1,4/3/2003,Tony Harrington,Match Report,,11,4,15,0,0,0,Manchester United,2024
9/30/2023,15:00,Premier League,Matchweek 7,Sat,Home,L,0,1,Crystal Palace,1.3,0.9,77,73428,Bruno Fernandes,4-2-3-1,4/3/2003,Chris Kavanagh,Match Report,,19,3,15.5,0,0,0,Manchester United,2024
10/7/2023,15:00,Premier League,Matchweek 8,Sat,Home,W,2,1,Brentford,1.4,0.9,64,73453,Bruno Fernandes,4-2-3-1,3/5/2002,Andy Madley,Match Report,,21,8,18.3,1,0,0,Manchester United,2024
10/21/2023,20:00,Premier League,Matchweek 9,Sat,Away,W,2,1,Sheffield Utd,1.1,1.4,62,31543,Bruno Fernandes,4-2-3-1,4/4/2002,Michael Oliver,Match Report,,14,5,20.6,1,0,0,Manchester United,2024
10/29/2023,15:30,Premier League,Matchweek 10,Sun,Home,L,0,3,Manchester City,0.9,4,40,73502,Bruno Fernandes,4-2-3-1,4-2-3-1,Paul Tierney,Match Report,,7,3,15.2,0,0,0,Manchester United,2024
11/4/2023,12:30,Premier League,Matchweek 11,Sat,Away,W,1,0,Fulham,0.7,1,55,24415,Bruno Fernandes,4-2-3-1,4-2-3-1,John Brooks,Match Report,,12,5,18.3,1,0,0,Manchester United,2024
11/11/2023,15:00,Premier League,Matchweek 12,Sat,Home,W,1,0,Luton Town,2.2,0.4,64,73599,Bruno Fernandes,4-2-3-1,3/4/2003,Graham Scott,Match Report,,15,4,14,1,0,0,Manchester United,2024
11/26/2023,16:30,Premier League,Matchweek 13,Sun,Away,W,3,0,Everton,2.2,2.4,49,39257,Bruno Fernandes,4-2-3-1,4-4-1-1,John Brooks,Match Report,,8,3,17.4,0,1,1,Manchester United,2024
12/2/2023,20:00,Premier League,Matchweek 14,Sat,Away,L,0,1,Newcastle Utd,0.5,2.4,42,52214,Bruno Fernandes,4-2-3-1,4/3/2003,Robert Jones,Match Report,,8,1,18.2,0,0,0,Manchester United,2024
12/6/2023,20:15,Premier League,Matchweek 15,Wed,Home,W,2,1,Chelsea,4.1,1.5,45,73607,Bruno Fernandes,4-2-3-1,4-2-3-1,Chris Kavanagh,Match Report,,27,8,15.4,1,0,1,Manchester United,2024
12/9/2023,15:00,Premier League,Matchweek 16,Sat,Home,L,0,3,Bournemouth,1.1,1.5,68,73427,Bruno Fernandes,4-2-3-1,4-2-3-1,Peter Bankes,Match Report,,20,3,15.4,0,0,0,Manchester United,2024
12/17/2023,16:30,Premier League,Matchweek 17,Sun,Away,D,0,0,Liverpool,0.8,2.3,32,57158,Scott McTominay,4-2-3-1,4/3/2003,Michael Oliver,Match Report,,6,1,16.3,0,0,0,Manchester United,2024
12/23/2023,12:30,Premier League,Matchweek 18,Sat,Away,L,0,2,West Ham,1,1.2,65,64472,Bruno Fernandes,4-2-3-1,4-2-3-1,Simon Hooper,Match Report,,11,3,18.1,0,0,0,Manchester United,2024
12/26/2023,20:00,Premier League,Matchweek 19,Tue,Home,W,3,2,Aston Villa,1.1,1.7,46,73574,Bruno Fernandes,4-2-3-1,4-2-3-1,Craig Pawson,Match Report,,13,7,18,1,0,0,Manchester United,2024
12/30/2023,17:30,Premier League,Matchweek 20,Sat,Away,L,1,2,Nott'ham Forest,0.8,0.7,56,29529,Bruno Fernandes,4-2-3-1,4-2-3-1,Tim Robinson,Match Report,,10,5,17.5,0,0,0,Manchester United,2024
1/14/2024,16:30,Premier League,Matchweek 21,Sun,Home,D,2,2,Tottenham,0.8,1.2,37,73489,Bruno Fernandes,4-2-3-1,4/3/2003,John Brooks,Match Report,,9,2,14.5,1,0,0,Manchester United,2024
2/1/2024,20:15,Premier League,Matchweek 22,Thu,Away,W,4,3,Wolves,3.3,2.1,47,31641,Bruno Fernandes,4-2-3-1,3/4/2003,Jarred Gillett,Match Report,,21,8,18.2,2,0,0,Manchester United,2024
2/4/2024,14:00,Premier League,Matchweek 23,Sun,Home,W,3,0,West Ham,0.7,1.4,51,73612,Bruno Fernandes,4-2-3-1,4-2-3-1,Andy Madley,Match Report,,12,5,20.4,0,0,0,Manchester United,2024
2/11/2024,16:30,Premier League,Matchweek 24,Sun,Away,W,2,1,Aston Villa,1.8,2.4,44,42185,Bruno Fernandes,4-2-3-1,4-2-3-1,Robert Jones,Match Report,,17,5,14.6,0,0,0,Manchester United,2024
2/18/2024,16:30,Premier League,Matchweek 25,Sun,Away,W,2,1,Luton Town,2.9,1.8,42,11483,Bruno Fernandes,4-2-3-1,3/4/2003,David Coote,Match Report,,21,8,19.8,2,0,0,Manchester United,2024
2/24/2024,15:00,Premier League,Matchweek 26,Sat,Home,L,1,2,Fulham,1.7,1.2,57,73487,Bruno Fernandes,4-2-3-1,4-2-3-1,Michael Oliver,Match Report,,21,8,17.3,0,0,0,Manchester United,2024
3/3/2024,15:30,Premier League,Matchweek 27,Sun,Away,L,1,3,Manchester City,0.2,3.3,27,53514,Bruno Fernandes,4-2-4-0,3-2-4-1,Andy Madley,Match Report,,3,1,16.7,0,0,0,Manchester United,2024
3/9/2024,12:30,Premier League,Matchweek 28,Sat,Home,W,2,0,Everton,2.7,1.6,51,73601,Bruno Fernandes,4-2-4-0,4-4-1-1,Simon Hooper,Match Report,,13,6,17.6,1,2,2,Manchester United,2024
3/30/2024,20:00,Premier League,Matchweek 30,Sat,Away,D,1,1,Brentford,0.6,3.2,53,17138,Bruno Fernandes,4-2-3-1,3/5/2002,Simon Hooper,Match Report,,11,5,22.5,0,0,0,Manchester United,2024
4/4/2024,20:15,Premier League,Matchweek 31,Thu,Away,L,3,4,Chelsea,1.5,3,43,39694,Bruno Fernandes,4-2-3-1,4-2-3-1,Jarred Gillett,Match Report,,19,5,16.8,0,0,0,Manchester United,2024
4/7/2024,15:30,Premier League,Matchweek 32,Sun,Home,D,2,2,Liverpool,0.7,3.6,38,73501,Bruno Fernandes,4-2-3-1,4/3/2003,Anthony Taylor,Match Report,,9,5,18.1,0,0,0,Manchester United,2024
4/13/2024,17:30,Premier League,Matchweek 33,Sat,Away,D,2,2,Bournemouth,1.2,1.6,57,11229,Bruno Fernandes,4-2-3-1,4-2-3-1,Tony Harrington,Match Report,,7,1,20.6,0,1,1,Manchester United,2024
4/24/2024,20:00,Premier League,Matchweek 29,Wed,Home,W,4,2,Sheffield Utd,2.9,0.8,71,73549,Bruno Fernandes,4-2-3-1,3/5/2002,Michael Salisbury,Match Report,,24,12,16.9,0,1,1,Manchester United,2024
4/27/2024,15:00,Premier League,Matchweek 35,Sat,Home,D,1,1,Burnley,2.7,2.1,48,73571,Bruno Fernandes,4-2-3-1,4/4/2002,John Brooks,Match Report,,27,10,18,0,0,0,Manchester United,2024
5/6/2024,20:00,Premier League,Matchweek 36,Mon,Away,L,0,4,Crystal Palace,0.4,1.7,57,25190,Casemiro,4-2-3-1,3/4/2003,Jarred Gillett,Match Report,,7,2,16.7,1,0,0,Manchester United,2024
5/12/2024,16:30,Premier League,Matchweek 37,Sun,Home,L,0,1,Arsenal,0.5,1.5,54,73600,Scott McTominay,4-2-3-1,4/3/2003,Paul Tierney,Match Report,,14,2,22.9,0,0,0,Manchester United,2024
5/15/2024,20:00,Premier League,Matchweek 34,Wed,Home,W,3,2,Newcastle Utd,1.5,2.2,45,73582,Bruno Fernandes,4-2-2-2,4/3/2003,Robert Jones,Match Report,,17,8,15.2,0,0,0,Manchester United,2024
5/19/2024,16:00,Premier League,Matchweek 38,Sun,Away,W,2,0,Brighton,1.3,1.7,45,31662,Bruno Fernandes,4-2-2-2,4-2-3-1,Craig Pawson,Match Report,,11,4,17,0,0,0,Manchester United,2024
8/16/2024,20:00,Premier League,Matchweek 1,Fri,Home,W,1,0,Fulham,2.4,0.4,55,73297,Bruno Fernandes,4-2-3-1,4-2-3-1,Robert Jones,Match Report,,14,5,17.6,0,0,0,Manchester United,2025
8/24/2024,12:30,Premier League,Matchweek 2,Sat,Away,L,1,2,Brighton,1.4,2.1,52,31537,Bruno Fernandes,4-2-3-1,4-2-3-1,Craig Pawson,Match Report,,11,3,16.3,0,0,0,Manchester United,2025
9/1/2024,16:00,Premier League,Matchweek 3,Sun,Home,L,0,3,Liverpool,1.4,1.8,53,73738,Bruno Fernandes,4-2-3-1,4-2-3-1,Anthony Taylor,Match Report,,8,3,15.6,0,0,0,Manchester United,2025
9/14/2024,12:30,Premier League,Matchweek 4,Sat,Away,W,3,0,Southampton,2.6,1.1,56,31144,Bruno Fernandes,4-2-3-1,4-2-3-1,Stuart Attwell,Match Report,,20,10,17.4,0,0,0,Manchester United,2025
9/21/2024,17:30,Premier League,Matchweek 5,Sat,Away,D,0,0,Crystal Palace,1.6,1,67,25172,Bruno Fernandes,4-2-3-1,3/4/2003,David Coote,Match Report,,15,6,13.9,0,0,0,Manchester United,2025
9/29/2024,16:30,Premier League,Matchweek 6,Sun,Home,L,0,3,Tottenham,1,4.4,39,73587,Bruno Fernandes,4-2-3-1,4/3/2003,Chris Kavanagh,Match Report,,11,2,15.1,0,0,0,Manchester United,2025
10/6/2024,14:00,Premier League,Matchweek 7,Sun,Away,D,0,0,Aston Villa,0.6,0.5,47,42682,Bruno Fernandes,4-2-3-1,4-2-3-1,Robert Jones,Match Report,,10,4,21.5,1,0,0,Manchester United,2025
10/19/2024,15:00,Premier League,Matchweek 8,Sat,Home,W,2,1,Brentford,1.3,0.9,50,73738,Bruno Fernandes,4-2-3-1,4-2-3-1,Samuel Barrott,Match Report,,23,11,18.7,0,0,0,Manchester United,2025
10/27/2024,14:00,Premier League,Matchweek 9,Sun,Away,L,1,2,West Ham,2.3,2.8,58,62474,Bruno Fernandes,4-2-3-1,4-2-3-1,David Coote,Match Report,,18,5,18,1,0,0,Manchester United,2025
11/3/2024,16:30,Premier League,Matchweek 10,Sun,Home,D,1,1,Chelsea,2,1.1,46,73813,Bruno Fernandes,4-2-3-1,4-2-3-1,Robert Jones,Match Report,,10,3,18.3,1,1,1,Manchester United,2025
11/10/2024,14:00,Premier League,Matchweek 11,Sun,Home,W,3,0,Leicester City,0.8,0.6,51,73829,Bruno Fernandes,4-2-3-1,4/3/2003,Peter Bankes,Match Report,,13,3,19.3,0,0,0,Manchester United,2025
11/24/2024,16:30,Premier League,Matchweek 12,Sun,Away,D,1,1,Ipswich Town,0.8,1.6,60,30017,Bruno Fernandes,3/4/2003,4-2-3-1,Anthony Taylor,Match Report,,11,4,17.6,1,0,0,Manchester United,2025
12/1/2024,13:30,Premier League,Matchweek 13,Sun,Home,W,4,0,Everton,1.1,0.6,60,73817,Bruno Fernandes,3/4/2003,4-2-3-1,John Brooks,Match Report,,11,5,15.1,0,0,0,Manchester United,2025
12/4/2024,20:15,Premier League,Matchweek 14,Wed,Away,L,0,2,Arsenal,0.2,2.1,49,60256,Bruno Fernandes,3/4/2003,4/3/2003,Samuel Barrott,Match Report,,5,2,17.7,0,0,0,Manchester United,2025
12/7/2024,17:30,Premier League,Matchweek 15,Sat,Home,L,2,3,Nott'ham Forest,1.6,0.8,71,73778,Bruno Fernandes,3/4/2003,4-2-3-1,Darren England,Match Report,,17,7,18.7,1,0,0,Manchester United,2025
12/15/2024,16:30,Premier League,Matchweek 16,Sun,Away,W,2,1,Manchester City,2.1,0.9,48,53184,Bruno Fernandes,3/4/2003,4-1-4-1,Anthony Taylor,Match Report,,9,2,17.9,0,1,1,Manchester United,2025
12/22/2024,14:00,Premier League,Matchweek 17,Sun,Home,L,0,3,Bournemouth,2.2,1.6,60,73720,Bruno Fernandes,3/4/2003,4-2-3-1,Craig Pawson,Match Report,,23,7,17.7,1,0,0,Manchester United,2025
12/26/2024,17:30,Premier League,Matchweek 18,Thu,Away,L,0,2,Wolves,0.4,0.9,49,31407,Bruno Fernandes,3/4/2003,3/4/2003,Tony Harrington,Match Report,,11,4,19.2,0,0,0,Manchester United,2025
12/30/2024,20:00,Premier League,Matchweek 19,Mon,Home,L,0,2,Newcastle Utd,0.8,1.9,52,73809,Lisandro Martínez,3/4/2003,4/3/2003,Simon Hooper,Match Report,,10,0,16.6,0,0,0,Manchester United,2025
1/5/2025,16:30,Premier League,Matchweek 20,Sun,Away,D,2,2,Liverpool,1,2.7,47,60275,Bruno Fernandes,3/4/2003,4-2-3-1,Michael Oliver,Match Report,,13,4,15.4,0,0,0,Manchester United,2025
1/16/2025,20:00,Premier League,Matchweek 21,Thu,Home,W,3,1,Southampton,3.4,1.4,60,73722,Bruno Fernandes,3/4/2003,3-4-1-2,John Brooks,Match Report,,23,9,15,0,0,0,Manchester United,2025
1/19/2025,14:00,Premier League,Matchweek 22,Sun,Home,L,1,3,Brighton,1.5,1.9,51,73758,Bruno Fernandes,3/4/2003,4/4/2002,Peter Bankes,Match Report,,9,0,16.4,0,1,1,Manchester United,2025
1/26/2025,19:00,Premier League,Matchweek 23,Sun,Away,W,1,0,Fulham,0.3,0.7,49,27288,Bruno Fernandes,3/4/2003,4-2-3-1,Anthony Taylor,Match Report,,4,1,19.9,1,0,0,Manchester United,2025
2/2/2025,14:00,Premier League,Matchweek 24,Sun,Home,L,0,2,Crystal Palace,1.1,2.6,66,73751,Bruno Fernandes,3/4/2003,3/4/2003,John Brooks,Match Report,,17,2,15.3,0,0,0,Manchester United,2025
2/16/2025,16:30,Premier League,Matchweek 25,Sun,Away,L,0,1,Tottenham,1.5,2.2,45,61383,Bruno Fernandes,3/4/2003,4/3/2003,Peter Bankes,Match Report,,16,6,14.6,0,0,0,Manchester United,2025
2/22/2025,12:30,Premier League,Matchweek 26,Sat,Away,D,2,2,Everton,0.4,1.6,62,39290,Bruno Fernandes,3/4/2003,4-2-3-1,Andy Madley,Match Report,,9,3,20,2,0,0,Manchester United,2025
2/26/2025,19:30,Premier League,Matchweek 27,Wed,Home,W,3,2,Ipswich Town,0.7,1.4,45,73827,Bruno Fernandes,3/4/2003,3/4/2003,Darren England,Match Report,,10,6,12.9,0,0,0,Manchester United,2025
3/9/2025,16:30,Premier League,Matchweek 28,Sun,Home,D,1,1,Arsenal,1.5,1.6,32,73812,Bruno Fernandes,3/4/2003,4/3/2003,Anthony Taylor,Match Report,,10,6,15.9,1,0,0,Manchester United,2025
3/16/2025,19:00,Premier League,Matchweek 29,Sun,Away,W,3,0,Leicester City,0.9,1,47,31773,Bruno Fernandes,3/4/2003,3/4/2003,Thomas Bramall,Match Report,,18,5,21.3,0,0,0,Manchester United,2025
4/1/2025,20:00,Premier League,Matchweek 30,Tue,Away,L,0,1,Nott'ham Forest,1.6,0.5,68,30249,Bruno Fernandes,3/4/2003,4-2-3-1,Jarred Gillett,Match Report,,23,5,15.2,0,0,0,Manchester United,2025
4/6/2025,16:30,Premier League,Matchweek 31,Sun,Home,D,0,0,Manchester City,0.9,0.5,42,73738,Bruno Fernandes,3/4/2003,4-1-2-1-2,John Brooks,Match Report,,13,2,17.9,1,0,0,Manchester United,2025
4/13/2025,16:30,Premier League,Matchweek 32,Sun,Away,L,1,4,Newcastle Utd,0.7,2.2,52,52252,Bruno Fernandes,3/4/2003,4/3/2003,Chris Kavanagh,Match Report,,9,5,20.4,0,0,0,Manchester United,2025
4/20/2025,14:00,Premier League,Matchweek 33,Sun,Home,L,0,1,Wolves,1.3,0.2,59,73819,Victor Lindelöf,3/4/2003,3/4/2003,Robert Jones,Match Report,,12,2,19.6,3,0,0,Manchester United,2025
4/27/2025,14:00,Premier League,Matchweek 34,Sun,Away,D,1,1,Bournemouth,2.3,0.5,61,11241,Bruno Fernandes,3/4/2003,4-2-3-1,Peter Bankes,Match Report,,25,6,17.7,0,0,0,Manchester United,2025
5/4/2025,14:00,Premier League,Matchweek 35,Sun,Away,L,3,4,Brentford,1.5,2.8,53,18915,Luke Shaw,3/4/2003,4-2-3-1,Anthony Taylor,Match Report,,14,5,18.2,0,0,0,Manchester United,2025
5/11/2025,14:15,Premier League,Matchweek 36,Sun,Home,L,0,2,West Ham,2.1,1.7,52,73804,Bruno Fernandes,3/4/2003,3-4-1-2,Jarred Gillett,Match Report,,20,5,18.1,0,0,0,Manchester United,2025
5/16/2025,20:15,Premier League,Matchweek 37,Fri,Away,L,0,1,Chelsea,0.3,0.8,53,39849,Bruno Fernandes,3/4/2003,4-2-3-1,Chris Kavanagh,Match Report,,4,1,15.3,0,0,0,Manchester United,2025
5/25/2025,16:00,Premier League,Matchweek 38,Sun,Home,W,2,0,Aston Villa,2.9,0.4,67,73839,Bruno Fernandes,3/4/2003,4-2-3-1,Thomas Bramall,Match Report,,25,9,19.7,1,1,1,Manchester United,2025
9/12/2020,20:00,Premier League,Matchweek 1,Sat,Away,W,2,0,West Ham,1.6,1,42,,Jamaal Lascelles,4/4/2002,4-2-3-1,Stuart Attwell,Match Report,,15,2,17.6,1,0,0,Newcastle United,2021
9/20/2020,14:00,Premier League,Matchweek 2,Sun,Home,L,0,3,Brighton,0.5,1.8,47,,Jamaal Lascelles,4/4/2002,3/4/2003,Kevin Friend,Match Report,,6,0,21.3,0,0,0,Newcastle United,2021
9/27/2020,14:00,Premier League,Matchweek 3,Sun,Away,D,1,1,Tottenham,1,2.9,34,,Jamaal Lascelles,5/4/2001,4-2-3-1,Peter Bankes,Match Report,,5,0,19.1,0,1,1,Newcastle United,2021
10/3/2020,20:00,Premier League,Matchweek 4,Sat,Home,W,3,1,Burnley,1.8,0.4,48,,Jonjo Shelvey,4/4/2002,4/4/2002,David Coote,Match Report,,9,4,19.8,0,1,1,Newcastle United,2021
10/17/2020,20:00,Premier League,Matchweek 5,Sat,Home,L,1,4,Manchester Utd,0.9,2.3,37,,Jamaal Lascelles,4-1-4-1,4-2-3-1,Craig Pawson,Match Report,,7,4,20.6,0,0,0,Newcastle United,2021
10/25/2020,16:30,Premier League,Matchweek 6,Sun,Away,D,1,1,Wolves,0.3,0.7,37,,Jamaal Lascelles,5/3/2002,3/4/2003,Lee Mason,Match Report,,5,2,21.2,1,0,0,Newcastle United,2021
11/1/2020,14:00,Premier League,Matchweek 7,Sun,Home,W,2,1,Everton,2.9,1.5,39,,Jamaal Lascelles,5/3/2002,4-3-2-1,Stuart Attwell,Match Report,,10,3,17.8,0,1,1,Newcastle United,2021
11/6/2020,20:00,Premier League,Matchweek 8,Fri,Away,L,0,2,Southampton,0.3,0.7,39,,Jamaal Lascelles,5/3/2002,4/4/2002,Peter Bankes,Match Report,,4,2,15.2,1,0,0,Newcastle United,2021
11/21/2020,12:30,Premier League,Matchweek 9,Sat,Home,L,0,2,Chelsea,0.3,1.5,30,,Jamaal Lascelles,5/4/2001,4/3/2003,Craig Pawson,Match Report,,8,1,23.7,0,0,0,Newcastle United,2021
11/27/2020,20:00,Premier League,Matchweek 10,Fri,Away,W,2,0,Crystal Palace,1.3,0.6,43,,Jonjo Shelvey,4/4/2002,4/4/2002,Graham Scott,Match Report,,14,7,19.5,2,0,0,Newcastle United,2021
12/12/2020,15:00,Premier League,Matchweek 12,Sat,Home,W,2,1,West Brom,0.8,0.6,46,,Jonjo Shelvey,4/4/2002,3/5/2002,Darren England,Match Report,,12,6,16.7,0,0,0,Newcastle United,2021
12/16/2020,18:00,Premier League,Matchweek 13,Wed,Away,L,2,5,Leeds United,1.5,2.7,32,,Federico Fernández,4/4/2002,4-1-4-1,Simon Hooper,Match Report,,10,4,13.9,1,0,0,Newcastle United,2021
12/19/2020,20:00,Premier League,Matchweek 14,Sat,Home,D,1,1,Fulham,1.4,1,49,,Jonjo Shelvey,4/4/2002,3/4/2003,Graham Scott,Match Report,,11,4,22.3,2,1,1,Newcastle United,2021
12/26/2020,20:00,Premier League,Matchweek 15,Sat,Away,L,0,2,Manchester City,0.3,3,26,,Federico Fernández,5/4/2001,3/4/2003,Andre Marriner,Match Report,,7,2,21.2,0,0,0,Newcastle United,2021
12/30/2020,20:00,Premier League,Matchweek 16,Wed,Home,D,0,0,Liverpool,0.5,1.4,28,,Federico Fernández,5/4/2001,4/3/2003,Paul Tierney,Match Report,,8,2,17,0,0,0,Newcastle United,2021
1/3/2021,14:15,Premier League,Matchweek 17,Sun,Home,L,1,2,Leicester City,0.5,0.6,44,,Federico Fernández,5/4/2001,4-2-3-1,Robert Jones,Match Report,,8,2,15.1,0,0,0,Newcastle United,2021
1/12/2021,18:00,Premier League,Matchweek 18,Tue,Away,L,0,1,Sheffield Utd,0.6,2.1,35,,Federico Fernández,5/4/2001,3/5/2002,Andy Madley,Match Report,,7,3,22.6,2,0,0,Newcastle United,2021
1/18/2021,20:00,Premier League,Matchweek 19,Mon,Away,L,0,3,Arsenal,0.2,2.4,34,,Jamaal Lascelles,4/4/2002,4-2-3-1,David Coote,Match Report,,4,1,17.3,0,0,0,Newcastle United,2021
1/23/2021,20:00,Premier League,Matchweek 11,Sat,Away,L,0,2,Aston Villa,0.5,2.3,42,,Jamaal Lascelles,5/3/2002,4-2-3-1,Simon Hooper,Match Report,,7,1,14.5,0,0,0,Newcastle United,2021
1/26/2021,18:00,Premier League,Matchweek 20,Tue,Home,L,1,2,Leeds United,1.4,0.7,42,,Jamaal Lascelles,4-4-1-1,4-1-4-1,Anthony Taylor,Match Report,,22,5,22,4,0,0,Newcastle United,2021
1/30/2021,12:30,Premier League,Matchweek 21,Sat,Away,W,2,0,Everton,1.7,0.8,40,,Jamaal Lascelles,4-3-1-2,4-2-3-1,Stuart Attwell,Match Report,,13,3,17.1,2,0,0,Newcastle United,2021
2/2/2021,20:15,Premier League,Matchweek 22,Tue,Home,L,1,2,Crystal Palace,1.9,0.7,61,,Jonjo Shelvey,4-3-1-2,4/4/2002,Darren England,Match Report,,21,5,16.2,1,0,0,Newcastle United,2021
2/6/2021,15:00,Premier League,Matchweek 23,Sat,Home,W,3,2,Southampton,0.7,1.3,27,,Jonjo Shelvey,4-3-1-2,4/4/2002,Craig Pawson,Match Report,,6,4,16.1,1,0,0,Newcastle United,2021
2/15/2021,20:00,Premier League,Matchweek 24,Mon,Away,L,0,2,Chelsea,0.6,2.2,36,,Jamaal Lascelles,4/3/2003,3/4/2003,Peter Bankes,Match Report,,10,4,20.5,1,0,0,Newcastle United,2021
2/21/2021,19:00,Premier League,Matchweek 25,Sun,Away,L,1,3,Manchester Utd,0.4,1.7,29,,Jamaal Lascelles,4-3-1-2,4-2-3-1,Paul Tierney,Match Report,,10,6,23,0,0,0,Newcastle United,2021
2/27/2021,20:00,Premier League,Matchweek 26,Sat,Home,D,1,1,Wolves,1.7,1.1,48,,Jamaal Lascelles,4/3/2003,3/4/2003,Mike Dean,Match Report,,19,6,18.9,1,0,0,Newcastle United,2021
3/7/2021,12:00,Premier League,Matchweek 27,Sun,Away,D,0,0,West Brom,0.5,2,47,,Jamaal Lascelles,4-3-1-2,4-1-4-1,Martin Atkinson,Match Report,,9,5,18.6,0,0,0,Newcastle United,2021
3/12/2021,20:00,Premier League,Matchweek 28,Fri,Home,D,1,1,Aston Villa,1.5,0.9,49,,Jamaal Lascelles,4/3/2003,4/3/2003,Paul Tierney,Match Report,,12,3,15.8,0,0,0,Newcastle United,2021
3/20/2021,20:00,Premier League,Matchweek 29,Sat,Away,L,0,3,Brighton,0.1,0.9,35,,Jamaal Lascelles,4/3/2003,3-4-1-2,Anthony Taylor,Match Report,,3,1,19.5,0,0,0,Newcastle United,2021
4/4/2021,14:05,Premier League,Matchweek 30,Sun,Home,D,2,2,Tottenham,3.4,2.7,42,,Jamaal Lascelles,5/3/2002,4/4/2002,Craig Pawson,Match Report,,22,6,13.9,0,0,0,Newcastle United,2021
4/11/2021,12:00,Premier League,Matchweek 31,Sun,Away,W,2,1,Burnley,1.2,2,44,,Jonjo Shelvey,5/3/2002,4/4/2002,Anthony Taylor,Match Report,,10,4,12.7,0,0,0,Newcastle United,2021
4/17/2021,12:30,Premier League,Matchweek 32,Sat,Home,W,3,2,West Ham,2.2,1.9,34,,Jonjo Shelvey,5/3/2002,3-4-1-2,Kevin Friend,Match Report,,16,6,19.1,0,0,0,Newcastle United,2021
4/24/2021,12:30,Premier League,Matchweek 33,Sat,Away,D,1,1,Liverpool,1,2.4,32,,Jonjo Shelvey,5/3/2002,4/4/2002,Andre Marriner,Match Report,,7,4,16,0,0,0,Newcastle United,2021
5/2/2021,14:00,Premier League,Matchweek 34,Sun,Home,L,0,2,Arsenal,0.3,2,39,,Jonjo Shelvey,5/3/2002,4-2-3-1,Mike Dean,Match Report,,5,1,20.4,0,0,0,Newcastle United,2021
5/7/2021,20:00,Premier League,Matchweek 35,Fri,Away,W,4,2,Leicester City,2.7,2.2,32,,Jonjo Shelvey,5/3/2002,3-4-1-2,Darren England,Match Report,,14,6,17.2,2,0,0,Newcastle United,2021
5/14/2021,20:00,Premier League,Matchweek 36,Fri,Home,L,3,4,Manchester City,2.2,1.5,18,,Jonjo Shelvey,5/3/2002,4/3/2003,Kevin Friend,Match Report,,9,3,17.8,1,1,2,Newcastle United,2021
5/19/2021,18:00,Premier League,Matchweek 37,Wed,Home,W,1,0,Sheffield Utd,1.6,0.9,51,10000,Jonjo Shelvey,5/3/2002,3/4/2003,Robert Jones,Match Report,,16,5,19.2,2,0,0,Newcastle United,2021
5/23/2021,16:00,Premier League,Matchweek 38,Sun,Away,W,2,0,Fulham,1.3,1,36,2000,Jonjo Shelvey,5/3/2002,3/4/2003,Chris Kavanagh,Match Report,,9,3,21.4,0,1,1,Newcastle United,2021
8/15/2021,14:00,Premier League,Matchweek 1,Sun,Home,L,2,4,West Ham,1.8,2.7,46,50673,Federico Fernández,5/3/2002,4-2-3-1,Martin Atkinson,Match Report,,17,3,16.3,0,0,0,Newcastle United,2022
8/21/2021,15:00,Premier League,Matchweek 2,Sat,Away,L,0,2,Aston Villa,0.7,1.2,53,41964,Jamaal Lascelles,5/3/2002,4/3/2003,David Coote,Match Report,,9,1,16.1,0,0,0,Newcastle United,2022
8/28/2021,15:00,Premier League,Matchweek 3,Sat,Home,D,2,2,Southampton,1,3.6,37,44017,Jamaal Lascelles,3/5/2002,4/4/2002,Paul Tierney,Match Report,,10,4,16.5,1,0,0,Newcastle United,2022
9/11/2021,15:00,Premier League,Matchweek 4,Sat,Away,L,1,4,Manchester Utd,0.4,2.5,37,72732,Jamaal Lascelles,5/4/2001,4-2-3-1,Anthony Taylor,Match Report,,12,3,22.5,0,0,0,Newcastle United,2022
9/17/2021,20:00,Premier League,Matchweek 5,Fri,Home,D,1,1,Leeds United,1.3,1.5,35,50407,Jamaal Lascelles,5/4/2001,4-1-4-1,Mike Dean,Match Report,,17,7,19.2,0,0,0,Newcastle United,2022
9/25/2021,15:00,Premier League,Matchweek 6,Sat,Away,D,1,1,Watford,1.9,0.9,47,20650,Federico Fernández,4-1-4-1,4-2-3-1,Jarred Gillett,Match Report,,20,6,17.9,1,0,0,Newcastle United,2022
10/2/2021,15:00,Premier League,Matchweek 7,Sat,Away,L,1,2,Wolves,0.6,1,48,30483,Federico Fernández,4-1-4-1,3/4/2003,Graham Scott,Match Report,,8,2,16.5,1,0,0,Newcastle United,2022
10/17/2021,16:30,Premier League,Matchweek 8,Sun,Home,L,2,3,Tottenham,0.4,1.7,36,52214,Jamaal Lascelles,4-1-4-1,4-2-3-1,Andre Marriner,Match Report,,7,1,17.4,0,0,0,Newcastle United,2022
10/23/2021,15:00,Premier League,Matchweek 9,Sat,Away,D,1,1,Crystal Palace,0.3,1.9,26,24609,Jamaal Lascelles,5/3/2002,4/3/2003,Darren England,Match Report,,6,1,14.2,0,0,0,Newcastle United,2022
10/30/2021,15:00,Premier League,Matchweek 10,Sat,Home,L,0,3,Chelsea,0.2,2.2,21,52208,Jamaal Lascelles,5/3/2002,3/4/2003,Paul Tierney,Match Report,,6,1,19.7,0,0,0,Newcastle United,2022
11/6/2021,17:30,Premier League,Matchweek 11,Sat,Away,D,1,1,Brighton,0.3,1.5,35,31267,Jamaal Lascelles,5/4/2001,4-2-3-1,David Coote,Match Report,,6,1,18.1,0,0,0,Newcastle United,2022
11/20/2021,15:00,Premier League,Matchweek 12,Sat,Home,D,3,3,Brentford,1.5,0.9,53,52131,Jamaal Lascelles,3/4/2003,3/5/2002,Robert Jones,Match Report,,23,8,16.1,0,0,0,Newcastle United,2022
11/27/2021,12:30,Premier League,Matchweek 13,Sat,Away,L,0,2,Arsenal,0.3,2.5,34,59886,Jamaal Lascelles,4/4/2002,4-4-1-1,Stuart Attwell,Match Report,,9,5,24.5,0,0,0,Newcastle United,2022
11/30/2021,19:30,Premier League,Matchweek 14,Tue,Home,D,1,1,Norwich City,1.1,1.2,32,50757,Callum Wilson,4/4/2002,4-1-4-1,Andy Madley,Match Report,,8,0,22.6,0,1,1,Newcastle United,2022
12/4/2021,15:00,Premier League,Matchweek 15,Sat,Home,W,1,0,Burnley,1,0.6,48,51948,Jamaal Lascelles,4/4/2002,4/4/2002,Paul Tierney,Match Report,,19,4,17.9,0,0,0,Newcastle United,2022
12/12/2021,14:00,Premier League,Matchweek 16,Sun,Away,L,0,4,Leicester City,1,2.6,53,31959,Jamaal Lascelles,4/4/2002,4-2-3-1,Peter Bankes,Match Report,,12,3,18.1,0,0,0,Newcastle United,2022
12/16/2021,20:00,Premier League,Matchweek 17,Thu,Away,L,1,3,Liverpool,0.3,2.7,26,52951,Jamaal Lascelles,4/5/2001,4/3/2003,Mike Dean,Match Report,,5,3,31.4,2,0,0,Newcastle United,2022
12/19/2021,14:15,Premier League,Matchweek 18,Sun,Home,L,0,4,Manchester City,0.3,2.9,29,52127,Jamaal Lascelles,4/5/2001,4-2-3-1,Martin Atkinson,Match Report,,5,1,19.9,0,0,0,Newcastle United,2022
12/27/2021,20:00,Premier League,Matchweek 19,Mon,Home,D,1,1,Manchester Utd,1.3,1.6,32,52178,Jamaal Lascelles,4/5/2001,4-2-2-2,Craig Pawson,Match Report,,13,8,22.6,0,0,0,Newcastle United,2022
1/15/2022,15:00,Premier League,Matchweek 22,Sat,Home,D,1,1,Watford,1.2,1.4,52,52223,Jamaal Lascelles,4/3/2003,4/3/2003,Paul Tierney,Match Report,,12,1,14.6,0,0,0,Newcastle United,2022
1/22/2022,15:00,Premier League,Matchweek 23,Sat,Away,W,1,0,Leeds United,0.9,0.7,38,36405,Jamaal Lascelles,4/3/2003,4-2-3-1,Chris Kavanagh,Match Report,,15,3,19.7,1,0,0,Newcastle United,2022
2/8/2022,19:45,Premier League,Matchweek 24,Tue,Home,W,3,1,Everton,1.9,0.7,40,52186,Jamaal Lascelles,4/3/2003,3/4/2003,Anthony Taylor,Match Report,,20,9,14,1,0,0,Newcastle United,2022
2/13/2022,14:00,Premier League,Matchweek 25,Sun,Home,W,1,0,Aston Villa,0.5,0.6,38,52207,Kieran Trippier,4/3/2003,4/3/2003,Craig Pawson,Match Report,,10,2,21.5,1,0,0,Newcastle United,2022
2/19/2022,12:30,Premier League,Matchweek 26,Sat,Away,D,1,1,West Ham,0.8,0.6,53,59949,Jonjo Shelvey,4/3/2003,4-2-3-1,Chris Kavanagh,Match Report,,14,3,16,0,0,0,Newcastle United,2022
2/26/2022,15:00,Premier League,Matchweek 27,Sat,Away,W,2,0,Brentford,2.7,0.4,63,17039,Jonjo Shelvey,4/3/2003,4/3/2003,Mike Dean,Match Report,,26,11,15.7,2,0,0,Newcastle United,2022
3/5/2022,15:00,Premier League,Matchweek 28,Sat,Home,W,2,1,Brighton,1.7,1.5,32,52214,Jonjo Shelvey,4/3/2003,4-1-2-1-2,Martin Atkinson,Match Report,,10,4,12.2,0,0,0,Newcastle United,2022
3/10/2022,19:30,Premier League,Matchweek 21,Thu,Away,W,2,1,Southampton,0.6,1.1,33,30056,Jonjo Shelvey,4/3/2003,4/4/2002,Kevin Friend,Match Report,,8,3,16.4,0,0,0,Newcastle United,2022
3/13/2022,14:00,Premier League,Matchweek 29,Sun,Away,L,0,1,Chelsea,0.3,1.1,29,40026,Jamaal Lascelles,5/4/2001,4/3/2003,David Coote,Match Report,,7,2,18.2,0,0,0,Newcastle United,2022
3/17/2022,19:45,Premier League,Matchweek 20,Thu,Away,L,0,1,Everton,0.9,0.7,61,39068,Fabian Schär,4/3/2003,4-2-3-1,Craig Pawson,Match Report,,17,6,20.7,1,0,0,Newcastle United,2022
4/3/2022,16:30,Premier League,Matchweek 31,Sun,Away,L,1,5,Tottenham,0.5,3.1,40,57553,Jonjo Shelvey,4/3/2003,3/4/2003,Martin Atkinson,Match Report,,8,1,18,1,0,0,Newcastle United,2022
4/8/2022,20:00,Premier League,Matchweek 32,Fri,Home,W,1,0,Wolves,1.5,0.4,42,52164,Jonjo Shelvey,4/3/2003,3/4/2003,Peter Bankes,Match Report,,11,3,19.7,1,1,1,Newcastle United,2022
4/17/2022,14:15,Premier League,Matchweek 33,Sun,Home,W,2,1,Leicester City,1.8,0.6,32,52104,Jonjo Shelvey,4/3/2003,4-1-4-1,Jarred Gillett,Match Report,,16,7,15.4,1,0,0,Newcastle United,2022
4/20/2022,19:45,Premier League,Matchweek 30,Wed,Home,W,1,0,Crystal Palace,0.9,0.5,37,51938,Jonjo Shelvey,4/3/2003,4-2-3-1,Tony Harrington,Match Report,,13,4,18.1,0,0,0,Newcastle United,2022
4/23/2022,15:00,Premier League,Matchweek 34,Sat,Away,W,3,0,Norwich City,1.9,0.6,54,26910,Jamaal Lascelles,4/3/2003,4-2-3-1,Chris Kavanagh,Match Report,,13,7,15.6,0,0,0,Newcastle United,2022
4/30/2022,12:30,Premier League,Matchweek 35,Sat,Home,L,0,1,Liverpool,0.2,2.3,36,52281,Jonjo Shelvey,4/3/2003,4/3/2003,Andre Marriner,Match Report,,4,2,28.3,1,0,0,Newcastle United,2022
5/8/2022,16:30,Premier League,Matchweek 36,Sun,Away,L,0,5,Manchester City,0.8,3.1,29,53336,Jamaal Lascelles,4/3/2003,4-2-3-1,Stuart Attwell,Match Report,,7,3,16.5,0,0,0,Newcastle United,2022
5/16/2022,20:00,Premier League,Matchweek 37,Mon,Home,W,2,0,Arsenal,1.6,0.6,51,52274,Callum Wilson,4/3/2003,4-2-3-1,Darren England,Match Report,,16,4,19.1,0,0,0,Newcastle United,2022
5/22/2022,16:00,Premier League,Matchweek 38,Sun,Away,W,2,1,Burnley,1.8,1.6,48,21361,Jamaal Lascelles,4/3/2003,4/4/2002,Craig Pawson,Match Report,,7,5,23,0,1,1,Newcastle United,2022
8/6/2022,15:00,Premier League,Matchweek 1,Sat,Home,W,2,0,Nott'ham Forest,1.7,0.3,61,52245,Kieran Trippier,4/3/2003,3-4-1-2,Simon Hooper,Match Report,,23,9,16,1,0,0,Newcastle United,2023
8/13/2022,15:00,Premier League,Matchweek 2,Sat,Away,D,0,0,Brighton,0.2,1.5,46,31552,Kieran Trippier,4/3/2003,3-4-1-2,Graham Scott,Match Report,,4,1,17.8,0,0,0,Newcastle United,2023
8/21/2022,16:30,Premier League,Matchweek 3,Sun,Home,D,3,3,Manchester City,1.8,2.1,31,52258,Kieran Trippier,4/3/2003,4/3/2003,Jarred Gillett,Match Report,,12,5,14.8,1,0,0,Newcastle United,2023
8/28/2022,14:00,Premier League,Matchweek 4,Sun,Away,D,1,1,Wolves,1.7,0.7,63,31311,Kieran Trippier,4/3/2003,4/3/2003,Peter Bankes,Match Report,,21,6,18.1,1,0,0,Newcastle United,2023
8/31/2022,20:00,Premier League,Matchweek 5,Wed,Away,L,1,2,Liverpool,0.7,1.5,28,53316,Jamaal Lascelles,4/3/2003,4/3/2003,Andre Marriner,Match Report,,5,2,18.2,1,0,0,Newcastle United,2023
9/3/2022,15:00,Premier League,Matchweek 6,Sat,Home,D,0,0,Crystal Palace,2.8,1,52,51863,Kieran Trippier,4/3/2003,4/3/2003,Michael Salisbury,Match Report,,23,5,12.8,1,0,0,Newcastle United,2023
9/17/2022,15:00,Premier League,Matchweek 8,Sat,Home,D,1,1,Bournemouth,1.9,0.7,72,52238,Kieran Trippier,4/3/2003,4-2-3-1,Craig Pawson,Match Report,,19,6,20,1,1,1,Newcastle United,2023
10/1/2022,15:00,Premier League,Matchweek 9,Sat,Away,W,4,1,Fulham,3.3,0.5,67,22913,Kieran Trippier,4/3/2003,4-2-3-1,Darren England,Match Report,,19,10,12.9,0,0,0,Newcastle United,2023
10/8/2022,15:00,Premier League,Matchweek 10,Sat,Home,W,5,1,Brentford,1.5,1.2,54,52067,Kieran Trippier,4/3/2003,3/5/2002,John Brooks,Match Report,,16,6,18.6,0,0,0,Newcastle United,2023
10/16/2022,14:00,Premier League,Matchweek 11,Sun,Away,D,0,0,Manchester Utd,0.8,0.8,37,73726,Kieran Trippier,4/3/2003,4-2-3-1,Craig Pawson,Match Report,,9,2,14.7,1,0,0,Newcastle United,2023
10/19/2022,19:30,Premier League,Matchweek 12,Wed,Home,W,1,0,Everton,1.5,0.2,49,52247,Kieran Trippier,4/3/2003,4/3/2003,Tony Harrington,Match Report,,16,4,14.2,0,0,0,Newcastle United,2023
10/23/2022,16:30,Premier League,Matchweek 13,Sun,Away,W,2,1,Tottenham,1.2,1.6,47,61726,Kieran Trippier,4/3/2003,3/5/2002,Jarred Gillett,Match Report,,13,5,18.4,0,0,0,Newcastle United,2023
10/29/2022,15:00,Premier League,Matchweek 14,Sat,Home,W,4,0,Aston Villa,3.4,0.4,59,52233,Kieran Trippier,4/3/2003,4-2-3-1,Paul Tierney,Match Report,,19,6,16.3,0,1,1,Newcastle United,2023
11/6/2022,14:00,Premier League,Matchweek 15,Sun,Away,W,4,1,Southampton,0.9,1.7,45,30402,Kieran Trippier,4/3/2003,4-2-3-1,Stuart Attwell,Match Report,,7,4,15.4,0,0,0,Newcastle United,2023
11/12/2022,17:30,Premier League,Matchweek 16,Sat,Home,W,1,0,Chelsea,1,0.3,49,52264,Kieran Trippier,4/3/2003,3/4/2003,Robert Jones,Match Report,,10,3,15.4,0,0,0,Newcastle United,2023
12/26/2022,15:00,Premier League,Matchweek 17,Mon,Away,W,3,0,Leicester City,1.9,0.5,40,32185,Kieran Trippier,4/3/2003,4-2-3-1,Jarred Gillett,Match Report,,11,4,16.8,0,1,1,Newcastle United,2023
12/31/2022,15:00,Premier League,Matchweek 18,Sat,Home,D,0,0,Leeds United,2.2,0.4,60,52211,Kieran Trippier,4/3/2003,4-2-3-1,Simon Hooper,Match Report,,16,5,15.4,1,0,0,Newcastle United,2023
1/3/2023,19:45,Premier League,Matchweek 19,Tue,Away,D,0,0,Arsenal,1,1.1,34,60319,Kieran Trippier,4/3/2003,4/3/2003,Andy Madley,Match Report,,8,1,13.4,0,0,0,Newcastle United,2023
1/15/2023,14:00,Premier League,Matchweek 20,Sun,Home,W,1,0,Fulham,2.2,1.1,62,52247,Kieran Trippier,4/3/2003,4-2-3-1,Robert Jones,Match Report,,20,5,16.7,2,0,0,Newcastle United,2023
1/21/2023,17:30,Premier League,Matchweek 21,Sat,Away,D,0,0,Crystal Palace,1.2,0.3,60,25350,Kieran Trippier,4/3/2003,4-2-3-1,Craig Pawson,Match Report,,16,7,13.1,0,0,0,Newcastle United,2023
2/4/2023,17:30,Premier League,Matchweek 22,Sat,Home,D,1,1,West Ham,1,1,62,52256,Kieran Trippier,4/3/2003,3/4/2003,Peter Bankes,Match Report,,8,2,13.5,0,0,0,Newcastle United,2023
2/11/2023,17:30,Premier League,Matchweek 23,Sat,Away,D,1,1,Bournemouth,1.3,1.5,66,10419,Kieran Trippier,4/3/2003,4-4-1-1,Stuart Attwell,Match Report,,15,7,16.9,0,0,0,Newcastle United,2023
2/18/2023,17:30,Premier League,Matchweek 24,Sat,Home,L,0,2,Liverpool,2,1.9,38,52758,Kieran Trippier,4/3/2003,4/3/2003,Anthony Taylor,Match Report,,14,4,12.9,0,0,0,Newcastle United,2023
3/4/2023,12:30,Premier League,Matchweek 26,Sat,Away,L,0,2,Manchester City,0.4,1.3,44,53419,Jamaal Lascelles,4/3/2003,4-2-3-1,Simon Hooper,Match Report,,5,2,15,1,0,0,Newcastle United,2023
3/12/2023,16:30,Premier League,Matchweek 27,Sun,Home,W,2,1,Wolves,1.8,1.1,43,52240,Kieran Trippier,4/3/2003,4-2-3-1,Andy Madley,Match Report,,19,8,15.9,2,0,0,Newcastle United,2023
3/17/2023,20:00,Premier League,Matchweek 28,Fri,Away,W,2,1,Nott'ham Forest,2.4,0.4,61,29362,Kieran Trippier,4/3/2003,4-2-3-1,Paul Tierney,Match Report,,14,3,15.2,0,1,1,Newcastle United,2023
4/2/2023,16:30,Premier League,Matchweek 29,Sun,Home,W,2,0,Manchester Utd,3.7,0.4,46,52268,Kieran Trippier,4/3/2003,4-2-3-1,Stuart Attwell,Match Report,,22,6,13.2,0,0,0,Newcastle United,2023
4/5/2023,20:00,Premier League,Matchweek 7,Wed,Away,W,5,1,West Ham,3.3,1,58,62481,Kieran Trippier,4/3/2003,4-2-3-1,Craig Pawson,Match Report,,15,7,20.4,0,0,0,Newcastle United,2023
4/8/2023,15:00,Premier League,Matchweek 30,Sat,Away,W,2,1,Brentford,1.3,2.6,58,17107,Kieran Trippier,4/3/2003,5/3/2002,Chris Kavanagh,Match Report,,10,4,14.8,0,0,0,Newcastle United,2023
4/15/2023,12:30,Premier League,Matchweek 31,Sat,Away,L,0,3,Aston Villa,0.5,1.9,48,42055,Kieran Trippier,4/3/2003,4-2-3-1,John Brooks,Match Report,,8,2,16.8,0,0,0,Newcastle United,2023
4/23/2023,14:00,Premier League,Matchweek 32,Sun,Home,W,6,1,Tottenham,3.7,1,56,52252,Kieran Trippier,4/3/2003,4/3/2003,David Coote,Match Report,,25,8,14.3,0,0,0,Newcastle United,2023
4/27/2023,19:45,Premier League,Matchweek 33,Thu,Away,W,4,1,Everton,2.4,0.9,60,39248,Kieran Trippier,4/3/2003,4/3/2003,Andre Marriner,Match Report,,15,7,14.3,0,0,0,Newcastle United,2023
4/30/2023,14:00,Premier League,Matchweek 34,Sun,Home,W,3,1,Southampton,4.3,0.8,63,52234,Kieran Trippier,4/3/2003,4/4/2002,Anthony Taylor,Match Report,,22,5,13.3,0,0,0,Newcastle United,2023
5/7/2023,16:30,Premier League,Matchweek 35,Sun,Home,L,0,2,Arsenal,1.3,1.3,55,50267,Kieran Trippier,4/3/2003,4/3/2003,Chris Kavanagh,Match Report,,12,5,14.8,0,0,0,Newcastle United,2023
5/13/2023,12:30,Premier League,Matchweek 36,Sat,Away,D,2,2,Leeds United,2.3,2,64,36955,Kieran Trippier,4/3/2003,4/3/2003,Simon Hooper,Match Report,,16,3,19.1,1,2,2,Newcastle United,2023
5/18/2023,19:30,Premier League,Matchweek 25,Thu,Home,W,4,1,Brighton,3.6,0.5,35,52122,Kieran Trippier,4/3/2003,4-2-3-1,Robert Jones,Match Report,,22,8,13.3,1,0,0,Newcastle United,2023
5/22/2023,20:00,Premier League,Matchweek 37,Mon,Home,D,0,0,Leicester City,2.1,0.1,77,52152,Kieran Trippier,4/3/2003,5/3/2002,Andre Marriner,Match Report,,23,3,15.9,0,0,0,Newcastle United,2023
5/28/2023,16:30,Premier League,Matchweek 38,Sun,Away,D,1,1,Chelsea,1.7,2.2,36,40130,Kieran Trippier,4/3/2003,4-2-3-1,Jarred Gillett,Match Report,,13,4,17.1,0,0,0,Newcastle United,2023
8/12/2023,17:30,Premier League,Matchweek 1,Sat,Home,W,5,1,Aston Villa,3.3,1.8,52,52207,Kieran Trippier,4/3/2003,4-2-3-1,Andy Madley,Match Report,,17,12,13.2,0,0,0,Newcastle United,2024
8/19/2023,20:00,Premier League,Matchweek 2,Sat,Away,L,0,1,Manchester City,0.3,1,41,53419,Kieran Trippier,4/3/2003,4-2-3-1,Robert Jones,Match Report,,7,1,20.3,0,0,0,Newcastle United,2024
8/27/2023,16:30,Premier League,Matchweek 3,Sun,Home,L,1,2,Liverpool,2,0.9,59,52214,Kieran Trippier,4/3/2003,4/3/2003,John Brooks,Match Report,,23,8,18.3,1,0,0,Newcastle United,2024
9/2/2023,17:30,Premier League,Matchweek 4,Sat,Away,L,1,3,Brighton,1.2,1.3,44,31620,Kieran Trippier,4/3/2003,4-2-3-1,Stuart Attwell,Match Report,,9,2,14.6,0,0,0,Newcastle United,2024
9/16/2023,17:30,Premier League,Matchweek 5,Sat,Home,W,1,0,Brentford,1.4,0.5,56,51670,Kieran Trippier,4/3/2003,5/3/2002,Craig Pawson,Match Report,,8,1,20.2,0,1,1,Newcastle United,2024
9/24/2023,16:30,Premier League,Matchweek 6,Sun,Away,W,8,0,Sheffield Utd,3.9,0.9,58,31127,Kieran Trippier,4/3/2003,3/4/2003,Stuart Attwell,Match Report,,22,15,14.2,0,0,0,Newcastle United,2024
9/30/2023,15:00,Premier League,Matchweek 7,Sat,Home,W,2,0,Burnley,3.1,0.6,53,51687,Jamaal Lascelles,4/3/2003,4-2-3-1,Thomas Bramall,Match Report,,19,6,15.8,0,1,1,Newcastle United,2024
10/8/2023,14:00,Premier League,Matchweek 8,Sun,Away,D,2,2,West Ham,2,1.2,64,62473,Jamaal Lascelles,4/3/2003,4-2-3-1,Peter Bankes,Match Report,,10,3,12.1,0,0,0,Newcastle United,2024
10/21/2023,15:00,Premier League,Matchweek 9,Sat,Home,W,4,0,Crystal Palace,2.4,1.2,59,52189,Jamaal Lascelles,4/3/2003,4/3/2003,Tim Robinson,Match Report,,10,7,10.2,0,0,0,Newcastle United,2024
10/28/2023,17:30,Premier League,Matchweek 10,Sat,Away,D,2,2,Wolves,2.2,0.9,57,31584,Jamaal Lascelles,4/3/2003,4/4/2002,Anthony Taylor,Match Report,,12,3,14.2,0,1,1,Newcastle United,2024
11/4/2023,17:30,Premier League,Matchweek 11,Sat,Home,W,1,0,Arsenal,1,0.6,42,52194,Jamaal Lascelles,4/3/2003,4/3/2003,Stuart Attwell,Match Report,,9,1,18.6,0,0,0,Newcastle United,2024
11/11/2023,17:30,Premier League,Matchweek 12,Sat,Away,L,0,2,Bournemouth,0.5,2.4,52,11201,Jamaal Lascelles,4/3/2003,4-2-3-1,Chris Kavanagh,Match Report,,8,5,19.5,0,0,0,Newcastle United,2024
11/25/2023,15:00,Premier League,Matchweek 13,Sat,Home,W,4,1,Chelsea,2.4,0.5,54,52227,Jamaal Lascelles,4/3/2003,4-2-3-1,Simon Hooper,Match Report,,14,5,17,1,0,0,Newcastle United,2024
12/2/2023,20:00,Premier League,Matchweek 14,Sat,Home,W,1,0,Manchester Utd,2.4,0.5,58,52214,Jamaal Lascelles,4/3/2003,4-2-3-1,Robert Jones,Match Report,,22,4,16.4,1,0,0,Newcastle United,2024
12/7/2023,19:30,Premier League,Matchweek 15,Thu,Away,L,0,3,Everton,1.5,3.3,62,38198,Jamaal Lascelles,4/3/2003,4-4-1-1,Tim Robinson,Match Report,,13,3,19.3,1,0,0,Newcastle United,2024
12/10/2023,16:30,Premier League,Matchweek 16,Sun,Away,L,1,4,Tottenham,1.7,3.8,44,61171,Jamaal Lascelles,4/3/2003,4-2-3-1,Chris Kavanagh,Match Report,,9,3,14.4,0,0,0,Newcastle United,2024
12/16/2023,15:00,Premier League,Matchweek 17,Sat,Home,W,3,0,Fulham,3.5,0.3,70,52055,Jamaal Lascelles,4/3/2003,4-2-3-1,Samuel Barrott,Match Report,,27,10,14.4,0,0,0,Newcastle United,2024
12/23/2023,15:00,Premier League,Matchweek 18,Sat,Away,L,0,1,Luton Town,1.4,1.4,65,11042,Jamaal Lascelles,4/3/2003,3/4/2003,Darren England,Match Report,,15,2,12.2,0,0,0,Newcastle United,2024
12/26/2023,12:30,Premier League,Matchweek 19,Tue,Home,L,1,3,Nott'ham Forest,2.4,3.5,62,52207,Kieran Trippier,4/3/2003,4-2-3-1,Chris Kavanagh,Match Report,,18,5,15.1,1,1,1,Newcastle United,2024
1/1/2024,20:00,Premier League,Matchweek 20,Mon,Away,L,2,4,Liverpool,0.6,7,39,57471,Dan Burn,4/3/2003,4/3/2003,Anthony Taylor,Match Report,,5,3,16.1,0,0,0,Newcastle United,2024
1/13/2024,17:30,Premier League,Matchweek 21,Sat,Home,L,2,3,Manchester City,1.3,3,28,52190,Kieran Trippier,4/3/2003,4-2-3-1,Chris Kavanagh,Match Report,,12,5,14.7,0,0,0,Newcastle United,2024
1/30/2024,20:15,Premier League,Matchweek 22,Tue,Away,W,3,1,Aston Villa,2.6,1.4,39,42191,Kieran Trippier,4/3/2003,4/4/2002,John Brooks,Match Report,,14,5,11.9,0,0,0,Newcastle United,2024
2/3/2024,15:00,Premier League,Matchweek 23,Sat,Home,D,4,4,Luton Town,2.3,2.4,55,52211,Kieran Trippier,4/3/2003,3/4/2003,Thomas Bramall,Match Report,,19,6,16.3,0,0,0,Newcastle United,2024
2/10/2024,17:30,Premier League,Matchweek 24,Sat,Away,W,3,2,Nott'ham Forest,0.5,1.5,61,29451,Kieran Trippier,4/3/2003,4-2-3-1,Anthony Taylor,Match Report,,7,5,19.2,0,0,0,Newcastle United,2024
2/17/2024,15:00,Premier League,Matchweek 25,Sat,Home,D,2,2,Bournemouth,2.2,2.2,62,52224,Kieran Trippier,4/3/2003,4-2-3-1,Michael Salisbury,Match Report,,16,4,19.4,0,1,1,Newcastle United,2024
2/24/2024,20:00,Premier League,Matchweek 26,Sat,Away,L,1,4,Arsenal,0.2,2.8,45,60298,Kieran Trippier,4/3/2003,4/3/2003,Paul Tierney,Match Report,,3,2,14.5,0,0,0,Newcastle United,2024
3/2/2024,15:00,Premier League,Matchweek 27,Sat,Home,W,3,0,Wolves,2.1,0.8,44,52206,Kieran Trippier,4/3/2003,3/4/2003,Tim Robinson,Match Report,,14,6,16.3,1,0,0,Newcastle United,2024
3/11/2024,20:00,Premier League,Matchweek 28,Mon,Away,L,2,3,Chelsea,0.7,1.6,56,37753,Dan Burn,4/3/2003,4-2-3-1,John Brooks,Match Report,,11,3,16,0,0,0,Newcastle United,2024
3/30/2024,12:30,Premier League,Matchweek 30,Sat,Home,W,4,3,West Ham,4.1,1.4,60,52199,Jamaal Lascelles,4/3/2003,4-2-3-1,Robert Jones,Match Report,,22,7,17.6,0,2,2,Newcastle United,2024
4/2/2024,19:30,Premier League,Matchweek 31,Tue,Home,D,1,1,Everton,2.4,1.4,57,52135,Dan Burn,4/3/2003,4-4-1-1,Tony Harrington,Match Report,,18,5,15.7,0,0,0,Newcastle United,2024
4/6/2024,15:00,Premier League,Matchweek 32,Sat,Away,W,1,0,Fulham,1,1.2,34,24418,Dan Burn,4/3/2003,4-2-3-1,Samuel Allison,Match Report,,12,5,16.8,0,0,0,Newcastle United,2024
4/13/2024,12:30,Premier League,Matchweek 33,Sat,Home,W,4,0,Tottenham,2.8,0.8,28,52147,Dan Burn,4/3/2003,4-2-3-1,Tim Robinson,Match Report,,18,5,11.1,0,0,0,Newcastle United,2024
4/24/2024,20:00,Premier League,Matchweek 29,Wed,Away,L,0,2,Crystal Palace,0.4,0.9,53,25002,Dan Burn,3/4/2003,3/4/2003,Thomas Bramall,Match Report,,7,2,14.2,0,0,0,Newcastle United,2024
4/27/2024,15:00,Premier League,Matchweek 35,Sat,Home,W,5,1,Sheffield Utd,3.1,1.5,60,52196,Dan Burn,4/3/2003,3/5/2002,Tony Harrington,Match Report,,19,6,16,0,1,1,Newcastle United,2024
5/4/2024,15:00,Premier League,Matchweek 36,Sat,Away,W,4,1,Burnley,3.4,1,53,21781,Dan Burn,4/4/2002,4-2-3-1,Anthony Taylor,Match Report,,22,10,17.6,1,0,1,Newcastle United,2024
5/11/2024,15:00,Premier League,Matchweek 37,Sat,Home,D,1,1,Brighton,2.2,1.4,57,51997,Dan Burn,4/3/2003,4-2-3-1,Darren England,Match Report,,18,7,15.8,0,0,0,Newcastle United,2024
5/15/2024,20:00,Premier League,Matchweek 34,Wed,Away,L,2,3,Manchester Utd,2.2,1.5,55,73582,Kieran Trippier,4/3/2003,4-2-2-2,Robert Jones,Match Report,,21,7,14.6,0,0,0,Newcastle United,2024
5/19/2024,16:00,Premier League,Matchweek 38,Sun,Away,W,4,2,Brentford,3.4,1.1,46,17124,Dan Burn,4/3/2003,4/3/2003,Simon Hooper,Match Report,,12,7,15.4,2,0,0,Newcastle United,2024
8/17/2024,15:00,Premier League,Matchweek 1,Sat,Home,W,1,0,Southampton,0.3,1.8,23,52196,Bruno Guimarães,4/3/2003,3/5/2002,Craig Pawson,Match Report,,3,1,13.2,0,0,0,Newcastle United,2025
8/25/2024,14:00,Premier League,Matchweek 2,Sun,Away,D,1,1,Bournemouth,1.6,2.2,61,11161,Bruno Guimarães,4/3/2003,4-2-3-1,David Coote,Match Report,,14,5,12.6,0,0,0,Newcastle United,2025
9/1/2024,13:30,Premier League,Matchweek 3,Sun,Home,W,2,1,Tottenham,1.8,1.2,35,52211,Bruno Guimarães,4/3/2003,4-2-3-1,Robert Jones,Match Report,,9,3,14,0,0,0,Newcastle United,2025
9/15/2024,16:30,Premier League,Matchweek 4,Sun,Away,W,2,1,Wolves,1.5,1.2,51,30255,Bruno Guimarães,4/3/2003,4-4-1-1,Chris Kavanagh,Match Report,,14,6,17.9,0,0,0,Newcastle United,2025
9/21/2024,15:00,Premier League,Matchweek 5,Sat,Away,L,1,3,Fulham,1.5,2.2,61,25700,Bruno Guimarães,4/3/2003,4-2-3-1,Peter Bankes,Match Report,,16,5,16.9,1,0,0,Newcastle United,2025
9/28/2024,12:30,Premier League,Matchweek 6,Sat,Home,D,1,1,Manchester City,1.6,0.9,38,52248,Bruno Guimarães,4/3/2003,4-2-3-1,Jarred Gillett,Match Report,,10,3,15.1,0,1,1,Newcastle United,2025
10/5/2024,17:30,Premier League,Matchweek 7,Sat,Away,D,0,0,Everton,2.1,0.7,67,39265,Bruno Guimarães,4/3/2003,4-2-3-1,Craig Pawson,Match Report,,13,1,13.8,0,0,1,Newcastle United,2025
10/19/2024,15:00,Premier League,Matchweek 8,Sat,Home,L,0,1,Brighton,2,1.1,60,52220,Bruno Guimarães,4/3/2003,4/4/2002,Peter Bankes,Match Report,,21,6,17.3,2,0,0,Newcastle United,2025
10/27/2024,14:00,Premier League,Matchweek 9,Sun,Away,L,1,2,Chelsea,1.8,1.6,50,39526,Bruno Guimarães,4/3/2003,4-2-3-1,Simon Hooper,Match Report,,11,2,14,1,0,0,Newcastle United,2025
11/2/2024,12:30,Premier League,Matchweek 10,Sat,Home,W,1,0,Arsenal,0.5,1.1,37,52249,Bruno Guimarães,4/3/2003,4/4/2002,John Brooks,Match Report,,9,4,14.6,0,0,0,Newcastle United,2025
11/10/2024,14:00,Premier League,Matchweek 11,Sun,Away,W,3,1,Nott'ham Forest,1.6,0.6,56,30145,Bruno Guimarães,4/3/2003,4-2-3-1,Anthony Taylor,Match Report,,17,6,16.1,0,0,0,Newcastle United,2025
11/25/2024,20:00,Premier League,Matchweek 12,Mon,Home,L,0,2,West Ham,1.6,0.9,53,52094,Bruno Guimarães,4/3/2003,4-2-3-1,Craig Pawson,Match Report,,18,2,16.1,0,0,0,Newcastle United,2025
11/30/2024,15:00,Premier League,Matchweek 13,Sat,Away,D,1,1,Crystal Palace,0,1.7,51,25101,Bruno Guimarães,4/3/2003,3/4/2003,Darren England,Match Report,,1,0,6.9,0,0,0,Newcastle United,2025
12/4/2024,19:30,Premier League,Matchweek 14,Wed,Home,D,3,3,Liverpool,2.1,1.9,42,52237,Bruno Guimarães,4/3/2003,4-2-3-1,Andy Madley,Match Report,,17,6,19.1,1,0,0,Newcastle United,2025
12/7/2024,15:00,Premier League,Matchweek 15,Sat,Away,L,2,4,Brentford,1.5,1.2,57,17078,Bruno Guimarães,4/3/2003,3/4/2003,Simon Hooper,Match Report,,16,3,16.2,0,0,0,Newcastle United,2025
12/14/2024,15:00,Premier League,Matchweek 16,Sat,Home,W,4,0,Leicester City,3.8,0.2,59,52235,Bruno Guimarães,4/3/2003,4-2-3-1,Thomas Bramall,Match Report,,27,11,15.1,1,0,0,Newcastle United,2025
12/21/2024,15:00,Premier League,Matchweek 17,Sat,Away,W,4,0,Ipswich Town,2.3,0.7,58,29774,Bruno Guimarães,4/3/2003,4-2-3-1,Stuart Attwell,Match Report,,15,7,14.1,0,0,0,Newcastle United,2025
12/26/2024,15:00,Premier League,Matchweek 18,Thu,Home,W,3,0,Aston Villa,2.7,0.3,62,52168,Bruno Guimarães,4/3/2003,4-2-3-1,Anthony Taylor,Match Report,,22,7,15.8,1,0,0,Newcastle United,2025
12/30/2024,20:00,Premier League,Matchweek 19,Mon,Away,W,2,0,Manchester Utd,1.9,0.8,48,73809,Bruno Guimarães,4/3/2003,3/4/2003,Simon Hooper,Match Report,,12,4,15.2,0,0,0,Newcastle United,2025
1/4/2025,12:30,Premier League,Matchweek 20,Sat,Away,W,2,1,Tottenham,2.5,0.9,44,61293,Bruno Guimarães,4/3/2003,4-2-3-1,Andy Madley,Match Report,,14,4,14.2,0,0,0,Newcastle United,2025
1/15/2025,19:30,Premier League,Matchweek 21,Wed,Home,W,3,0,Wolves,2.1,1.6,60,51975,Bruno Guimarães,4/3/2003,3/4/2003,Darren England,Match Report,,17,5,17,0,0,0,Newcastle United,2025
1/18/2025,12:30,Premier League,Matchweek 22,Sat,Home,L,1,4,Bournemouth,0.8,2,56,52227,Bruno Guimarães,4/3/2003,4-2-3-1,Stuart Attwell,Match Report,,13,4,19,1,0,0,Newcastle United,2025
1/25/2025,15:00,Premier League,Matchweek 23,Sat,Away,W,3,1,Southampton,2.9,0.8,47,31141,Bruno Guimarães,4/3/2003,3-4-1-2,Samuel Barrott,Match Report,,16,7,19.3,0,1,1,Newcastle United,2025
2/1/2025,15:00,Premier League,Matchweek 24,Sat,Home,L,1,2,Fulham,0.8,1.6,49,52173,Bruno Guimarães,4/3/2003,4-2-3-1,Chris Kavanagh,Match Report,,11,4,15.3,0,0,0,Newcastle United,2025
2/15/2025,15:00,Premier League,Matchweek 25,Sat,Away,L,0,4,Manchester City,0.5,1.9,39,52479,Bruno Guimarães,4/3/2003,4-2-3-1,Andy Madley,Match Report,,3,1,10.7,0,0,0,Newcastle United,2025
2/23/2025,14:00,Premier League,Matchweek 26,Sun,Home,W,4,3,Nott'ham Forest,2.9,1.7,57,52223,Bruno Guimarães,4/3/2003,4-2-3-1,Jarred Gillett,Match Report,,12,4,11.6,0,1,1,Newcastle United,2025
2/26/2025,20:15,Premier League,Matchweek 27,Wed,Away,L,0,2,Liverpool,0.2,1.7,39,60374,Bruno Guimarães,4-2-3-1,4-2-3-1,Stuart Attwell,Match Report,,3,0,19.3,1,0,0,Newcastle United,2025
3/10/2025,20:00,Premier League,Matchweek 28,Mon,Away,W,1,0,West Ham,1.4,0.7,49,62463,Bruno Guimarães,4/3/2003,3/5/2002,Michael Salisbury,Match Report,,9,3,13.3,0,0,0,Newcastle United,2025
4/2/2025,19:45,Premier League,Matchweek 30,Wed,Home,W,2,1,Brentford,1.3,1.5,49,52021,Bruno Guimarães,4/3/2003,4-2-3-1,Peter Bankes,Match Report,,21,4,17.5,0,0,0,Newcastle United,2025
4/7/2025,20:00,Premier League,Matchweek 31,Mon,Away,W,3,0,Leicester City,3.2,0.5,42,30403,Bruno Guimarães,4/3/2003,3/4/2003,Robert Jones,Match Report,,16,5,18.7,1,0,0,Newcastle United,2025
4/13/2025,16:30,Premier League,Matchweek 32,Sun,Home,W,4,1,Manchester Utd,2.2,0.7,48,52252,Bruno Guimarães,4/3/2003,3/4/2003,Chris Kavanagh,Match Report,,13,6,13.4,0,0,0,Newcastle United,2025
4/16/2025,19:30,Premier League,Matchweek 29,Wed,Home,W,5,0,Crystal Palace,1.5,2,59,52197,Bruno Guimarães,4/3/2003,3/4/2003,Darren England,Match Report,,14,7,18.4,0,0,0,Newcastle United,2025
4/19/2025,17:30,Premier League,Matchweek 33,Sat,Away,L,1,4,Aston Villa,1,2.2,52,42618,Bruno Guimarães,4/3/2003,4-2-3-1,Jarred Gillett,Match Report,,10,3,14.3,0,0,0,Newcastle United,2025
4/26/2025,15:00,Premier League,Matchweek 34,Sat,Home,W,3,0,Ipswich Town,2.4,0.1,77,52171,Bruno Guimarães,4/3/2003,4-4-1-1,Michael Salisbury,Match Report,,24,3,17.3,0,1,1,Newcastle United,2025
5/4/2025,14:00,Premier League,Matchweek 35,Sun,Away,D,1,1,Brighton,1.7,0.7,55,31580,Bruno Guimarães,4/3/2003,4-2-3-1,Craig Pawson,Match Report,,12,4,19.2,2,1,1,Newcastle United,2025
5/11/2025,12:00,Premier League,Matchweek 36,Sun,Home,W,2,0,Chelsea,1.6,0.7,45,52231,Bruno Guimarães,3/4/2003,4-2-3-1,John Brooks,Match Report,,15,6,12.3,0,0,0,Newcastle United,2025
5/18/2025,16:30,Premier League,Matchweek 37,Sun,Away,L,0,1,Arsenal,1.5,0.6,49,60160,Bruno Guimarães,3/4/2003,4/3/2003,Simon Hooper,Match Report,,14,5,14.3,1,0,0,Newcastle United,2025
5/25/2025,16:00,Premier League,Matchweek 38,Sun,Home,L,0,1,Everton,1.2,1.2,65,52221,Bruno Guimarães,3/4/2003,4-2-3-1,Tony Harrington,Match Report,,17,6,17.3,1,0,0,Newcastle United,2025
8/14/2021,17:30,Premier League,Matchweek 1,Sat,Home,L,0,3,Liverpool,1.4,1.6,50,27023,Grant Hanley,4/3/2003,4/3/2003,Andre Marriner,Match Report,,14,3,17.1,0,0,0,Norwich City,2022
8/21/2021,15:00,Premier League,Matchweek 2,Sat,Away,L,0,5,Manchester City,0.1,2.6,33,51437,Grant Hanley,4/3/2003,4/3/2003,Graham Scott,Match Report,,1,0,16.8,0,0,0,Norwich City,2022
8/28/2021,15:00,Premier League,Matchweek 3,Sat,Home,L,1,2,Leicester City,1.5,1.5,45,26765,Grant Hanley,4/3/2003,4/4/2002,Robert Jones,Match Report,,13,3,22.6,1,1,1,Norwich City,2022
9/11/2021,15:00,Premier League,Matchweek 4,Sat,Away,L,0,1,Arsenal,0.7,2.7,49,58000,Grant Hanley,4/3/2003,4-2-3-1,Michael Oliver,Match Report,,10,1,19.9,1,0,0,Norwich City,2022
9/18/2021,15:00,Premier League,Matchweek 5,Sat,Home,L,1,3,Watford,1,2.4,49,26649,Grant Hanley,4/3/2003,4-2-3-1,Robert Jones,Match Report,,12,5,20.7,1,0,0,Norwich City,2022
9/25/2021,15:00,Premier League,Matchweek 6,Sat,Away,L,0,2,Everton,0.5,1.9,53,38821,Grant Hanley,5/3/2002,4-4-1-1,David Coote,Match Report,,10,2,22.3,1,0,0,Norwich City,2022
10/2/2021,15:00,Premier League,Matchweek 7,Sat,Away,D,0,0,Burnley,0.6,1.2,44,17427,Grant Hanley,5/3/2002,4/4/2002,Kevin Friend,Match Report,,10,2,20.7,2,0,0,Norwich City,2022
10/16/2021,15:00,Premier League,Matchweek 8,Sat,Home,D,0,0,Brighton,1.2,0.8,36,26777,Grant Hanley,5/3/2002,3/5/2002,Peter Bankes,Match Report,,15,2,21.7,1,0,0,Norwich City,2022
10/23/2021,12:30,Premier League,Matchweek 9,Sat,Away,L,0,7,Chelsea,0.1,3.1,38,40113,Grant Hanley,3/5/2002,3/4/2003,Andy Madley,Match Report,,3,1,20.8,0,0,0,Norwich City,2022
10/31/2021,14:00,Premier League,Matchweek 10,Sun,Home,L,1,2,Leeds United,0.8,0.7,48,26913,Grant Hanley,4/4/2002,3-3-3-1,Anthony Taylor,Match Report,,14,3,21.8,3,0,0,Norwich City,2022
11/6/2021,15:00,Premier League,Matchweek 11,Sat,Away,W,2,1,Brentford,1.2,2.5,36,16837,Ben Gibson,4-2-3-1,3/5/2002,Jarred Gillett,Match Report,,8,4,25.6,1,1,1,Norwich City,2022
11/20/2021,15:00,Premier League,Matchweek 12,Sat,Home,W,2,1,Southampton,0.5,1,38,26885,Grant Hanley,4/3/2003,4/4/2002,Martin Atkinson,Match Report,,8,4,16.3,0,0,0,Norwich City,2022
11/27/2021,15:00,Premier League,Matchweek 13,Sat,Home,D,0,0,Wolves,1.6,0.3,43,26911,Grant Hanley,4-1-4-1,3/4/2003,Simon Hooper,Match Report,,14,4,18.2,1,0,0,Norwich City,2022
11/30/2021,19:30,Premier League,Matchweek 14,Tue,Away,D,1,1,Newcastle Utd,1.2,1.1,68,50757,Grant Hanley,4-1-4-1,4/4/2002,Andy Madley,Match Report,,16,6,16.9,1,0,0,Norwich City,2022
12/5/2021,14:00,Premier League,Matchweek 15,Sun,Away,L,0,3,Tottenham,1.2,1.6,59,57088,Grant Hanley,5/3/2002,3/4/2003,Jarred Gillett,Match Report,,10,1,16.2,0,0,0,Norwich City,2022
12/11/2021,17:30,Premier League,Matchweek 16,Sat,Home,L,0,1,Manchester Utd,1.2,2,48,27606,Grant Hanley,4/3/2003,4-2-2-2,Darren England,Match Report,,11,5,14.2,0,0,0,Norwich City,2022
12/14/2021,19:45,Premier League,Matchweek 17,Tue,Home,L,0,2,Aston Villa,0.5,2,50,26836,Ben Gibson,4/3/2003,4/3/2003,David Coote,Match Report,,7,3,14.3,0,0,0,Norwich City,2022
12/26/2021,15:00,Premier League,Matchweek 19,Sun,Home,L,0,5,Arsenal,0.1,2.5,36,26940,Ben Gibson,4-2-3-1,4-2-3-1,Graham Scott,Match Report,,4,2,17.9,0,0,0,Norwich City,2022
12/28/2021,15:00,Premier League,Matchweek 20,Tue,Away,L,0,3,Crystal Palace,0.9,1.9,49,24433,Ben Gibson,4-2-3-1,4/3/2003,Paul Tierney,Match Report,,12,2,17.7,0,0,0,Norwich City,2022
1/12/2022,19:45,Premier League,Matchweek 18,Wed,Away,L,0,2,West Ham,0.3,2.5,38,59775,Grant Hanley,4-2-3-1,4-2-3-1,Simon Hooper,Match Report,,7,3,21.4,0,0,0,Norwich City,2022
1/15/2022,15:00,Premier League,Matchweek 22,Sat,Home,W,2,1,Everton,1,0.6,41,26629,Grant Hanley,4/4/2002,4/4/2002,Andy Madley,Match Report,,14,3,21.5,0,0,0,Norwich City,2022
1/21/2022,20:00,Premier League,Matchweek 23,Fri,Away,W,3,0,Watford,1.1,1.2,33,20782,Grant Hanley,4/4/2002,4/3/2003,Mike Dean,Match Report,,7,2,15.7,1,0,0,Norwich City,2022
2/9/2022,19:45,Premier League,Matchweek 24,Wed,Home,D,1,1,Crystal Palace,0.4,1.3,30,26652,Grant Hanley,4/4/2002,4/3/2003,Paul Tierney,Match Report,,5,1,15.7,0,0,0,Norwich City,2022
2/12/2022,17:30,Premier League,Matchweek 25,Sat,Home,L,0,4,Manchester City,0.4,4.6,29,27010,Grant Hanley,4/3/2003,4/3/2003,Andre Marriner,Match Report,,8,3,14.4,0,0,0,Norwich City,2022
2/19/2022,15:00,Premier League,Matchweek 26,Sat,Away,L,1,3,Liverpool,0.6,3.6,31,53135,Grant Hanley,4/3/2003,4/3/2003,Mike Dean,Match Report,,6,1,17.8,0,0,0,Norwich City,2022
2/25/2022,20:00,Premier League,Matchweek 27,Fri,Away,L,0,2,Southampton,0.6,2.6,42,31182,Grant Hanley,4-1-4-1,4/4/2002,Simon Hooper,Match Report,,8,1,18.1,0,0,0,Norwich City,2022
3/5/2022,15:00,Premier League,Matchweek 28,Sat,Home,L,1,3,Brentford,1,2,60,26887,Grant Hanley,4-2-3-1,4/5/2001,Anthony Taylor,Match Report,,15,7,18.6,0,0,0,Norwich City,2022
3/10/2022,19:30,Premier League,Matchweek 30,Thu,Home,L,1,3,Chelsea,1,1.8,34,26684,Grant Hanley,5/3/2002,3/4/2003,Martin Atkinson,Match Report,,7,2,25.7,0,1,1,Norwich City,2022
3/13/2022,14:00,Premier League,Matchweek 29,Sun,Away,L,1,2,Leeds United,1.5,2.5,48,36321,Ben Gibson,4/3/2003,4-2-3-1,Stuart Attwell,Match Report,,12,4,18.8,1,0,0,Norwich City,2022
4/2/2022,15:00,Premier League,Matchweek 31,Sat,Away,D,0,0,Brighton,0.4,2.8,37,31245,Grant Hanley,4-1-2-1-2◆,3-4-1-2,Simon Hooper,Match Report,,6,0,17.8,0,0,0,Norwich City,2022
4/10/2022,14:00,Premier League,Matchweek 32,Sun,Home,W,2,0,Burnley,1.7,1.7,45,26361,Grant Hanley,4-2-3-1,4/4/2002,Michael Oliver,Match Report,,17,6,19.4,0,0,0,Norwich City,2022
4/16/2022,15:00,Premier League,Matchweek 33,Sat,Away,L,2,3,Manchester Utd,1.5,1.9,39,73381,Grant Hanley,4-2-3-1,4/3/2003,Andy Madley,Match Report,,15,4,19.9,1,0,0,Norwich City,2022
4/23/2022,15:00,Premier League,Matchweek 34,Sat,Home,L,0,3,Newcastle Utd,0.6,1.9,46,26910,Grant Hanley,4-2-3-1,4/3/2003,Chris Kavanagh,Match Report,,5,2,15.2,1,0,0,Norwich City,2022
4/30/2022,15:00,Premier League,Matchweek 35,Sat,Away,L,0,2,Aston Villa,0.5,1.8,55,40290,Grant Hanley,4-2-3-1,4-1-4-1,John Brooks,Match Report,,9,3,21.6,0,0,0,Norwich City,2022
5/8/2022,14:00,Premier League,Matchweek 36,Sun,Home,L,0,4,West Ham,0.8,3,37,26428,Grant Hanley,4-2-3-1,4-2-3-1,Robert Jones,Match Report,,8,2,22.2,1,0,0,Norwich City,2022
5/11/2022,19:45,Premier League,Matchweek 21,Wed,Away,L,0,3,Leicester City,1.1,2,35,38092,Grant Hanley,4-1-4-1,4-2-3-1,Simon Hooper,Match Report,,9,5,17,0,0,0,Norwich City,2022
5/15/2022,14:00,Premier League,Matchweek 37,Sun,Away,D,1,1,Wolves,1.1,0.9,36,31219,Grant Hanley,3/4/2003,3/4/2003,Tony Harrington,Match Report,,11,2,14.4,0,0,0,Norwich City,2022
5/22/2022,16:00,Premier League,Matchweek 38,Sun,Home,L,0,5,Tottenham,0.5,3.4,41,27022,Grant Hanley,5/4/2001,3/4/2003,Chris Kavanagh,Match Report,,9,0,18.6,0,0,0,Norwich City,2022
8/6/2022,15:00,Premier League,Matchweek 1,Sat,Away,L,0,2,Newcastle Utd,0.3,1.7,39,52245,Joe Worrall,3-4-1-2,4/3/2003,Simon Hooper,Match Report,,5,0,16,0,0,0,Nottingham Forest,2023
8/14/2022,14:00,Premier League,Matchweek 2,Sun,Home,W,1,0,West Ham,1.3,2.1,43,29281,Joe Worrall,3-4-1-2,4/3/2003,Robert Jones,Match Report,,13,6,14.1,1,0,0,Nottingham Forest,2023
8/20/2022,15:00,Premier League,Matchweek 3,Sat,Away,D,1,1,Everton,1,1.5,51,39271,Joe Worrall,3-4-1-2,3/4/2003,Andre Marriner,Match Report,,14,5,19.3,1,0,0,Nottingham Forest,2023
8/28/2022,16:30,Premier League,Matchweek 4,Sun,Home,L,0,2,Tottenham,0.9,2.4,55,29296,Joe Worrall,3/4/2003,3/4/2003,Craig Pawson,Match Report,,17,1,20,1,0,0,Nottingham Forest,2023
8/31/2022,19:30,Premier League,Matchweek 5,Wed,Away,L,0,6,Manchester City,0.7,3.3,26,53409,Joe Worrall,5/3/2002,4-2-3-1,Paul Tierney,Match Report,,8,1,18.4,1,0,0,Nottingham Forest,2023
9/3/2022,15:00,Premier League,Matchweek 6,Sat,Home,L,2,3,Bournemouth,1.9,0.8,52,28720,Joe Worrall,3/4/2003,4-2-3-1,Michael Oliver,Match Report,,10,2,17.5,0,1,1,Nottingham Forest,2023
9/16/2022,20:00,Premier League,Matchweek 8,Fri,Home,L,2,3,Fulham,1.4,0.9,41,28654,Ryan Yates,3-4-1-2,4-2-3-1,Jarred Gillett,Match Report,,11,3,16.4,1,0,0,Nottingham Forest,2023
10/3/2022,20:00,Premier League,Matchweek 9,Mon,Away,L,0,4,Leicester City,1.1,1.3,49,32202,Steve Cook,4-2-3-1,4-1-4-1,Robert Jones,Match Report,,10,3,15.7,0,0,0,Nottingham Forest,2023
10/10/2022,20:00,Premier League,Matchweek 10,Mon,Home,D,1,1,Aston Villa,0.3,0.7,40,29208,Ryan Yates,4/3/2003,4/3/2003,Anthony Taylor,Match Report,,6,3,18.7,0,0,0,Nottingham Forest,2023
10/15/2022,15:00,Premier League,Matchweek 11,Sat,Away,L,0,1,Wolves,1.5,1.3,42,31554,Ryan Yates,4/3/2003,4-2-3-1,Thomas Bramall,Match Report,,9,1,19.9,1,0,1,Nottingham Forest,2023
10/18/2022,19:30,Premier League,Matchweek 12,Tue,Away,D,0,0,Brighton,0.1,1.7,30,31463,Ryan Yates,4/3/2003,3/4/2003,Darren England,Match Report,,3,0,11.5,0,0,0,Nottingham Forest,2023
10/22/2022,12:30,Premier League,Matchweek 13,Sat,Home,W,1,0,Liverpool,1.9,1.6,25,29245,Ryan Yates,4/3/2003,4/4/2002,Paul Tierney,Match Report,,10,7,15.9,0,0,0,Nottingham Forest,2023
10/30/2022,14:00,Premier League,Matchweek 14,Sun,Away,L,0,5,Arsenal,0.4,2.3,31,60263,Ryan Yates,4/3/2003,4/3/2003,Simon Hooper,Match Report,,5,2,20.4,0,0,0,Nottingham Forest,2023
11/5/2022,15:00,Premier League,Matchweek 15,Sat,Home,D,2,2,Brentford,1.5,1.5,48,28869,Ryan Yates,4-3-1-2,4/3/2003,Andre Marriner,Match Report,,15,6,17.8,0,0,0,Nottingham Forest,2023
11/12/2022,15:00,Premier League,Matchweek 16,Sat,Home,W,1,0,Crystal Palace,1.1,1.2,32,29045,Joe Worrall,4/3/2003,4/3/2003,John Brooks,Match Report,,9,2,15.2,1,0,0,Nottingham Forest,2023
12/27/2022,20:00,Premier League,Matchweek 17,Tue,Away,L,0,3,Manchester Utd,0.7,2.4,35,73608,Joe Worrall,4/3/2003,4-2-3-1,Anthony Taylor,Match Report,,8,3,15.2,0,0,0,Nottingham Forest,2023
1/1/2023,16:30,Premier League,Matchweek 18,Sun,Home,D,1,1,Chelsea,1.4,0.9,29,29229,Joe Worrall,4/3/2003,4/3/2003,Peter Bankes,Match Report,,12,5,15.5,0,0,0,Nottingham Forest,2023
1/4/2023,19:30,Premier League,Matchweek 19,Wed,Away,W,1,0,Southampton,1.4,0.5,37,30150,Joe Worrall,4-3-1-2,3-1-4-2,Thomas Bramall,Match Report,,11,1,22.3,0,0,0,Nottingham Forest,2023
1/14/2023,15:00,Premier League,Matchweek 20,Sat,Home,W,2,0,Leicester City,2.4,1,39,29301,Joe Worrall,4-3-1-2,4-2-3-1,Paul Tierney,Match Report,,15,5,19.3,2,0,0,Nottingham Forest,2023
1/21/2023,15:00,Premier League,Matchweek 21,Sat,Away,D,1,1,Bournemouth,1.9,1.4,57,10248,Joe Worrall,4-3-1-2,4/4/2002,Andy Madley,Match Report,,20,5,17.9,0,0,0,Nottingham Forest,2023
2/5/2023,14:00,Premier League,Matchweek 22,Sun,Home,W,1,0,Leeds United,0.4,0.9,30,29363,Remo Freuler,4-3-1-2,4-2-3-1,Robert Jones,Match Report,,6,2,18.9,0,0,0,Nottingham Forest,2023
2/11/2023,15:00,Premier League,Matchweek 23,Sat,Away,L,0,2,Fulham,0.7,1.5,50,24244,Remo Freuler,4-2-3-1,4-2-3-1,Andy Madley,Match Report,,10,1,15,0,0,0,Nottingham Forest,2023
2/18/2023,15:00,Premier League,Matchweek 24,Sat,Home,D,1,1,Manchester City,0.9,2.4,27,29365,Joe Worrall,4-3-2-1,3-2-4-1,Graham Scott,Match Report,,4,1,14.7,0,0,0,Nottingham Forest,2023
2/25/2023,15:00,Premier League,Matchweek 25,Sat,Away,L,0,4,West Ham,0.4,2.7,51,62469,Joe Worrall,4-3-2-1,4/3/2003,Jarred Gillett,Match Report,,8,3,18.9,0,0,0,Nottingham Forest,2023
3/5/2023,14:00,Premier League,Matchweek 26,Sun,Home,D,2,2,Everton,0.8,1.7,57,29353,Joe Worrall,4-3-2-1,4/5/2001,John Brooks,Match Report,,10,4,18.4,0,0,0,Nottingham Forest,2023
3/11/2023,15:00,Premier League,Matchweek 27,Sat,Away,L,1,3,Tottenham,1.5,2,45,61460,Joe Worrall,4-3-2-1,3/4/2003,Craig Pawson,Match Report,,8,4,15.2,0,0,1,Nottingham Forest,2023
3/17/2023,20:00,Premier League,Matchweek 28,Fri,Home,L,1,2,Newcastle Utd,0.4,2.4,39,29362,Ryan Yates,4-2-3-1,4/3/2003,Paul Tierney,Match Report,,5,3,18.4,0,0,0,Nottingham Forest,2023
4/1/2023,15:00,Premier League,Matchweek 29,Sat,Home,D,1,1,Wolves,1.3,0.5,29,29368,Remo Freuler,4-3-2-1,4-2-3-1,Chris Kavanagh,Match Report,,17,7,16.7,0,0,0,Nottingham Forest,2023
4/4/2023,19:45,Premier League,Matchweek 7,Tue,Away,L,1,2,Leeds United,0.8,1.8,39,36740,Remo Freuler,4-3-2-1,4-2-3-1,Robert Jones,Match Report,,13,1,16.5,0,0,0,Nottingham Forest,2023
4/8/2023,15:00,Premier League,Matchweek 30,Sat,Away,L,0,2,Aston Villa,0.2,1.3,37,42076,Joe Worrall,3/4/2003,4/4/2002,Anthony Taylor,Match Report,,6,2,22,0,0,0,Nottingham Forest,2023
4/16/2023,16:30,Premier League,Matchweek 31,Sun,Home,L,0,2,Manchester Utd,0.7,3.5,32,29435,Remo Freuler,3-4-1-2,4-2-3-1,Simon Hooper,Match Report,,6,0,16,0,0,0,Nottingham Forest,2023
4/22/2023,15:00,Premier League,Matchweek 32,Sat,Away,L,2,3,Liverpool,0.9,2.8,20,53254,Remo Freuler,3/4/2003,4/3/2003,Michael Oliver,Match Report,,11,5,17.4,0,0,0,Nottingham Forest,2023
4/26/2023,19:30,Premier League,Matchweek 33,Wed,Home,W,3,1,Brighton,2.4,2.3,26,28808,Serge Aurier,3/4/2003,4-2-3-1,Jarred Gillett,Match Report,,10,3,18.4,0,1,2,Nottingham Forest,2023
4/29/2023,15:00,Premier League,Matchweek 34,Sat,Away,L,1,2,Brentford,0.7,1.6,32,17080,Joe Worrall,3/4/2003,4/3/2003,Peter Bankes,Match Report,,5,3,16.6,0,0,0,Nottingham Forest,2023
5/8/2023,20:00,Premier League,Matchweek 35,Mon,Home,W,4,3,Southampton,1.8,3.1,36,29154,Ryan Yates,4/3/2003,4-2-3-1,Michael Oliver,Match Report,,8,3,16,0,1,1,Nottingham Forest,2023
5/13/2023,15:00,Premier League,Matchweek 36,Sat,Away,D,2,2,Chelsea,1.3,1.2,25,40030,Joe Worrall,3/4/2003,4/3/2003,Paul Tierney,Match Report,,11,2,11.2,0,0,0,Nottingham Forest,2023
5/20/2023,17:30,Premier League,Matchweek 37,Sat,Home,W,1,0,Arsenal,0.6,0.6,19,29514,Joe Worrall,3/4/2003,4/3/2003,Anthony Taylor,Match Report,,6,2,13.5,0,0,0,Nottingham Forest,2023
5/28/2023,16:30,Premier League,Matchweek 38,Sun,Away,D,1,1,Crystal Palace,0.5,1.4,34,25198,Joe Worrall,3/4/2003,4-2-3-1,Thomas Bramall,Match Report,,7,4,17,0,0,0,Nottingham Forest,2023
8/12/2023,12:30,Premier League,Matchweek 1,Sat,Away,L,1,2,Arsenal,1.2,0.8,22,59984,Joe Worrall,3/4/2003,4/3/2003,Michael Oliver,Match Report,,6,2,17.3,0,0,0,Nottingham Forest,2024
8/18/2023,19:45,Premier League,Matchweek 2,Fri,Home,W,2,1,Sheffield Utd,1.4,0.5,50,29432,Joe Worrall,3/4/2003,3/4/2003,Peter Bankes,Match Report,,16,4,15.6,0,0,0,Nottingham Forest,2024
8/26/2023,15:00,Premier League,Matchweek 3,Sat,Away,L,2,3,Manchester Utd,1.2,2.8,34,73595,Joe Worrall,3/4/2003,4-2-3-1,Stuart Attwell,Match Report,,9,4,14.7,0,0,0,Nottingham Forest,2024
9/2/2023,15:00,Premier League,Matchweek 4,Sat,Away,W,1,0,Chelsea,0.8,2.3,25,39820,Joe Worrall,3/4/2003,3/4/2003,Tim Robinson,Match Report,,7,3,19,0,0,0,Nottingham Forest,2024
9/18/2023,19:45,Premier League,Matchweek 5,Mon,Home,D,1,1,Burnley,0.7,0.5,46,28958,Joe Worrall,4-2-3-1,4-2-3-1,Robert Jones,Match Report,,14,4,18.8,0,0,0,Nottingham Forest,2024
9/23/2023,15:00,Premier League,Matchweek 6,Sat,Away,L,0,2,Manchester City,1,1.3,43,53413,Serge Aurier,5/4/2001,4-2-3-1,Anthony Taylor,Match Report,,10,3,17.8,1,0,0,Nottingham Forest,2024
10/1/2023,14:00,Premier League,Matchweek 7,Sun,Home,D,1,1,Brentford,0.5,1.6,41,29004,Serge Aurier,4/3/2003,4/3/2003,Paul Tierney,Match Report,,6,1,15.4,0,0,0,Nottingham Forest,2024
10/7/2023,17:30,Premier League,Matchweek 8,Sat,Away,D,0,0,Crystal Palace,1,0.8,48,25017,Serge Aurier,4/3/2003,4/3/2003,Craig Pawson,Match Report,,16,5,18.4,0,0,0,Nottingham Forest,2024
10/21/2023,15:00,Premier League,Matchweek 9,Sat,Home,D,2,2,Luton Town,2.9,1.7,57,29361,Serge Aurier,4/3/2003,4/4/2002,Samuel Barrott,Match Report,,19,8,11.1,0,0,0,Nottingham Forest,2024
10/29/2023,14:00,Premier League,Matchweek 10,Sun,Away,L,0,3,Liverpool,0.4,3.2,28,50143,Serge Aurier,5/4/2001,4/3/2003,Chris Kavanagh,Match Report,,9,1,15.6,0,0,0,Nottingham Forest,2024
11/5/2023,14:00,Premier League,Matchweek 11,Sun,Home,W,2,0,Aston Villa,0.4,1.2,27,29313,Morgan Gibbs-White,4/3/2003,4/4/2002,Jarred Gillett,Match Report,,5,3,21.1,0,0,0,Nottingham Forest,2024
11/12/2023,14:00,Premier League,Matchweek 12,Sun,Away,L,2,3,West Ham,1.7,1.8,46,62470,Morgan Gibbs-White,4/3/2003,4-2-3-1,Michael Salisbury,Match Report,,10,5,15.6,0,0,0,Nottingham Forest,2024
11/25/2023,15:00,Premier League,Matchweek 13,Sat,Home,L,2,3,Brighton,1.9,1.3,47,29404,Morgan Gibbs-White,4-1-4-1,4-2-3-1,Anthony Taylor,Match Report,,17,4,14.7,0,1,1,Nottingham Forest,2024
12/2/2023,17:30,Premier League,Matchweek 14,Sat,Home,L,0,1,Everton,0.7,0.7,61,29404,Ryan Yates,4/3/2003,4-4-1-1,Paul Tierney,Match Report,,13,2,16.1,0,0,0,Nottingham Forest,2024
12/6/2023,19:30,Premier League,Matchweek 15,Wed,Away,L,0,5,Fulham,0.3,2.5,37,24105,Felipe,4-2-3-1,4-2-3-1,Joshua Smith,Match Report,,4,1,15.3,0,0,0,Nottingham Forest,2024
12/9/2023,15:00,Premier League,Matchweek 16,Sat,Away,D,1,1,Wolves,1.3,1.2,32,31543,Ryan Yates,3/5/2002,3/4/2003,Samuel Barrott,Match Report,,8,2,12.7,0,0,0,Nottingham Forest,2024
12/15/2023,20:00,Premier League,Matchweek 17,Fri,Home,L,0,2,Tottenham,1.3,1.5,34,29296,Ryan Yates,3/5/2002,4-2-3-1,Jarred Gillett,Match Report,,15,1,16.1,0,0,0,Nottingham Forest,2024
12/23/2023,15:00,Premier League,Matchweek 18,Sat,Home,L,2,3,Bournemouth,1,1.6,34,29188,Ryan Yates,4-2-3-1,4-2-3-1,Robert Jones,Match Report,,11,4,14.5,0,0,0,Nottingham Forest,2024
12/26/2023,12:30,Premier League,Matchweek 19,Tue,Away,W,3,1,Newcastle Utd,3.5,2.4,38,52207,Morgan Gibbs-White,4-2-3-1,4/3/2003,Chris Kavanagh,Match Report,,15,6,15.8,0,0,0,Nottingham Forest,2024
12/30/2023,17:30,Premier League,Matchweek 20,Sat,Home,W,2,1,Manchester Utd,0.7,0.8,44,29529,Ryan Yates,4-2-3-1,4-2-3-1,Tim Robinson,Match Report,,8,2,18.3,0,0,0,Nottingham Forest,2024
1/20/2024,17:30,Premier League,Matchweek 21,Sat,Away,L,2,3,Brentford,1.2,1.2,52,17077,Ryan Yates,4-2-3-1,3/5/2002,Darren England,Match Report,,12,3,20.5,0,0,0,Nottingham Forest,2024
1/30/2024,19:30,Premier League,Matchweek 22,Tue,Home,L,1,2,Arsenal,0.5,1.2,27,29387,Morgan Gibbs-White,4-2-3-1,4/3/2003,Simon Hooper,Match Report,,9,3,18.7,0,0,0,Nottingham Forest,2024
2/4/2024,14:00,Premier League,Matchweek 23,Sun,Away,D,1,1,Bournemouth,0.5,1.3,55,11200,Ryan Yates,4-2-3-1,4-2-3-1,Rebecca Welch,Match Report,,8,6,19.9,0,0,0,Nottingham Forest,2024
2/10/2024,17:30,Premier League,Matchweek 24,Sat,Home,L,2,3,Newcastle Utd,1.5,0.5,39,29451,Ryan Yates,4-2-3-1,4/3/2003,Anthony Taylor,Match Report,,13,3,21.8,0,0,0,Nottingham Forest,2024
2/17/2024,15:00,Premier League,Matchweek 25,Sat,Home,W,2,0,West Ham,2.8,0.5,49,29490,Morgan Gibbs-White,4-2-3-1,4-2-3-1,Thomas Bramall,Match Report,,19,8,16.5,0,0,0,Nottingham Forest,2024
2/24/2024,15:00,Premier League,Matchweek 26,Sat,Away,L,2,4,Aston Villa,2.6,3.6,42,42131,Morgan Gibbs-White,4-2-3-1,4-2-3-1,Samuel Barrott,Match Report,,10,3,16.4,0,0,0,Nottingham Forest,2024
3/2/2024,15:00,Premier League,Matchweek 27,Sat,Home,L,0,1,Liverpool,1,2,31,29603,Ryan Yates,4-2-3-1,4/3/2003,Paul Tierney,Match Report,,8,2,19.3,0,0,0,Nottingham Forest,2024
3/10/2024,14:00,Premier League,Matchweek 28,Sun,Away,L,0,1,Brighton,0.7,0.4,37,31505,Ryan Yates,4/3/2003,4-2-3-1,Michael Salisbury,Match Report,,9,4,19.3,2,0,0,Nottingham Forest,2024
3/16/2024,15:00,Premier League,Matchweek 29,Sat,Away,D,1,1,Luton Town,2,0.6,40,11630,Ryan Yates,4-2-3-1,3/4/2003,Darren England,Match Report,,16,3,22,2,0,0,Nottingham Forest,2024
3/30/2024,15:00,Premier League,Matchweek 30,Sat,Home,D,1,1,Crystal Palace,0.9,1.2,59,29520,Ryan Yates,4-2-3-1,3/4/2003,Chris Kavanagh,Match Report,,12,5,20.5,0,0,0,Nottingham Forest,2024
4/2/2024,19:30,Premier League,Matchweek 31,Tue,Home,W,3,1,Fulham,1.5,1.5,34,28997,Ryan Yates,4-2-3-1,4-2-3-1,Michael Oliver,Match Report,,16,4,18.5,0,0,0,Nottingham Forest,2024
4/7/2024,18:00,Premier League,Matchweek 32,Sun,Away,L,1,3,Tottenham,1.5,1.5,37,61098,Ryan Yates,4-2-3-1,4-2-3-1,Simon Hooper,Match Report,,13,6,22.9,1,0,0,Nottingham Forest,2024
4/13/2024,15:00,Premier League,Matchweek 33,Sat,Home,D,2,2,Wolves,1.9,1,46,29604,Ryan Yates,4-2-3-1,3-4-1-2,Craig Pawson,Match Report,,18,9,17,0,0,0,Nottingham Forest,2024
4/21/2024,13:30,Premier League,Matchweek 34,Sun,Away,L,0,2,Everton,0.9,0.3,59,39239,Morgan Gibbs-White,4-2-3-1,4-1-4-1,Anthony Taylor,Match Report,,8,3,13.7,0,0,0,Nottingham Forest,2024
4/28/2024,16:30,Premier League,Matchweek 35,Sun,Home,L,0,2,Manchester City,1.9,0.9,34,29677,Morgan Gibbs-White,5/4/2001,4-1-4-1,Simon Hooper,Match Report,,14,2,15,1,0,0,Nottingham Forest,2024
5/4/2024,15:00,Premier League,Matchweek 36,Sat,Away,W,3,1,Sheffield Utd,1.4,2.2,46,28516,Ryan Yates,4-2-3-1,3/5/2002,Chris Kavanagh,Match Report,,15,4,17.2,0,0,0,Nottingham Forest,2024
5/11/2024,17:30,Premier League,Matchweek 37,Sat,Home,L,2,3,Chelsea,1.5,1.6,33,29708,Ryan Yates,5/4/2001,4-2-3-1,Tony Harrington,Match Report,,20,4,17.2,0,0,0,Nottingham Forest,2024
5/19/2024,16:00,Premier League,Matchweek 38,Sun,Away,W,2,1,Burnley,1.7,1.2,28,21109,Ryan Yates,4-2-3-1,4/4/2002,Graham Scott,Match Report,,12,6,17.2,0,0,0,Nottingham Forest,2024
8/17/2024,15:00,Premier League,Matchweek 1,Sat,Home,D,1,1,Bournemouth,1.3,1.2,53,29763,Morgan Gibbs-White,4-2-3-1,4-2-3-1,Michael Oliver,Match Report,,14,8,19.2,0,0,0,Nottingham Forest,2025
8/24/2024,15:00,Premier League,Matchweek 2,Sat,Away,W,1,0,Southampton,2.2,0.1,36,31150,Morgan Gibbs-White,4-2-3-1,3/5/2002,Samuel Barrott,Match Report,,23,8,17.2,0,0,0,Nottingham Forest,2025
8/31/2024,15:00,Premier League,Matchweek 3,Sat,Home,D,1,1,Wolves,1,0.7,52,29918,Morgan Gibbs-White,4-2-3-1,4-4-1-1,Simon Hooper,Match Report,,16,5,14.6,1,0,0,Nottingham Forest,2025
9/14/2024,15:00,Premier League,Matchweek 4,Sat,Away,W,1,0,Liverpool,0.4,0.9,32,60344,Ryan Yates,4-2-3-1,4-2-3-1,Michael Oliver,Match Report,,5,3,18.6,0,0,0,Nottingham Forest,2025
9/22/2024,14:00,Premier League,Matchweek 5,Sun,Away,D,2,2,Brighton,1.4,1,30,31444,Morgan Gibbs-White,4-2-3-1,4-2-3-1,Robert Jones,Match Report,,3,2,17.4,0,1,1,Nottingham Forest,2025
9/28/2024,15:00,Premier League,Matchweek 6,Sat,Home,L,0,1,Fulham,0.8,1.3,41,30139,Ryan Yates,4/4/2002,4-2-3-1,Joshua Smith,Match Report,,11,1,19.3,0,0,0,Nottingham Forest,2025
10/6/2024,14:00,Premier League,Matchweek 7,Sun,Away,D,1,1,Chelsea,0.9,2.3,35,39501,Ryan Yates,4-2-3-1,4-2-3-1,Chris Kavanagh,Match Report,,16,9,20.2,2,0,0,Nottingham Forest,2025
10/21/2024,20:00,Premier League,Matchweek 8,Mon,Home,W,1,0,Crystal Palace,1.7,1,51,29443,Ryan Yates,4-2-3-1,3-1-4-2,Tim Robinson,Match Report,,20,6,18,0,0,0,Nottingham Forest,2025
10/25/2024,20:00,Premier League,Matchweek 9,Fri,Away,W,3,1,Leicester City,1.7,0.8,35,31879,Ryan Yates,4-2-3-1,4-2-3-1,Craig Pawson,Match Report,,20,5,21.6,1,0,0,Nottingham Forest,2025
11/2/2024,15:00,Premier League,Matchweek 10,Sat,Home,W,3,0,West Ham,2.2,0.1,54,30112,Ryan Yates,4-2-3-1,3/4/2003,Peter Bankes,Match Report,,19,6,18.7,1,0,0,Nottingham Forest,2025
11/10/2024,14:00,Premier League,Matchweek 11,Sun,Home,L,1,3,Newcastle Utd,0.6,1.6,44,30145,Ryan Yates,4-2-3-1,4/3/2003,Anthony Taylor,Match Report,,9,3,16.4,0,0,0,Nottingham Forest,2025
11/23/2024,15:00,Premier League,Matchweek 12,Sat,Away,L,0,3,Arsenal,0.3,1.2,34,60298,Ryan Yates,4-2-3-1,4/3/2003,Simon Hooper,Match Report,,7,0,16.3,1,0,0,Nottingham Forest,2025
11/30/2024,15:00,Premier League,Matchweek 13,Sat,Home,W,1,0,Ipswich Town,1.6,0.6,45,30237,Ryan Yates,4-2-3-1,4-2-3-1,Tony Harrington,Match Report,,11,4,16.9,1,1,1,Nottingham Forest,2025
12/4/2024,19:30,Premier League,Matchweek 14,Wed,Away,L,0,3,Manchester City,1,2.4,34,51764,Ryan Yates,4-2-3-1,4-2-3-1,Michael Oliver,Match Report,,12,3,16.6,0,0,0,Nottingham Forest,2025
12/7/2024,17:30,Premier League,Matchweek 15,Sat,Away,W,3,2,Manchester Utd,0.8,1.6,29,73778,Ryan Yates,4-2-3-1,3/4/2003,Darren England,Match Report,,11,3,16.3,0,0,0,Nottingham Forest,2025
12/14/2024,17:30,Premier League,Matchweek 16,Sat,Home,W,2,1,Aston Villa,1.7,0.4,50,30117,Ryan Yates,4-2-3-1,4-2-3-1,Samuel Barrott,Match Report,,17,6,15.2,0,0,0,Nottingham Forest,2025
12/21/2024,15:00,Premier League,Matchweek 17,Sat,Away,W,2,0,Brentford,0.9,0.7,36,17115,Morgan Gibbs-White,3/4/2003,4/3/2003,Michael Oliver,Match Report,,10,6,17.4,0,0,0,Nottingham Forest,2025
12/26/2024,15:00,Premier League,Matchweek 18,Thu,Home,W,1,0,Tottenham,1.1,0.9,30,30200,Ryan Yates,4-2-3-1,4-2-3-1,Craig Pawson,Match Report,,10,3,15.5,0,0,0,Nottingham Forest,2025
12/29/2024,15:00,Premier League,Matchweek 19,Sun,Away,W,2,0,Everton,1.5,0.9,36,25414,Morgan Gibbs-White,4-2-3-1,4/3/2003,Tony Harrington,Match Report,,11,7,17.4,0,0,0,Nottingham Forest,2025
1/6/2025,20:00,Premier League,Matchweek 20,Mon,Away,W,3,0,Wolves,2.1,1.5,40,29940,Morgan Gibbs-White,4-2-3-1,3/4/2003,Peter Bankes,Match Report,,11,3,16.2,1,0,0,Nottingham Forest,2025
1/14/2025,20:00,Premier League,Matchweek 21,Tue,Home,D,1,1,Liverpool,0.3,2,30,30249,Ryan Yates,4-2-3-1,4-2-3-1,Chris Kavanagh,Match Report,,6,3,26.8,1,0,0,Nottingham Forest,2025
1/19/2025,14:00,Premier League,Matchweek 22,Sun,Home,W,3,2,Southampton,1.8,0.9,45,30180,Morgan Gibbs-White,4-2-3-1,3-4-1-2,Anthony Taylor,Match Report,,14,4,16,1,0,0,Nottingham Forest,2025
1/25/2025,15:00,Premier League,Matchweek 23,Sat,Away,L,0,5,Bournemouth,1,1.7,50,11228,Ryan Yates,4-2-3-1,4-2-3-1,Craig Pawson,Match Report,,18,4,18,2,0,0,Nottingham Forest,2025
2/1/2025,12:30,Premier League,Matchweek 24,Sat,Home,W,7,0,Brighton,3.3,0.9,38,30164,Morgan Gibbs-White,3/5/2002,4-1-4-1,Simon Hooper,Match Report,,13,8,13.4,0,1,1,Nottingham Forest,2025
2/15/2025,15:00,Premier League,Matchweek 25,Sat,Away,L,1,2,Fulham,0.4,2.1,45,27164,Morgan Gibbs-White,3/5/2002,4-2-3-1,Thomas Bramall,Match Report,,8,2,17.8,0,0,0,Nottingham Forest,2025
2/23/2025,14:00,Premier League,Matchweek 26,Sun,Away,L,3,4,Newcastle Utd,1.7,2.9,43,52223,Morgan Gibbs-White,4-2-3-1,4/3/2003,Jarred Gillett,Match Report,,17,5,17,0,0,0,Nottingham Forest,2025
2/26/2025,19:30,Premier League,Matchweek 27,Wed,Home,D,0,0,Arsenal,0.4,1,36,30200,Morgan Gibbs-White,4-2-3-1,4/3/2003,Andy Madley,Match Report,,6,2,16.9,0,0,0,Nottingham Forest,2025
3/8/2025,12:30,Premier League,Matchweek 28,Sat,Home,W,1,0,Manchester City,0.7,0.9,31,30252,Morgan Gibbs-White,4-2-3-1,4-1-4-1,Chris Kavanagh,Match Report,,9,4,14.8,0,0,0,Nottingham Forest,2025
3/15/2025,15:00,Premier League,Matchweek 29,Sat,Away,W,4,2,Ipswich Town,1.5,0.4,45,29878,Morgan Gibbs-White,4-2-3-1,4-2-3-1,Michael Salisbury,Match Report,,11,6,18.2,0,0,0,Nottingham Forest,2025
4/1/2025,20:00,Premier League,Matchweek 30,Tue,Home,W,1,0,Manchester Utd,0.5,1.6,32,30249,Ryan Yates,4-2-3-1,3/4/2003,Jarred Gillett,Match Report,,8,2,17.9,0,0,0,Nottingham Forest,2025
4/5/2025,17:30,Premier League,Matchweek 31,Sat,Away,L,1,2,Aston Villa,1.5,3,48,42743,Ryan Yates,3-4-1-2,4-2-3-1,Simon Hooper,Match Report,,19,3,19,0,0,0,Nottingham Forest,2025
4/12/2025,15:00,Premier League,Matchweek 32,Sat,Home,L,0,1,Everton,0.5,1.4,43,30199,Morgan Gibbs-White,4-2-3-1,4-2-3-1,Craig Pawson,Match Report,,10,5,21.4,0,0,0,Nottingham Forest,2025
4/21/2025,20:00,Premier League,Matchweek 33,Mon,Away,W,2,1,Tottenham,0.5,2.1,31,59314,Morgan Gibbs-White,4-2-2-2,4/3/2003,Peter Bankes,Match Report,,4,3,21.4,0,0,0,Nottingham Forest,2025
5/1/2025,19:30,Premier League,Matchweek 34,Thu,Home,L,0,2,Brentford,0.9,1.3,55,29040,Ryan Yates,4-2-3-1,4-2-3-1,Darren England,Match Report,,14,5,15.4,0,0,0,Nottingham Forest,2025
5/5/2025,20:00,Premier League,Matchweek 35,Mon,Away,D,1,1,Crystal Palace,0.7,2.3,50,25096,Morgan Gibbs-White,4-2-3-1,3/4/2003,Andy Madley,Match Report,,12,4,19.2,1,0,0,Nottingham Forest,2025
5/11/2025,14:15,Premier League,Matchweek 36,Sun,Home,D,2,2,Leicester City,1.3,1.1,55,30245,Morgan Gibbs-White,4-2-3-1,4-2-3-1,Tony Harrington,Match Report,,15,4,17.1,1,0,0,Nottingham Forest,2025
5/18/2025,14:15,Premier League,Matchweek 37,Sun,Away,W,2,1,West Ham,1.9,1.1,40,62466,Morgan Gibbs-White,4-3-1-2,3-4-1-2,Samuel Barrott,Match Report,,10,5,14.9,0,0,0,Nottingham Forest,2025
5/25/2025,16:00,Premier League,Matchweek 38,Sun,Home,L,0,1,Chelsea,1.2,1.1,52,30263,Morgan Gibbs-White,4-3-1-2,4-2-3-1,Anthony Taylor,Match Report,,10,2,14,1,0,0,Nottingham Forest,2025
9/14/2020,18:00,Premier League,Matchweek 1,Mon,Home,L,0,2,Wolves,1,1.4,55,,Billy Sharp,3/5/2002,3/4/2003,Mike Dean,Match Report,,9,1,12.9,0,0,0,Sheffield United,2021
9/21/2020,18:00,Premier League,Matchweek 2,Mon,Away,L,0,1,Aston Villa,0.9,1,29,,John Egan,3/5/2002,4/3/2003,Graham Scott,Match Report,,3,0,20.2,0,0,1,Sheffield United,2021
9/27/2020,12:00,Premier League,Matchweek 3,Sun,Home,L,0,1,Leeds United,1.4,1.2,36,,David McGoldrick,3/5/2002,3-1-4-2,Paul Tierney,Match Report,,14,4,16.7,0,0,0,Sheffield United,2021
10/4/2020,14:00,Premier League,Matchweek 4,Sun,Away,L,1,2,Arsenal,0.2,0.6,36,,John Egan,3/5/2002,4/3/2003,Lee Mason,Match Report,,6,2,24.7,0,0,0,Sheffield United,2021
10/18/2020,12:00,Premier League,Matchweek 5,Sun,Home,D,1,1,Fulham,1.7,1.5,42,,John Egan,3/5/2002,3/4/2003,Andre Marriner,Match Report,,9,5,20.1,0,1,1,Sheffield United,2021
10/24/2020,20:00,Premier League,Matchweek 6,Sat,Away,L,1,2,Liverpool,1.6,2.3,38,,John Egan,3/5/2002,4-2-3-1,Mike Dean,Match Report,,12,1,18.5,0,1,1,Sheffield United,2021
10/31/2020,12:30,Premier League,Matchweek 7,Sat,Home,L,0,1,Manchester City,0.5,1.6,35,,John Egan,5/3/2002,4/3/2003,Michael Oliver,Match Report,,3,1,18.3,0,0,0,Sheffield United,2021
11/7/2020,17:30,Premier League,Matchweek 8,Sat,Away,L,1,4,Chelsea,0.4,2.2,31,,John Egan,3/5/2002,4/3/2003,Jonathan Moss,Match Report,,6,3,18,0,0,0,Sheffield United,2021
11/22/2020,14:00,Premier League,Matchweek 9,Sun,Home,L,0,1,West Ham,0.9,2.1,51,,John Egan,3/5/2002,3/4/2003,Martin Atkinson,Match Report,,9,5,17.6,0,0,0,Sheffield United,2021
11/28/2020,20:00,Premier League,Matchweek 10,Sat,Away,L,0,1,West Brom,2.9,1.2,51,,John Egan,3/5/2002,3-4-1-2,Mike Dean,Match Report,,21,5,15,0,0,0,Sheffield United,2021
12/6/2020,14:15,Premier League,Matchweek 11,Sun,Home,L,1,2,Leicester City,0.2,1.4,31,,John Egan,5/3/2002,3/4/2003,Stuart Attwell,Match Report,,4,1,14.9,0,0,0,Sheffield United,2021
12/13/2020,12:00,Premier League,Matchweek 12,Sun,Away,L,0,3,Southampton,0.3,2,33,2000,Billy Sharp,5/3/2002,4/4/2002,Andy Madley,Match Report,,3,0,11.2,0,0,0,Sheffield United,2021
12/17/2020,20:00,Premier League,Matchweek 13,Thu,Home,L,2,3,Manchester Utd,1.5,1.9,40,,John Egan,5/3/2002,4-2-3-1,Michael Oliver,Match Report,,12,6,15.8,1,0,0,Sheffield United,2021
12/20/2020,12:00,Premier League,Matchweek 14,Sun,Away,D,1,1,Brighton,0.5,2.8,27,,John Egan,5/3/2002,3/4/2003,Peter Bankes,Match Report,,5,3,26,1,0,0,Sheffield United,2021
12/26/2020,20:00,Premier League,Matchweek 15,Sat,Home,L,0,1,Everton,1.4,0.7,44,,John Egan,3/4/2003,4-2-3-1,David Coote,Match Report,,10,1,12.6,0,0,0,Sheffield United,2021
12/29/2020,18:00,Premier League,Matchweek 16,Tue,Away,L,0,1,Burnley,0.7,1,63,,John Egan,3/4/2003,4/4/2002,Chris Kavanagh,Match Report,,7,2,16.6,0,0,0,Sheffield United,2021
1/2/2021,15:00,Premier League,Matchweek 17,Sat,Away,L,0,2,Crystal Palace,0.4,0.6,56,,John Egan,3/5/2002,4/4/2002,Stuart Attwell,Match Report,,7,2,19.4,0,0,0,Sheffield United,2021
1/12/2021,18:00,Premier League,Matchweek 18,Tue,Home,W,1,0,Newcastle Utd,2.1,0.6,65,,John Egan,3/5/2002,5/4/2001,Andy Madley,Match Report,,16,3,17,0,1,1,Sheffield United,2021
1/17/2021,14:00,Premier League,Matchweek 19,Sun,Home,L,1,3,Tottenham,0.9,1,43,,John Egan,3/5/2002,3/4/2003,Andre Marriner,Match Report,,15,5,21.1,0,0,0,Sheffield United,2021
1/27/2021,20:15,Premier League,Matchweek 20,Wed,Away,W,2,1,Manchester Utd,1,1.1,25,,Billy Sharp,3/5/2002,4-2-3-1,Peter Bankes,Match Report,,5,3,13.4,0,0,0,Sheffield United,2021
1/30/2021,15:00,Premier League,Matchweek 21,Sat,Away,L,0,1,Manchester City,0.2,1.5,25,,John Egan,5/3/2002,4/3/2003,David Coote,Match Report,,4,1,23.2,0,0,0,Sheffield United,2021
2/2/2021,18:00,Premier League,Matchweek 22,Tue,Home,W,2,1,West Brom,1.3,1.6,68,,Billy Sharp,3/5/2002,4-4-1-1,Paul Tierney,Match Report,,14,6,16.8,1,0,0,Sheffield United,2021
2/7/2021,19:15,Premier League,Matchweek 23,Sun,Home,L,1,2,Chelsea,0.6,1.6,32,,John Egan,3/5/2002,3/4/2003,Kevin Friend,Match Report,,8,3,20.8,0,0,0,Sheffield United,2021
2/15/2021,18:00,Premier League,Matchweek 24,Mon,Away,L,0,3,West Ham,0.7,1.9,54,,Billy Sharp,3/5/2002,3/4/2003,Simon Hooper,Match Report,,8,5,15.4,0,0,0,Sheffield United,2021
2/20/2021,20:00,Premier League,Matchweek 25,Sat,Away,L,0,1,Fulham,0.9,1.2,36,,Billy Sharp,3/5/2002,4-2-3-1,Martin Atkinson,Match Report,,4,2,9.8,0,0,0,Sheffield United,2021
2/28/2021,19:15,Premier League,Matchweek 26,Sun,Home,L,0,2,Liverpool,0.7,2.7,40,,David McGoldrick,3/5/2002,4/3/2003,Jonathan Moss,Match Report,,8,2,17.4,0,0,0,Sheffield United,2021
3/3/2021,18:00,Premier League,Matchweek 29,Wed,Home,W,1,0,Aston Villa,0.9,2.3,28,,David McGoldrick,3/5/2002,4/3/2003,Robert Jones,Match Report,,9,2,23.6,0,0,0,Sheffield United,2021
3/6/2021,15:00,Premier League,Matchweek 27,Sat,Home,L,0,2,Southampton,0.7,1.9,51,,David McGoldrick,3/5/2002,4/4/2002,Paul Tierney,Match Report,,8,2,16.7,0,0,0,Sheffield United,2021
3/14/2021,14:00,Premier League,Matchweek 28,Sun,Away,L,0,5,Leicester City,0.1,4,29,,Billy Sharp,3/5/2002,3-4-1-2,Peter Bankes,Match Report,,1,0,10.2,0,0,0,Sheffield United,2021
4/3/2021,15:00,Premier League,Matchweek 30,Sat,Away,L,1,2,Leeds United,1.1,2.4,46,,David McGoldrick,3/5/2002,4-1-4-1,Graham Scott,Match Report,,9,1,21.8,0,0,0,Sheffield United,2021
4/11/2021,19:00,Premier League,Matchweek 31,Sun,Home,L,0,3,Arsenal,0.3,1.7,45,,John Egan,3/5/2002,4-2-3-1,Peter Bankes,Match Report,,7,2,20,0,0,0,Sheffield United,2021
4/17/2021,20:15,Premier League,Matchweek 32,Sat,Away,L,0,1,Wolves,0.5,1.1,52,,John Egan,3/4/2003,3/4/2003,Robert Jones,Match Report,,8,2,20.9,0,0,0,Sheffield United,2021
4/24/2021,20:00,Premier League,Matchweek 33,Sat,Home,W,1,0,Brighton,0.7,2,32,,John Egan,3-4-1-2,3-4-1-2,Kevin Friend,Match Report,,7,3,17.8,0,0,0,Sheffield United,2021
5/2/2021,19:15,Premier League,Matchweek 34,Sun,Away,L,0,4,Tottenham,0.5,2.2,34,,John Egan,3-4-1-2,4-2-3-1,Andre Marriner,Match Report,,8,1,18.2,0,0,0,Sheffield United,2021
5/8/2021,15:00,Premier League,Matchweek 35,Sat,Home,L,0,2,Crystal Palace,0.7,2,50,,John Egan,3/5/2002,4/3/2003,Simon Hooper,Match Report,,7,0,13.4,1,0,0,Sheffield United,2021
5/16/2021,19:00,Premier League,Matchweek 36,Sun,Away,W,1,0,Everton,1.2,1.4,38,,John Egan,3/4/2003,4-2-3-1,Jonathan Moss,Match Report,,10,3,18.5,0,0,0,Sheffield United,2021
5/19/2021,18:00,Premier League,Matchweek 37,Wed,Away,L,0,1,Newcastle Utd,0.9,1.6,49,10000,John Egan,3/4/2003,5/3/2002,Robert Jones,Match Report,,11,1,18.3,1,0,0,Sheffield United,2021
5/23/2021,16:00,Premier League,Matchweek 38,Sun,Home,W,1,0,Burnley,0.5,1.1,43,5000,John Egan,3/4/2003,4-4-1-1,Kevin Friend,Match Report,,12,3,17.4,0,0,0,Sheffield United,2021
8/12/2023,15:00,Premier League,Matchweek 1,Sat,Home,L,0,1,Crystal Palace,0.5,1.9,32,31194,John Egan,3/4/2003,4-2-3-1,John Brooks,Match Report,,8,1,19.4,0,0,0,Sheffield United,2024
8/18/2023,19:45,Premier League,Matchweek 2,Fri,Away,L,1,2,Nott'ham Forest,0.5,1.4,50,29432,John Egan,3/4/2003,3/4/2003,Peter Bankes,Match Report,,7,3,18.8,0,0,0,Sheffield United,2024
8/27/2023,14:00,Premier League,Matchweek 3,Sun,Home,L,1,2,Manchester City,0.7,3.5,21,31336,John Egan,3/5/2002,4-2-3-1,Jarred Gillett,Match Report,,6,1,16.1,0,0,0,Sheffield United,2024
9/2/2023,12:30,Premier League,Matchweek 4,Sat,Home,D,2,2,Everton,1.2,2.5,46,31124,John Egan,3/5/2002,4-4-1-1,Andy Madley,Match Report,,13,7,14.1,0,0,0,Sheffield United,2024
9/16/2023,15:00,Premier League,Matchweek 5,Sat,Away,L,1,2,Tottenham,0.7,2.1,30,61706,Chris Basham,3/5/2002,4-2-3-1,Peter Bankes,Match Report,,7,5,17.6,0,0,0,Sheffield United,2024
9/24/2023,16:30,Premier League,Matchweek 6,Sun,Home,L,0,8,Newcastle Utd,0.9,3.9,42,31127,John Egan,3/4/2003,4/3/2003,Stuart Attwell,Match Report,,9,1,13.7,0,0,0,Sheffield United,2024
9/30/2023,15:00,Premier League,Matchweek 7,Sat,Away,L,0,2,West Ham,1.1,2.1,48,62459,John Egan,3/5/2002,4-2-3-1,Graham Scott,Match Report,,16,2,15.7,0,0,0,Sheffield United,2024
10/7/2023,15:00,Premier League,Matchweek 8,Sat,Away,L,1,3,Fulham,0.6,2.2,40,24361,Chris Basham,3/5/2002,4/3/2003,Samuel Barrott,Match Report,,5,2,16.6,0,0,0,Sheffield United,2024
10/21/2023,20:00,Premier League,Matchweek 9,Sat,Home,L,1,2,Manchester Utd,1.4,1.1,38,31543,Oliver Norwood,4/4/2002,4-2-3-1,Michael Oliver,Match Report,,11,5,25.8,0,1,1,Sheffield United,2024
10/28/2023,15:00,Premier League,Matchweek 10,Sat,Away,L,0,5,Arsenal,0,2.8,33,60153,Oliver Norwood,4/4/2002,4/3/2003,Tim Robinson,Match Report,,2,0,39.9,0,0,0,Sheffield United,2024
11/4/2023,15:00,Premier League,Matchweek 11,Sat,Home,W,2,1,Wolves,1,1.2,39,29454,Oliver Norwood,3-4-1-2,4-4-1-1,Robert Jones,Match Report,,10,1,27.6,1,1,1,Sheffield United,2024
11/12/2023,14:00,Premier League,Matchweek 12,Sun,Away,D,1,1,Brighton,1.1,1.5,39,31367,Oliver Norwood,3/4/2003,4-2-3-1,John Brooks,Match Report,,9,1,19.3,0,0,0,Sheffield United,2024
11/25/2023,15:00,Premier League,Matchweek 13,Sat,Home,L,1,3,Bournemouth,0.8,2.9,46,30208,Oliver Norwood,3/4/2003,4-2-3-1,Andy Madley,Match Report,,10,2,14.9,0,0,0,Sheffield United,2024
12/2/2023,15:00,Premier League,Matchweek 14,Sat,Away,L,0,5,Burnley,0.4,1.8,37,21478,Oliver Norwood,3/4/2003,4/4/2002,Chris Kavanagh,Match Report,,6,3,18.9,0,0,0,Sheffield United,2024
12/6/2023,19:30,Premier League,Matchweek 15,Wed,Home,L,0,2,Liverpool,1,1.7,25,31406,Anel Ahmedhodžić,3/4/2003,4/3/2003,Simon Hooper,Match Report,,6,1,14.6,1,0,0,Sheffield United,2024
12/9/2023,15:00,Premier League,Matchweek 16,Sat,Home,W,1,0,Brentford,0.8,0.6,41,28509,Anel Ahmedhodžić,4-1-4-1,4/3/2003,Stuart Attwell,Match Report,,9,4,21.7,0,0,0,Sheffield United,2024
12/16/2023,15:00,Premier League,Matchweek 17,Sat,Away,L,0,2,Chelsea,0.4,3.1,22,39599,Anel Ahmedhodžić,4-1-4-1,4-2-3-1,Andy Madley,Match Report,,6,1,19.7,1,0,0,Sheffield United,2024
12/22/2023,20:00,Premier League,Matchweek 18,Fri,Away,D,1,1,Aston Villa,0.6,0.9,23,41651,Jack Robinson,3/4/2003,4-4-1-1,Anthony Taylor,Match Report,,5,2,19.7,0,0,0,Sheffield United,2024
12/26/2023,15:00,Premier League,Matchweek 19,Tue,Home,L,2,3,Luton Town,2.4,0.6,51,31041,Anel Ahmedhodžić,4/4/2002,3/4/2003,Samuel Allison,Match Report,,21,4,16.3,1,0,0,Sheffield United,2024
12/30/2023,15:00,Premier League,Matchweek 20,Sat,Away,L,0,2,Manchester City,0.3,2.2,20,53108,Jack Robinson,3/4/2003,4-2-3-1,David Coote,Match Report,,4,2,14.9,0,0,0,Sheffield United,2024
1/21/2024,14:00,Premier League,Matchweek 21,Sun,Home,D,2,2,West Ham,2.5,2.3,57,29164,Anel Ahmedhodžić,4-1-4-1,4-4-1-1,Michael Salisbury,Match Report,,20,5,18.5,1,1,1,Sheffield United,2024
1/30/2024,20:00,Premier League,Matchweek 22,Tue,Away,L,2,3,Crystal Palace,0.8,1.1,47,24781,Anel Ahmedhodžić,4-1-4-1,4/3/2003,Tony Harrington,Match Report,,9,5,16.5,0,0,0,Sheffield United,2024
2/3/2024,17:30,Premier League,Matchweek 23,Sat,Home,L,0,5,Aston Villa,1.4,2.2,37,30187,Anel Ahmedhodžić,5/4/2001,4-2-3-1,Paul Tierney,Match Report,,10,4,10,0,0,0,Sheffield United,2024
2/10/2024,15:00,Premier League,Matchweek 24,Sat,Away,W,3,1,Luton Town,1.7,1.8,26,11138,Anel Ahmedhodžić,5/4/2001,3/4/2003,Chris Kavanagh,Match Report,,6,2,22.4,0,1,1,Sheffield United,2024
2/18/2024,14:00,Premier League,Matchweek 25,Sun,Home,L,0,5,Brighton,0.6,2.9,21,29522,Anel Ahmedhodžić,3-5-1-1,4-2-3-1,Stuart Attwell,Match Report,,6,1,18.7,0,0,0,Sheffield United,2024
2/25/2024,13:30,Premier League,Matchweek 26,Sun,Away,L,0,1,Wolves,0.6,1.3,37,30789,Anel Ahmedhodžić,3/5/2002,3/4/2003,Darren Bond,Match Report,,12,4,16.3,0,0,0,Sheffield United,2024
3/4/2024,20:00,Premier League,Matchweek 27,Mon,Home,L,0,6,Arsenal,0.2,2.3,20,29157,Anel Ahmedhodžić,4/5/2001,4/3/2003,Samuel Barrott,Match Report,,4,0,21.8,0,0,0,Sheffield United,2024
3/9/2024,15:00,Premier League,Matchweek 28,Sat,Away,D,2,2,Bournemouth,1.2,3.3,31,11074,Jack Robinson,3/5/2002,4-2-3-1,Anthony Taylor,Match Report,,13,9,14.3,0,0,0,Sheffield United,2024
3/30/2024,15:00,Premier League,Matchweek 30,Sat,Home,D,3,3,Fulham,1.9,1.3,27,30010,Jack Robinson,3/5/2002,4-2-3-1,Tim Robinson,Match Report,,8,4,15.7,0,0,0,Sheffield United,2024
4/4/2024,19:30,Premier League,Matchweek 31,Thu,Away,L,1,3,Liverpool,0.6,1.8,18,60055,Jack Robinson,3/5/2002,4/3/2003,Stuart Attwell,Match Report,,5,3,13.6,1,0,0,Sheffield United,2024
4/7/2024,17:30,Premier League,Matchweek 32,Sun,Home,D,2,2,Chelsea,1.4,0.3,32,28638,Jack Robinson,3/5/2002,4-2-3-1,Robert Jones,Match Report,,11,5,15.2,0,0,0,Sheffield United,2024
4/13/2024,15:00,Premier League,Matchweek 33,Sat,Away,L,0,2,Brentford,0.8,1,47,17115,Oliver McBurnie,3/5/2002,4/3/2003,Samuel Barrott,Match Report,,8,2,15.1,0,0,0,Sheffield United,2024
4/20/2024,15:00,Premier League,Matchweek 34,Sat,Home,L,1,4,Burnley,2.4,2.2,49,28964,Oliver McBurnie,4-2-3-1,4/4/2002,Andy Madley,Match Report,,18,11,14.9,0,0,0,Sheffield United,2024
4/24/2024,20:00,Premier League,Matchweek 29,Wed,Away,L,2,4,Manchester Utd,0.8,2.9,29,73549,Oliver Arblaster,3/5/2002,4-2-3-1,Michael Salisbury,Match Report,,10,4,17.8,1,0,0,Sheffield United,2024
4/27/2024,15:00,Premier League,Matchweek 35,Sat,Away,L,1,5,Newcastle Utd,1.5,3.1,40,52196,Oliver Arblaster,3/5/2002,4/3/2003,Tony Harrington,Match Report,,15,4,13.5,0,0,0,Sheffield United,2024
5/4/2024,15:00,Premier League,Matchweek 36,Sat,Home,L,1,3,Nott'ham Forest,2.2,1.4,54,28516,Jack Robinson,3/5/2002,4-2-3-1,Chris Kavanagh,Match Report,,16,4,18.1,0,1,1,Sheffield United,2024
5/11/2024,15:00,Premier League,Matchweek 37,Sat,Away,L,0,1,Everton,0.6,2.3,42,39221,Jack Robinson,3/5/2002,4-4-1-1,Stuart Attwell,Match Report,,13,1,21,0,0,0,Sheffield United,2024
5/19/2024,16:00,Premier League,Matchweek 38,Sun,Home,L,0,3,Tottenham,1,3.1,25,29116,Jack Robinson,5/3/2002,4-2-3-1,Andy Madley,Match Report,,6,1,18,1,0,0,Sheffield United,2024
9/12/2020,15:00,Premier League,Matchweek 1,Sat,Away,L,0,1,Crystal Palace,0.9,1.1,69,,James Ward-Prowse,4/4/2002,4/4/2002,Jonathan Moss,Match Report,,9,5,15.3,2,0,0,Southampton,2021
9/20/2020,12:00,Premier League,Matchweek 2,Sun,Home,L,2,5,Tottenham,2,2.1,51,,James Ward-Prowse,4/4/2002,4/3/2003,David Coote,Match Report,,13,6,20,1,1,1,Southampton,2021
9/26/2020,20:00,Premier League,Matchweek 3,Sat,Away,W,1,0,Burnley,0.6,0.5,47,,James Ward-Prowse,4/4/2002,4/4/2002,Andre Marriner,Match Report,,5,1,15.9,0,0,0,Southampton,2021
10/4/2020,12:00,Premier League,Matchweek 4,Sun,Home,W,2,0,West Brom,1.2,0.2,62,,James Ward-Prowse,4/4/2002,4-2-3-1,Chris Kavanagh,Match Report,,13,7,17.9,0,0,0,Southampton,2021
10/17/2020,15:00,Premier League,Matchweek 5,Sat,Away,D,3,3,Chelsea,1.9,1.8,47,,James Ward-Prowse,4/4/2002,4-2-3-1,Peter Bankes,Match Report,,13,6,17.1,0,0,0,Southampton,2021
10/25/2020,14:00,Premier League,Matchweek 6,Sun,Home,W,2,0,Everton,0.7,0.4,54,,James Ward-Prowse,4/4/2002,4/3/2003,Kevin Friend,Match Report,,13,6,17.4,0,0,0,Southampton,2021
11/1/2020,12:00,Premier League,Matchweek 7,Sun,Away,W,4,3,Aston Villa,0.7,1.9,44,,James Ward-Prowse,4/4/2002,4-2-3-1,Darren England,Match Report,,9,4,18.4,2,0,0,Southampton,2021
11/6/2020,20:00,Premier League,Matchweek 8,Fri,Home,W,2,0,Newcastle Utd,0.7,0.3,61,,James Ward-Prowse,4/4/2002,5/3/2002,Peter Bankes,Match Report,,15,7,18.9,0,0,0,Southampton,2021
11/23/2020,20:00,Premier League,Matchweek 9,Mon,Away,D,1,1,Wolves,1,1.5,54,,James Ward-Prowse,4/4/2002,4/3/2003,Andre Marriner,Match Report,,7,2,15.9,0,0,0,Southampton,2021
11/29/2020,14:00,Premier League,Matchweek 10,Sun,Home,L,2,3,Manchester Utd,0.5,2.1,50,,James Ward-Prowse,4/4/2002,4-3-1-2,Jonathan Moss,Match Report,,10,5,19.4,1,0,0,Southampton,2021
12/7/2020,20:00,Premier League,Matchweek 11,Mon,Away,W,2,1,Brighton,1.4,1.9,52,2000,James Ward-Prowse,4/4/2002,3-4-1-2,David Coote,Match Report,,9,2,19.2,0,1,1,Southampton,2021
12/13/2020,12:00,Premier League,Matchweek 12,Sun,Home,W,3,0,Sheffield Utd,2,0.3,67,2000,James Ward-Prowse,4/4/2002,5/3/2002,Andy Madley,Match Report,,16,6,17,1,0,0,Southampton,2021
12/16/2020,18:00,Premier League,Matchweek 13,Wed,Away,D,1,1,Arsenal,1.2,0.6,64,,James Ward-Prowse,4/4/2002,3/4/2003,Paul Tierney,Match Report,,13,3,23.5,0,0,0,Southampton,2021
12/19/2020,15:00,Premier League,Matchweek 14,Sat,Home,L,0,1,Manchester City,0.7,0.9,48,,James Ward-Prowse,4/4/2002,4-2-3-1,Mike Dean,Match Report,,9,3,15.1,0,0,0,Southampton,2021
12/26/2020,15:00,Premier League,Matchweek 15,Sat,Away,D,0,0,Fulham,0.2,0.7,53,,James Ward-Prowse,4/4/2002,3/5/2002,Darren England,Match Report,,3,2,22.4,1,0,0,Southampton,2021
12/29/2020,18:00,Premier League,Matchweek 16,Tue,Home,D,0,0,West Ham,0.6,1.2,62,,James Ward-Prowse,4/4/2002,4-1-4-1,Andy Madley,Match Report,,8,3,20.7,1,0,0,Southampton,2021
1/4/2021,20:00,Premier League,Matchweek 17,Mon,Home,W,1,0,Liverpool,0.4,1.5,34,,James Ward-Prowse,4/4/2002,4/3/2003,Andre Marriner,Match Report,,7,2,25.1,0,0,0,Southampton,2021
1/16/2021,20:00,Premier League,Matchweek 19,Sat,Away,L,0,2,Leicester City,0.6,2.2,53,,James Ward-Prowse,4/4/2002,4-2-3-1,Stuart Attwell,Match Report,,8,3,17.3,0,0,0,Southampton,2021
1/26/2021,20:15,Premier League,Matchweek 20,Tue,Home,L,1,3,Arsenal,0.8,2.2,58,,James Ward-Prowse,4/4/2002,4-2-3-1,Kevin Friend,Match Report,,13,5,17.5,1,0,0,Southampton,2021
1/30/2021,20:00,Premier League,Matchweek 21,Sat,Home,L,0,1,Aston Villa,1.9,0.6,59,,James Ward-Prowse,4/4/2002,4-2-3-1,Lee Mason,Match Report,,20,4,18,1,0,0,Southampton,2021
2/2/2021,20:15,Premier League,Matchweek 22,Tue,Away,L,0,9,Manchester Utd,0.5,4.7,26,,James Ward-Prowse,4/4/2002,4-2-3-1,Mike Dean,Match Report,,3,1,21.6,1,0,0,Southampton,2021
2/6/2021,15:00,Premier League,Matchweek 23,Sat,Away,L,2,3,Newcastle Utd,1.3,0.7,73,,James Ward-Prowse,4/4/2002,4-3-1-2,Craig Pawson,Match Report,,14,5,16.1,1,0,0,Southampton,2021
2/14/2021,12:00,Premier League,Matchweek 24,Sun,Home,L,1,2,Wolves,0.8,1.1,51,,James Ward-Prowse,4/4/2002,3/4/2003,Graham Scott,Match Report,,7,3,17.8,0,0,0,Southampton,2021
2/20/2021,12:30,Premier League,Matchweek 25,Sat,Home,D,1,1,Chelsea,0.6,1.2,30,,James Ward-Prowse,4/4/2002,3/4/2003,Anthony Taylor,Match Report,,4,1,9.6,0,0,0,Southampton,2021
2/23/2021,18:00,Premier League,Matchweek 18,Tue,Away,L,0,3,Leeds United,0.9,1.3,54,,James Ward-Prowse,4/4/2002,3-3-3-1,Andre Marriner,Match Report,,13,5,18.6,0,0,0,Southampton,2021
3/1/2021,20:00,Premier League,Matchweek 26,Mon,Away,L,0,1,Everton,0.6,1.2,53,,James Ward-Prowse,4/4/2002,4-3-1-2,Martin Atkinson,Match Report,,9,1,16.7,0,0,0,Southampton,2021
3/6/2021,15:00,Premier League,Matchweek 27,Sat,Away,W,2,0,Sheffield Utd,1.9,0.7,49,,James Ward-Prowse,4/4/2002,3/5/2002,Paul Tierney,Match Report,,14,6,22.2,0,1,1,Southampton,2021
3/10/2021,18:00,Premier League,Matchweek 33,Wed,Away,L,2,5,Manchester City,1.6,2.6,42,,James Ward-Prowse,4/4/2002,4/3/2003,Jonathan Moss,Match Report,,10,5,21.5,2,1,1,Southampton,2021
3/14/2021,12:00,Premier League,Matchweek 28,Sun,Home,L,1,2,Brighton,0.6,0.8,59,,James Ward-Prowse,4/4/2002,4/4/2002,Stuart Attwell,Match Report,,9,4,19.2,1,0,0,Southampton,2021
4/4/2021,12:00,Premier League,Matchweek 30,Sun,Home,W,3,2,Burnley,2.2,1.5,53,,James Ward-Prowse,4/4/2002,4/4/2002,Andre Marriner,Match Report,,24,8,19,0,0,0,Southampton,2021
4/12/2021,18:00,Premier League,Matchweek 31,Mon,Away,L,0,3,West Brom,1.5,3,60,,James Ward-Prowse,4/4/2002,4-4-1-1,Simon Hooper,Match Report,,13,3,19.4,1,0,1,Southampton,2021
4/21/2021,18:00,Premier League,Matchweek 29,Wed,Away,L,1,2,Tottenham,0.8,1.4,38,,James Ward-Prowse,4/4/2002,4-2-3-1,David Coote,Match Report,,10,5,19.3,0,0,0,Southampton,2021
4/30/2021,20:00,Premier League,Matchweek 34,Fri,Home,D,1,1,Leicester City,0.9,1.9,30,,James Ward-Prowse,4/4/2002,3-4-1-2,Robert Jones,Match Report,,4,2,24.4,0,1,1,Southampton,2021
5/8/2021,20:15,Premier League,Matchweek 35,Sat,Away,L,0,2,Liverpool,1.1,1.7,46,,James Ward-Prowse,4/4/2002,4/3/2003,Kevin Friend,Match Report,,12,6,20.3,0,0,0,Southampton,2021
5/11/2021,20:15,Premier League,Matchweek 32,Tue,Home,W,3,1,Crystal Palace,1.2,1.5,62,,James Ward-Prowse,4/4/2002,4/3/2003,Andy Madley,Match Report,,13,6,15.8,1,0,0,Southampton,2021
5/15/2021,15:00,Premier League,Matchweek 36,Sat,Home,W,3,1,Fulham,1.6,0.8,47,,James Ward-Prowse,4/4/2002,3/4/2003,Craig Pawson,Match Report,,11,6,14.2,1,0,0,Southampton,2021
5/18/2021,18:00,Premier League,Matchweek 37,Tue,Home,L,0,2,Leeds United,1.6,1.7,51,8000,James Ward-Prowse,4/4/2002,3-3-3-1,Peter Bankes,Match Report,,18,3,21.4,1,0,0,Southampton,2021
5/23/2021,16:00,Premier League,Matchweek 38,Sun,Away,L,0,3,West Ham,1.5,1.3,62,10000,James Ward-Prowse,4/4/2002,4-2-3-1,Martin Atkinson,Match Report,,17,5,17,0,0,0,Southampton,2021
8/14/2021,15:00,Premier League,Matchweek 1,Sat,Away,L,1,3,Everton,0.8,2.4,52,38487,James Ward-Prowse,4/4/2002,4-2-3-1,Andy Madley,Match Report,,6,3,15.5,0,0,0,Southampton,2022
8/22/2021,14:00,Premier League,Matchweek 2,Sun,Home,D,1,1,Manchester Utd,0.7,1.8,37,32000,James Ward-Prowse,4/4/2002,4-2-3-1,Craig Pawson,Match Report,,8,3,21.5,2,0,0,Southampton,2022
8/28/2021,15:00,Premier League,Matchweek 3,Sat,Away,D,2,2,Newcastle Utd,3.6,1,63,44017,James Ward-Prowse,4/4/2002,3/5/2002,Paul Tierney,Match Report,,21,5,19.2,1,1,1,Southampton,2022
9/11/2021,15:00,Premier League,Matchweek 4,Sat,Home,D,0,0,West Ham,0.7,0.7,42,30000,James Ward-Prowse,4-1-4-1,4-2-3-1,David Coote,Match Report,,11,2,14.2,0,0,0,Southampton,2022
9/18/2021,15:00,Premier League,Matchweek 5,Sat,Away,D,0,0,Manchester City,0.4,1,36,52698,James Ward-Prowse,4/4/2002,4/3/2003,Jonathan Moss,Match Report,,10,2,19.8,0,0,0,Southampton,2022
9/26/2021,14:00,Premier League,Matchweek 6,Sun,Home,L,0,1,Wolves,1,1,57,28002,James Ward-Prowse,4/4/2002,3/4/2003,Andy Madley,Match Report,,18,6,20.7,1,0,0,Southampton,2022
10/2/2021,15:00,Premier League,Matchweek 7,Sat,Away,L,1,3,Chelsea,1.3,3.3,38,40109,James Ward-Prowse,4/4/2002,3/4/2003,Martin Atkinson,Match Report,,5,1,24,0,1,1,Southampton,2022
10/16/2021,15:00,Premier League,Matchweek 8,Sat,Home,W,1,0,Leeds United,1.9,0.2,46,30506,Oriol Romeu,4/4/2002,3-3-3-1,David Coote,Match Report,,19,4,18.7,1,0,0,Southampton,2022
10/23/2021,15:00,Premier League,Matchweek 9,Sat,Home,D,2,2,Burnley,1.6,0.7,61,29145,Oriol Romeu,4/4/2002,4/4/2002,Chris Kavanagh,Match Report,,16,4,16.9,0,0,0,Southampton,2022
10/30/2021,15:00,Premier League,Matchweek 10,Sat,Away,W,1,0,Watford,1.8,1,60,20869,James Ward-Prowse,4/4/2002,4-4-1-1,Peter Bankes,Match Report,,12,1,15,0,0,0,Southampton,2022
11/5/2021,20:00,Premier League,Matchweek 11,Fri,Home,W,1,0,Aston Villa,0.6,0.6,56,30178,James Ward-Prowse,4/4/2002,4-2-3-1,Andy Madley,Match Report,,9,3,15.6,0,0,0,Southampton,2022
11/20/2021,15:00,Premier League,Matchweek 12,Sat,Away,L,1,2,Norwich City,1,0.5,62,26885,James Ward-Prowse,4/4/2002,4/3/2003,Martin Atkinson,Match Report,,17,5,18.8,0,0,0,Southampton,2022
11/27/2021,15:00,Premier League,Matchweek 13,Sat,Away,L,0,4,Liverpool,1,2.9,36,53040,James Ward-Prowse,3/4/2003,4/3/2003,Andre Marriner,Match Report,,7,3,10.5,0,0,0,Southampton,2022
12/1/2021,19:30,Premier League,Matchweek 14,Wed,Home,D,2,2,Leicester City,1.5,1.5,45,26951,James Ward-Prowse,4/4/2002,4-2-3-1,Robert Jones,Match Report,,15,7,14.9,0,0,0,Southampton,2022
12/4/2021,15:00,Premier League,Matchweek 15,Sat,Home,D,1,1,Brighton,1.6,1.6,44,28706,James Ward-Prowse,4/4/2002,3/5/2002,Anthony Taylor,Match Report,,14,4,17.6,1,0,0,Southampton,2022
12/11/2021,15:00,Premier League,Matchweek 16,Sat,Away,L,0,3,Arsenal,0.6,1.8,39,59653,James Ward-Prowse,4/4/2002,4-4-1-1,Jarred Gillett,Match Report,,11,6,22.1,3,0,0,Southampton,2022
12/15/2021,19:30,Premier League,Matchweek 17,Wed,Away,D,2,2,Crystal Palace,0.6,1.2,41,22861,James Ward-Prowse,4/4/2002,4/3/2003,Simon Hooper,Match Report,,15,4,21.3,1,0,0,Southampton,2022
12/26/2021,15:00,Premier League,Matchweek 19,Sun,Away,W,3,2,West Ham,1.2,1.6,44,41027,James Ward-Prowse,4-1-4-1,4-2-3-1,Kevin Friend,Match Report,,10,5,22.8,0,1,1,Southampton,2022
12/28/2021,15:00,Premier League,Matchweek 20,Tue,Home,D,1,1,Tottenham,0.4,2.3,35,31304,James Ward-Prowse,5/3/2002,3/4/2003,Anthony Taylor,Match Report,,9,2,20.7,0,0,0,Southampton,2022
1/11/2022,19:45,Premier League,Matchweek 18,Tue,Home,W,4,1,Brentford,1.4,0.5,48,27383,James Ward-Prowse,3/5/2002,3/5/2002,Stuart Attwell,Match Report,,12,6,17.9,0,0,0,Southampton,2022
1/15/2022,15:00,Premier League,Matchweek 22,Sat,Away,L,1,3,Wolves,0.8,2.5,57,30057,James Ward-Prowse,3/5/2002,3/4/2003,Michael Salisbury,Match Report,,13,10,20.4,2,0,0,Southampton,2022
1/22/2022,17:30,Premier League,Matchweek 23,Sat,Home,D,1,1,Manchester City,0.8,1.8,26,31178,James Ward-Prowse,4/4/2002,4/3/2003,Simon Hooper,Match Report,,7,3,11,0,0,0,Southampton,2022
2/9/2022,19:45,Premier League,Matchweek 24,Wed,Away,W,3,2,Tottenham,2.2,1.4,52,54012,James Ward-Prowse,4/4/2002,3/4/2003,David Coote,Match Report,,23,9,16.8,0,0,0,Southampton,2022
2/12/2022,12:30,Premier League,Matchweek 25,Sat,Away,D,1,1,Manchester Utd,0.8,2.1,47,73084,James Ward-Prowse,4/4/2002,4-2-3-1,Stuart Attwell,Match Report,,13,4,21.1,0,0,0,Southampton,2022
2/19/2022,15:00,Premier League,Matchweek 26,Sat,Home,W,2,0,Everton,2.5,0.3,55,31312,James Ward-Prowse,4/4/2002,4/4/2002,Andy Madley,Match Report,,19,11,15.4,1,0,0,Southampton,2022
2/25/2022,20:00,Premier League,Matchweek 27,Fri,Home,W,2,0,Norwich City,2.6,0.6,58,31182,James Ward-Prowse,4/4/2002,4-1-4-1,Simon Hooper,Match Report,,27,9,15.9,1,0,0,Southampton,2022
3/5/2022,15:00,Premier League,Matchweek 28,Sat,Away,L,0,4,Aston Villa,1.1,2.5,62,41855,James Ward-Prowse,4/4/2002,4-3-1-2,Peter Bankes,Match Report,,11,1,19.1,1,0,0,Southampton,2022
3/10/2022,19:30,Premier League,Matchweek 21,Thu,Home,L,1,2,Newcastle Utd,1.1,0.6,67,30056,James Ward-Prowse,4/4/2002,4/3/2003,Kevin Friend,Match Report,,14,5,13.9,0,0,0,Southampton,2022
3/13/2022,14:00,Premier League,Matchweek 29,Sun,Home,L,1,2,Watford,1.4,1.7,63,28863,James Ward-Prowse,4/4/2002,4/3/2003,Graham Scott,Match Report,,13,6,12.8,1,0,0,Southampton,2022
4/2/2022,15:00,Premier League,Matchweek 31,Sat,Away,D,1,1,Leeds United,1.4,1.2,44,36580,James Ward-Prowse,4-3-1-2,4-2-3-1,Anthony Taylor,Match Report,,14,5,16.4,1,0,0,Southampton,2022
4/9/2022,15:00,Premier League,Matchweek 32,Sat,Home,L,0,6,Chelsea,0.5,4.2,30,31359,James Ward-Prowse,4/4/2002,3-4-1-2,Kevin Friend,Match Report,,4,1,17,0,0,0,Southampton,2022
4/16/2022,15:00,Premier League,Matchweek 33,Sat,Home,W,1,0,Arsenal,0.8,1.7,25,31465,James Ward-Prowse,3/4/2003,4-2-3-1,Peter Bankes,Match Report,,9,3,15.9,1,0,0,Southampton,2022
4/21/2022,19:45,Premier League,Matchweek 30,Thu,Away,L,0,2,Burnley,0.9,1.5,56,17384,James Ward-Prowse,3-1-4-2,4/4/2002,Stuart Attwell,Match Report,,11,3,15.1,1,0,0,Southampton,2022
4/24/2022,14:00,Premier League,Matchweek 34,Sun,Away,D,2,2,Brighton,0.9,1.7,52,31335,James Ward-Prowse,4/4/2002,4-3-1-2,Robert Jones,Match Report,,18,5,20.4,1,0,0,Southampton,2022
4/30/2022,15:00,Premier League,Matchweek 35,Sat,Home,L,1,2,Crystal Palace,0.6,1.1,38,31359,James Ward-Prowse,4/4/2002,4/3/2003,Jarred Gillett,Match Report,,8,3,16.4,0,0,0,Southampton,2022
5/7/2022,15:00,Premier League,Matchweek 36,Sat,Away,L,0,3,Brentford,1.4,2.6,59,17051,James Ward-Prowse,4/4/2002,4/3/2003,Michael Salisbury,Match Report,,19,4,18.8,2,0,0,Southampton,2022
5/17/2022,19:45,Premier League,Matchweek 37,Tue,Home,L,1,2,Liverpool,0.1,1.3,30,31588,James Ward-Prowse,5/4/2001,4/3/2003,Martin Atkinson,Match Report,,4,2,25.2,1,0,0,Southampton,2022
5/22/2022,16:00,Premier League,Matchweek 38,Sun,Away,L,1,4,Leicester City,1.1,3.4,49,32003,James Ward-Prowse,4/4/2002,4-2-3-1,Jonathan Moss,Match Report,,6,1,18.9,1,1,1,Southampton,2022
8/6/2022,15:00,Premier League,Matchweek 1,Sat,Away,L,1,4,Tottenham,0.5,1.5,42,61732,James Ward-Prowse,5/3/2002,3/4/2003,Andre Marriner,Match Report,,10,2,17.1,0,0,0,Southampton,2023
8/13/2022,15:00,Premier League,Matchweek 2,Sat,Home,D,2,2,Leeds United,1.2,1.8,43,30815,James Ward-Prowse,3/4/2003,4-2-3-1,Tony Harrington,Match Report,,14,4,18.1,1,0,0,Southampton,2023
8/20/2022,15:00,Premier League,Matchweek 3,Sat,Away,W,2,1,Leicester City,0.9,0.3,38,30850,James Ward-Prowse,4-2-3-1,4-1-4-1,Michael Salisbury,Match Report,,9,3,15,0,0,0,Southampton,2023
8/27/2022,12:30,Premier League,Matchweek 4,Sat,Home,L,0,1,Manchester Utd,1.4,1.1,49,31196,James Ward-Prowse,4-2-3-1,4-2-3-1,Andy Madley,Match Report,,17,4,13.8,0,0,0,Southampton,2023
8/30/2022,19:45,Premier League,Matchweek 5,Tue,Home,W,2,1,Chelsea,1.1,1.1,33,31542,James Ward-Prowse,4-2-3-1,4-2-2-2,Michael Oliver,Match Report,,9,5,17.8,0,0,0,Southampton,2023
9/3/2022,15:00,Premier League,Matchweek 6,Sat,Away,L,0,1,Wolves,1.2,0.8,49,30546,James Ward-Prowse,4-2-3-1,4/3/2003,John Brooks,Match Report,,12,1,16.4,1,0,0,Southampton,2023
9/16/2022,20:00,Premier League,Matchweek 8,Fri,Away,L,0,1,Aston Villa,0.3,1.5,47,40758,James Ward-Prowse,4-2-3-1,4-3-2-1,Tony Harrington,Match Report,,7,1,20.2,0,0,0,Southampton,2023
10/1/2022,15:00,Premier League,Matchweek 9,Sat,Home,L,1,2,Everton,1.7,2,55,30510,James Ward-Prowse,4/4/2002,4/3/2003,Andre Marriner,Match Report,,22,6,16.4,1,0,0,Southampton,2023
10/8/2022,15:00,Premier League,Matchweek 10,Sat,Away,L,0,4,Manchester City,0.2,2.4,35,53365,James Ward-Prowse,4/4/2002,4-2-3-1,Andy Madley,Match Report,,5,0,28.1,0,0,0,Southampton,2023
10/16/2022,14:00,Premier League,Matchweek 11,Sun,Home,D,1,1,West Ham,0.5,1.7,39,29159,James Ward-Prowse,4/3/2003,3/4/2003,Peter Bankes,Match Report,,10,8,19.6,0,0,0,Southampton,2023
10/19/2022,19:30,Premier League,Matchweek 12,Wed,Away,W,1,0,Bournemouth,1,1,46,10405,James Ward-Prowse,4/4/2002,3/4/2003,John Brooks,Match Report,,9,3,13,0,0,0,Southampton,2023
10/23/2022,14:00,Premier League,Matchweek 13,Sun,Home,D,1,1,Arsenal,0.7,1,41,31145,James Ward-Prowse,4/4/2002,4/3/2003,Robert Jones,Match Report,,10,3,19.4,0,0,0,Southampton,2023
10/29/2022,15:00,Premier League,Matchweek 14,Sat,Away,L,0,1,Crystal Palace,1.3,0.9,56,25130,James Ward-Prowse,3/5/2002,4/3/2003,Michael Salisbury,Match Report,,14,4,18.1,0,0,0,Southampton,2023
11/6/2022,14:00,Premier League,Matchweek 15,Sun,Home,L,1,4,Newcastle Utd,1.7,0.9,55,30402,James Ward-Prowse,4-2-3-1,4/3/2003,Stuart Attwell,Match Report,,16,5,17.6,1,0,0,Southampton,2023
11/12/2022,15:00,Premier League,Matchweek 16,Sat,Away,L,1,3,Liverpool,1.1,1.9,40,53331,James Ward-Prowse,5/3/2002,4/3/2003,Simon Hooper,Match Report,,9,5,11.9,0,0,0,Southampton,2023
12/26/2022,15:00,Premier League,Matchweek 17,Mon,Home,L,1,3,Brighton,1.9,0.6,34,31010,James Ward-Prowse,4-2-3-1,4-2-3-1,Robert Jones,Match Report,,13,3,16.1,1,0,1,Southampton,2023
12/31/2022,15:00,Premier League,Matchweek 18,Sat,Away,L,1,2,Fulham,0.8,1.5,38,24344,James Ward-Prowse,3/4/2003,4-2-3-1,Graham Scott,Match Report,,9,3,24.5,1,0,0,Southampton,2023
1/4/2023,19:30,Premier League,Matchweek 19,Wed,Home,L,0,1,Nott'ham Forest,0.5,1.4,63,30150,James Ward-Prowse,3-1-4-2,4-3-1-2,Thomas Bramall,Match Report,,8,0,14.5,1,0,0,Southampton,2023
1/14/2023,15:00,Premier League,Matchweek 20,Sat,Away,W,2,1,Everton,1.2,1.4,48,39305,James Ward-Prowse,4-2-3-1,3/4/2003,John Brooks,Match Report,,13,5,20.7,2,0,0,Southampton,2023
1/21/2023,15:00,Premier League,Matchweek 21,Sat,Home,L,0,1,Aston Villa,0.6,1.4,37,30158,James Ward-Prowse,4-2-3-1,4/4/2002,Michael Salisbury,Match Report,,8,5,15.8,0,0,0,Southampton,2023
2/4/2023,15:00,Premier League,Matchweek 22,Sat,Away,L,0,3,Brentford,0.7,2,51,17051,James Ward-Prowse,4-2-3-1,4/3/2003,Darren Bond,Match Report,,14,5,23.5,0,0,0,Southampton,2023
2/11/2023,15:00,Premier League,Matchweek 23,Sat,Home,L,1,2,Wolves,1.1,0.8,41,29751,James Ward-Prowse,5/3/2002,4-2-3-1,Jarred Gillett,Match Report,,17,2,17.7,0,0,0,Southampton,2023
2/18/2023,15:00,Premier League,Matchweek 24,Sat,Away,W,1,0,Chelsea,0.6,1.6,38,40152,James Ward-Prowse,4/4/2002,4-2-3-1,David Coote,Match Report,,8,4,19.7,1,0,0,Southampton,2023
2/25/2023,15:00,Premier League,Matchweek 25,Sat,Away,L,0,1,Leeds United,0.4,0.9,39,36641,James Ward-Prowse,4/4/2002,4-2-3-1,Peter Bankes,Match Report,,8,2,18.8,0,0,0,Southampton,2023
3/4/2023,17:30,Premier League,Matchweek 26,Sat,Home,W,1,0,Leicester City,1.4,1.9,35,30139,James Ward-Prowse,4-2-3-1,4-2-3-1,Robert Jones,Match Report,,10,4,23.6,1,0,1,Southampton,2023
3/12/2023,14:00,Premier League,Matchweek 27,Sun,Away,D,0,0,Manchester Utd,1,0.8,53,73439,James Ward-Prowse,4-2-3-1,4-1-4-1,Anthony Taylor,Match Report,,17,4,21.2,2,0,0,Southampton,2023
3/15/2023,19:30,Premier League,Matchweek 7,Wed,Home,L,0,2,Brentford,0.5,1.9,66,30438,James Ward-Prowse,4-2-3-1,4/3/2003,Michael Salisbury,Match Report,,7,0,19.2,1,0,0,Southampton,2023
3/18/2023,15:00,Premier League,Matchweek 28,Sat,Home,D,3,3,Tottenham,2.4,2.3,51,30157,James Ward-Prowse,4/4/2002,3/4/2003,Simon Hooper,Match Report,,18,6,19.6,1,1,1,Southampton,2023
4/2/2023,14:00,Premier League,Matchweek 29,Sun,Away,L,0,1,West Ham,0.3,1.4,57,62498,James Ward-Prowse,4/4/2002,4/3/2003,Paul Tierney,Match Report,,9,3,21.1,0,0,0,Southampton,2023
4/8/2023,17:30,Premier League,Matchweek 30,Sat,Home,L,1,4,Manchester City,0.4,2.9,27,30963,James Ward-Prowse,4/4/2002,3-2-4-1,Robert Jones,Match Report,,4,1,17,0,0,0,Southampton,2023
4/15/2023,15:00,Premier League,Matchweek 31,Sat,Home,L,0,2,Crystal Palace,0.8,0.9,58,30309,James Ward-Prowse,4/4/2002,4/3/2003,Michael Oliver,Match Report,,11,4,18,0,0,0,Southampton,2023
4/21/2023,20:00,Premier League,Matchweek 32,Fri,Away,D,3,3,Arsenal,1.3,2.4,26,60175,James Ward-Prowse,4/4/2002,4/3/2003,Simon Hooper,Match Report,,8,6,12.4,0,0,0,Southampton,2023
4/27/2023,19:45,Premier League,Matchweek 33,Thu,Home,L,0,1,Bournemouth,0.5,0.9,57,30414,James Ward-Prowse,4/4/2002,3/4/2003,Darren England,Match Report,,11,2,19.9,0,0,0,Southampton,2023
4/30/2023,14:00,Premier League,Matchweek 34,Sun,Away,L,1,3,Newcastle Utd,0.8,4.3,37,52234,James Ward-Prowse,4/4/2002,4/3/2003,Anthony Taylor,Match Report,,4,3,17.3,0,0,0,Southampton,2023
5/8/2023,20:00,Premier League,Matchweek 35,Mon,Away,L,3,4,Nott'ham Forest,3.1,1.8,64,29154,James Ward-Prowse,4-2-3-1,4/3/2003,Michael Oliver,Match Report,,18,4,14,0,1,1,Southampton,2023
5/13/2023,15:00,Premier League,Matchweek 36,Sat,Home,L,0,2,Fulham,0.4,1.4,36,28978,James Ward-Prowse,4-2-3-1,4-2-3-1,Thomas Bramall,Match Report,,5,1,24.2,0,0,0,Southampton,2023
5/21/2023,14:00,Premier League,Matchweek 37,Sun,Away,L,1,3,Brighton,0.6,2.5,37,31507,James Ward-Prowse,4-1-4-1,4-2-3-1,Paul Tierney,Match Report,,5,1,13.8,1,0,0,Southampton,2023
5/28/2023,16:30,Premier League,Matchweek 38,Sun,Home,D,4,4,Liverpool,1.8,4,31,31129,James Ward-Prowse,4-2-3-1,4/3/2003,Darren England,Match Report,,15,10,17.5,1,0,0,Southampton,2023
8/17/2024,15:00,Premier League,Matchweek 1,Sat,Away,L,0,1,Newcastle Utd,1.8,0.3,77,52196,Jack Stephens,3/5/2002,4/3/2003,Craig Pawson,Match Report,,19,3,17,1,0,0,Southampton,2025
8/24/2024,15:00,Premier League,Matchweek 2,Sat,Home,L,0,1,Nott'ham Forest,0.1,2.2,64,31150,Jack Stephens,3/5/2002,4-2-3-1,Samuel Barrott,Match Report,,5,1,19.7,0,0,0,Southampton,2025
8/31/2024,15:00,Premier League,Matchweek 3,Sat,Away,L,1,3,Brentford,1.5,2.8,63,16955,Jack Stephens,3/5/2002,4/3/2003,Joshua Smith,Match Report,,18,6,18.1,1,0,0,Southampton,2025
9/14/2024,12:30,Premier League,Matchweek 4,Sat,Home,L,0,3,Manchester Utd,1.1,2.6,44,31144,Jack Stephens,4-2-3-1,4-2-3-1,Stuart Attwell,Match Report,,5,2,17.4,0,0,1,Southampton,2025
9/21/2024,15:00,Premier League,Matchweek 5,Sat,Home,D,1,1,Ipswich Town,2.4,1.6,53,31117,Flynn Downes,4-2-3-1,4-2-3-1,Samuel Allison,Match Report,,11,3,13.7,0,0,0,Southampton,2025
9/30/2024,20:00,Premier League,Matchweek 6,Mon,Away,L,1,3,Bournemouth,0.6,1.3,60,11243,Flynn Downes,4-2-3-1,4-2-3-1,Michael Oliver,Match Report,,9,3,18.4,0,0,0,Southampton,2025
10/5/2024,15:00,Premier League,Matchweek 7,Sat,Away,L,1,3,Arsenal,0.6,2.8,41,60307,Flynn Downes,5/4/2001,4/4/2002,Tony Harrington,Match Report,,8,2,16.4,0,0,0,Southampton,2025
10/19/2024,15:00,Premier League,Matchweek 8,Sat,Home,L,2,3,Leicester City,2.1,3.1,42,31145,Flynn Downes,4/5/2001,4-2-3-1,Anthony Taylor,Match Report,,14,7,9.6,0,0,0,Southampton,2025
10/26/2024,15:00,Premier League,Matchweek 9,Sat,Away,L,0,1,Manchester City,0.2,2.9,43,52844,Jack Stephens,5/4/2001,4-1-4-1,Tony Harrington,Match Report,,5,2,13.8,0,0,0,Southampton,2025
11/2/2024,15:00,Premier League,Matchweek 10,Sat,Home,W,1,0,Everton,0.7,1.6,65,31143,Jack Stephens,5/4/2001,4-2-3-1,Andy Madley,Match Report,,9,2,13.4,0,0,0,Southampton,2025
11/9/2024,15:00,Premier League,Matchweek 11,Sat,Away,L,0,2,Wolves,0.6,1.3,71,31403,Jack Stephens,5/4/2001,4-2-3-1,Thomas Bramall,Match Report,,9,0,20.6,1,0,0,Southampton,2025
11/24/2024,14:00,Premier League,Matchweek 12,Sun,Home,L,2,3,Liverpool,1.3,3.1,38,31278,Jack Stephens,5/4/2001,4-2-3-1,Samuel Barrott,Match Report,,6,4,19,0,0,1,Southampton,2025
11/29/2024,20:00,Premier League,Matchweek 13,Fri,Away,D,1,1,Brighton,1,1.7,47,31542,Jack Stephens,5/4/2001,4/4/2002,Robert Jones,Match Report,,10,2,16.8,0,0,0,Southampton,2025
12/4/2024,19:30,Premier League,Matchweek 14,Wed,Home,L,1,5,Chelsea,1.6,5.2,45,31193,Jack Stephens,5/3/2002,4-2-3-1,Tony Harrington,Match Report,,6,4,9.7,0,0,0,Southampton,2025
12/7/2024,15:00,Premier League,Matchweek 15,Sat,Away,L,0,1,Aston Villa,0.3,2.3,53,42453,Adam Armstrong,5/3/2002,4-2-3-1,Darren Bond,Match Report,,4,0,14.5,0,0,0,Southampton,2025
12/15/2024,19:00,Premier League,Matchweek 16,Sun,Home,L,0,5,Tottenham,0.8,2.3,42,31090,Adam Armstrong,4-3-1-2,4-2-3-1,Darren England,Match Report,,9,3,18.1,0,0,0,Southampton,2025
12/22/2024,14:00,Premier League,Matchweek 17,Sun,Away,D,0,0,Fulham,0.3,0.9,43,26819,Jan Bednarek,3-4-1-2,4-2-3-1,Tim Robinson,Match Report,,5,1,20.1,1,0,0,Southampton,2025
12/26/2024,15:00,Premier League,Matchweek 18,Thu,Home,L,0,1,West Ham,1.4,1.7,54,31059,Jan Bednarek,3-4-1-2,4-1-4-1,Lewis Smith,Match Report,,18,5,12.8,0,0,0,Southampton,2025
12/29/2024,15:00,Premier League,Matchweek 19,Sun,Away,L,1,2,Crystal Palace,0.9,2,53,25130,Jan Bednarek,3/4/2003,3/4/2003,Michael Salisbury,Match Report,,7,3,10.7,0,0,0,Southampton,2025
1/4/2025,15:00,Premier League,Matchweek 20,Sat,Home,L,0,5,Brentford,0.3,4.4,50,31001,Jan Bednarek,3/4/2003,4/3/2003,Stuart Attwell,Match Report,,8,1,22.1,0,0,0,Southampton,2025
1/16/2025,20:00,Premier League,Matchweek 21,Thu,Away,L,1,3,Manchester Utd,1.4,3.4,40,73722,Jan Bednarek,3-4-1-2,3/4/2003,John Brooks,Match Report,,13,5,17,1,0,0,Southampton,2025
1/19/2025,14:00,Premier League,Matchweek 22,Sun,Away,L,2,3,Nott'ham Forest,0.9,1.8,55,30180,Jan Bednarek,3-4-1-2,4-2-3-1,Anthony Taylor,Match Report,,10,3,13.6,0,0,0,Southampton,2025
1/25/2025,15:00,Premier League,Matchweek 23,Sat,Home,L,1,3,Newcastle Utd,0.8,2.9,53,31141,Jan Bednarek,3-4-1-2,4/3/2003,Samuel Barrott,Match Report,,12,5,18.1,0,0,0,Southampton,2025
2/1/2025,15:00,Premier League,Matchweek 24,Sat,Away,W,2,1,Ipswich Town,0.9,1.8,43,29902,Jan Bednarek,3/4/2003,4-2-3-1,Michael Oliver,Match Report,,9,4,14.8,0,0,0,Southampton,2025
2/15/2025,15:00,Premier League,Matchweek 25,Sat,Home,L,1,3,Bournemouth,0.8,1.2,44,31037,Jan Bednarek,3-4-1-2,4-2-3-1,Jarred Gillett,Match Report,,11,4,19.3,0,0,0,Southampton,2025
2/22/2025,15:00,Premier League,Matchweek 26,Sat,Home,L,0,4,Brighton,0.1,3.9,50,30775,Jan Bednarek,3/4/2003,4-2-3-1,Darren Bond,Match Report,,6,1,24.5,0,0,0,Southampton,2025
2/25/2025,20:15,Premier League,Matchweek 27,Tue,Away,L,0,4,Chelsea,0.7,2.4,40,39485,Aaron Ramsdale,5/4/2001,4-2-3-1,Thomas Bramall,Match Report,,7,2,17,0,0,0,Southampton,2025
3/8/2025,15:00,Premier League,Matchweek 28,Sat,Away,L,1,3,Liverpool,0.4,3.9,29,60399,Jan Bednarek,4-2-3-1,4/3/2003,Lewis Smith,Match Report,,6,4,17.5,0,0,0,Southampton,2025
3/15/2025,15:00,Premier League,Matchweek 29,Sat,Home,L,1,2,Wolves,1.3,0.4,60,30950,Aaron Ramsdale,3/4/2003,3/4/2003,Robert Jones,Match Report,,10,3,13.2,0,0,0,Southampton,2025
4/2/2025,19:45,Premier League,Matchweek 30,Wed,Home,D,1,1,Crystal Palace,0.7,0.7,43,30158,Jack Stephens,3/4/2003,3/4/2003,Andy Madley,Match Report,,8,2,13.6,0,0,0,Southampton,2025
4/6/2025,14:00,Premier League,Matchweek 31,Sun,Away,L,1,3,Tottenham,1,2.1,49,60984,Jan Bednarek,4-2-3-1,4/3/2003,Michael Salisbury,Match Report,,12,4,17.5,0,0,0,Southampton,2025
4/12/2025,15:00,Premier League,Matchweek 32,Sat,Home,L,0,3,Aston Villa,0.3,3,40,30199,Jack Stephens,3/4/2003,4-2-3-1,Thomas Bramall,Match Report,,7,2,17.7,0,0,0,Southampton,2025
4/19/2025,15:00,Premier League,Matchweek 33,Sat,Away,D,1,1,West Ham,0.6,0.9,48,62461,Jack Stephens,3/4/2003,4-2-3-1,Andrew Kitchen,Match Report,,15,4,20.1,1,0,0,Southampton,2025
4/26/2025,15:00,Premier League,Matchweek 34,Sat,Home,L,1,2,Fulham,0.6,2.4,35,28946,Jack Stephens,3/4/2003,4/3/2003,Tony Harrington,Match Report,,7,3,16.6,0,0,0,Southampton,2025
5/3/2025,15:00,Premier League,Matchweek 35,Sat,Away,L,0,2,Leicester City,0.5,1.4,51,31240,Jack Stephens,3/4/2003,4-2-3-1,David Webb,Match Report,,8,2,14.4,0,0,0,Southampton,2025
5/10/2025,15:00,Premier League,Matchweek 36,Sat,Home,D,0,0,Manchester City,0.1,1.7,28,30937,Jack Stephens,3/4/2003,4-2-3-1,Tim Robinson,Match Report,,2,0,17.2,0,0,0,Southampton,2025
5/18/2025,12:00,Premier League,Matchweek 37,Sun,Away,L,0,2,Everton,1.2,2.7,50,39201,Jack Stephens,3/4/2003,4-2-3-1,Michael Oliver,Match Report,,6,2,12.5,0,0,0,Southampton,2025
5/25/2025,16:00,Premier League,Matchweek 38,Sun,Home,L,1,2,Arsenal,0.6,2.3,38,31289,Aaron Ramsdale,5/4/2001,4-2-3-1,Darren Bond,Match Report,,7,2,16.3,1,0,0,Southampton,2025
9/13/2020,16:30,Premier League,Matchweek 1,Sun,Home,L,0,1,Everton,1.1,1.2,52,,Hugo Lloris,4-2-3-1,4/3/2003,Martin Atkinson,Match Report,,9,5,12.6,0,0,0,Tottenham Hotspur,2021
9/20/2020,12:00,Premier League,Matchweek 2,Sun,Away,W,5,2,Southampton,2.1,2,49,,Hugo Lloris,4/3/2003,4/4/2002,David Coote,Match Report,,9,6,17.4,0,0,0,Tottenham Hotspur,2021
9/27/2020,14:00,Premier League,Matchweek 3,Sun,Home,D,1,1,Newcastle Utd,2.9,1,66,,Hugo Lloris,4-2-3-1,5/4/2001,Peter Bankes,Match Report,,23,12,14.7,2,0,0,Tottenham Hotspur,2021
10/4/2020,16:30,Premier League,Matchweek 4,Sun,Away,W,6,1,Manchester Utd,3.4,0.9,61,,Hugo Lloris,4/3/2003,4-2-3-1,Anthony Taylor,Match Report,,21,7,16.4,1,1,1,Tottenham Hotspur,2021
10/18/2020,16:30,Premier League,Matchweek 5,Sun,Home,D,3,3,West Ham,1.7,1.9,50,,Hugo Lloris,4-2-3-1,5/4/2001,Paul Tierney,Match Report,,11,6,19.8,1,0,0,Tottenham Hotspur,2021
10/26/2020,20:00,Premier League,Matchweek 6,Mon,Away,W,1,0,Burnley,0.6,1,61,,Hugo Lloris,4-2-3-1,4/4/2002,Michael Oliver,Match Report,,9,3,14.5,0,0,0,Tottenham Hotspur,2021
11/1/2020,19:15,Premier League,Matchweek 7,Sun,Home,W,2,1,Brighton,1.7,0.3,44,,Hugo Lloris,4-2-3-1,3-5-1-1,Graham Scott,Match Report,,8,2,18.7,1,1,1,Tottenham Hotspur,2021
11/8/2020,12:00,Premier League,Matchweek 8,Sun,Away,W,1,0,West Brom,1.9,0.8,58,,Harry Kane,4-2-3-1,5/3/2002,Andy Madley,Match Report,,19,5,17.5,1,0,0,Tottenham Hotspur,2021
11/21/2020,17:30,Premier League,Matchweek 9,Sat,Home,W,2,0,Manchester City,0.7,1.4,34,,Hugo Lloris,4-2-3-1,4/3/2003,Mike Dean,Match Report,,4,2,21.3,1,0,0,Tottenham Hotspur,2021
11/29/2020,16:30,Premier League,Matchweek 10,Sun,Away,D,0,0,Chelsea,0.2,0.8,40,,Hugo Lloris,4-2-3-1,4/3/2003,Paul Tierney,Match Report,,5,1,23.8,1,0,0,Tottenham Hotspur,2021
12/6/2020,16:30,Premier League,Matchweek 11,Sun,Home,W,2,0,Arsenal,0.3,0.6,31,2000,Hugo Lloris,4-2-3-1,4-2-3-1,Martin Atkinson,Match Report,,5,3,23.3,1,0,0,Tottenham Hotspur,2021
12/13/2020,14:15,Premier League,Matchweek 12,Sun,Away,D,1,1,Crystal Palace,0.9,1.6,56,2000,Hugo Lloris,4-2-3-1,4/4/2002,Kevin Friend,Match Report,,14,6,20.4,3,0,0,Tottenham Hotspur,2021
12/16/2020,20:00,Premier League,Matchweek 13,Wed,Away,L,1,2,Liverpool,1.1,1,25,2000,Hugo Lloris,4/4/2002,4/3/2003,Anthony Taylor,Match Report,,8,2,19.2,1,0,0,Tottenham Hotspur,2021
12/20/2020,14:15,Premier League,Matchweek 14,Sun,Home,L,0,2,Leicester City,0.7,1.7,56,,Hugo Lloris,4-2-3-1,4-2-3-1,Craig Pawson,Match Report,,8,3,16.5,2,0,0,Tottenham Hotspur,2021
12/27/2020,19:15,Premier League,Matchweek 15,Sun,Away,D,1,1,Wolves,0.4,0.9,45,,Hugo Lloris,3-4-1-2,4-2-3-1,Paul Tierney,Match Report,,6,3,17.2,1,0,0,Tottenham Hotspur,2021
1/2/2021,12:30,Premier League,Matchweek 17,Sat,Home,W,3,0,Leeds United,2.6,1.1,37,,Hugo Lloris,4-2-3-1,4-1-4-1,David Coote,Match Report,,19,6,19,0,1,1,Tottenham Hotspur,2021
1/13/2021,20:15,Premier League,Matchweek 16,Wed,Home,D,1,1,Fulham,2.4,1.1,53,,Hugo Lloris,4-2-3-1,3/5/2002,Paul Tierney,Match Report,,15,6,15.7,1,0,0,Tottenham Hotspur,2021
1/17/2021,14:00,Premier League,Matchweek 19,Sun,Away,W,3,1,Sheffield Utd,1,0.9,57,,Hugo Lloris,3/4/2003,3/5/2002,Andre Marriner,Match Report,,14,5,22.1,0,0,0,Tottenham Hotspur,2021
1/28/2021,20:00,Premier League,Matchweek 20,Thu,Home,L,1,3,Liverpool,0.1,2.5,50,,Hugo Lloris,3/4/2003,4/3/2003,Martin Atkinson,Match Report,,3,2,35,0,0,0,Tottenham Hotspur,2021
1/31/2021,19:15,Premier League,Matchweek 21,Sun,Away,L,0,1,Brighton,0.4,1.6,57,,Hugo Lloris,3/4/2003,3/4/2003,Peter Bankes,Match Report,,8,4,21.2,1,0,0,Tottenham Hotspur,2021
2/4/2021,20:00,Premier League,Matchweek 22,Thu,Home,L,0,1,Chelsea,0.6,1.6,43,,Hugo Lloris,4-2-2-2,3-4-1-2,Andre Marriner,Match Report,,7,2,20.9,1,0,0,Tottenham Hotspur,2021
2/7/2021,12:00,Premier League,Matchweek 23,Sun,Home,W,2,0,West Brom,1.5,0.6,65,,Hugo Lloris,4-2-3-1,4-1-4-1,Stuart Attwell,Match Report,,13,6,16.7,0,0,0,Tottenham Hotspur,2021
2/13/2021,17:30,Premier League,Matchweek 24,Sat,Away,L,0,3,Manchester City,0.3,2.2,40,,Hugo Lloris,4-2-3-1,4/3/2003,Paul Tierney,Match Report,,7,3,20.9,1,0,0,Tottenham Hotspur,2021
2/21/2021,12:00,Premier League,Matchweek 25,Sun,Away,L,1,2,West Ham,1.1,1.1,68,,Hugo Lloris,4-2-3-1,4-2-3-1,Craig Pawson,Match Report,,20,4,19.4,2,0,0,Tottenham Hotspur,2021
2/28/2021,14:00,Premier League,Matchweek 26,Sun,Home,W,4,0,Burnley,2.1,0.7,58,,Hugo Lloris,4-2-3-1,4/4/2002,Kevin Friend,Match Report,,16,7,18.9,0,0,0,Tottenham Hotspur,2021
3/4/2021,18:00,Premier League,Matchweek 33,Thu,Away,W,1,0,Fulham,1.6,0.7,40,,Hugo Lloris,4-2-3-1,4/4/2002,David Coote,Match Report,,9,2,18.9,2,0,0,Tottenham Hotspur,2021
3/7/2021,19:15,Premier League,Matchweek 27,Sun,Home,W,4,1,Crystal Palace,2.7,0.5,63,,Hugo Lloris,4-2-3-1,4/4/2002,Stuart Attwell,Match Report,,12,5,12.5,1,0,0,Tottenham Hotspur,2021
3/14/2021,16:30,Premier League,Matchweek 28,Sun,Away,L,1,2,Arsenal,0.4,1.7,48,,Hugo Lloris,4-2-3-1,4-2-3-1,Michael Oliver,Match Report,,6,3,18.9,2,0,0,Tottenham Hotspur,2021
3/21/2021,19:30,Premier League,Matchweek 18,Sun,Away,W,2,0,Aston Villa,1.8,0.4,50,,Hugo Lloris,4/4/2002,4-2-3-1,Mike Dean,Match Report,,8,2,18.8,0,1,1,Tottenham Hotspur,2021
4/4/2021,14:05,Premier League,Matchweek 30,Sun,Away,D,2,2,Newcastle Utd,2.7,3.4,58,,Hugo Lloris,4/4/2002,5/3/2002,Craig Pawson,Match Report,,11,4,16,3,0,0,Tottenham Hotspur,2021
4/11/2021,16:30,Premier League,Matchweek 31,Sun,Home,L,1,3,Manchester Utd,0.9,2.1,47,,Hugo Lloris,4/3/2003,4-2-3-1,Chris Kavanagh,Match Report,,12,3,16.5,0,0,0,Tottenham Hotspur,2021
4/16/2021,20:00,Premier League,Matchweek 32,Fri,Away,D,2,2,Everton,1.4,1.8,47,,Hugo Lloris,3-4-1-2,4/4/2002,Michael Oliver,Match Report,,12,3,19.3,0,0,0,Tottenham Hotspur,2021
4/21/2021,18:00,Premier League,Matchweek 29,Wed,Home,W,2,1,Southampton,1.4,0.8,62,,Hugo Lloris,4-2-3-1,4/4/2002,David Coote,Match Report,,11,2,19,1,1,1,Tottenham Hotspur,2021
5/2/2021,19:15,Premier League,Matchweek 34,Sun,Home,W,4,0,Sheffield Utd,2.2,0.5,66,,Hugo Lloris,4-2-3-1,3-4-1-2,Andre Marriner,Match Report,,20,10,19.6,2,0,0,Tottenham Hotspur,2021
5/8/2021,12:30,Premier League,Matchweek 35,Sat,Away,L,1,3,Leeds United,0.9,2.5,47,,Hugo Lloris,4-2-3-1,4-1-4-1,Michael Oliver,Match Report,,11,3,16.8,1,0,0,Tottenham Hotspur,2021
5/16/2021,14:05,Premier League,Matchweek 36,Sun,Home,W,2,0,Wolves,3.2,0.9,62,,Hugo Lloris,4-2-3-1,4-2-3-1,Martin Atkinson,Match Report,,24,11,17.3,1,0,0,Tottenham Hotspur,2021
5/19/2021,18:00,Premier League,Matchweek 37,Wed,Home,L,1,2,Aston Villa,0.8,1.4,60,10000,Hugo Lloris,4-2-3-1,4-2-3-1,Craig Pawson,Match Report,,10,4,17.6,0,0,0,Tottenham Hotspur,2021
5/23/2021,16:00,Premier League,Matchweek 38,Sun,Away,W,4,2,Leicester City,1.5,1.9,53,8000,Hugo Lloris,4-2-3-1,4/4/2002,Anthony Taylor,Match Report,,11,4,13.9,0,0,0,Tottenham Hotspur,2021
8/15/2021,16:30,Premier League,Matchweek 1,Sun,Home,W,1,0,Manchester City,1,1.8,35,58262,Hugo Lloris,4/3/2003,4/3/2003,Anthony Taylor,Match Report,,13,2,20.3,0,0,0,Tottenham Hotspur,2022
8/22/2021,14:00,Premier League,Matchweek 2,Sun,Away,W,1,0,Wolves,1.7,1.7,42,30368,Hugo Lloris,4/3/2003,3/4/2003,Stuart Attwell,Match Report,,7,5,14.6,0,1,1,Tottenham Hotspur,2022
8/29/2021,14:00,Premier League,Matchweek 3,Sun,Home,W,1,0,Watford,1,0.8,57,57672,Hugo Lloris,4/3/2003,4-1-4-1,Andre Marriner,Match Report,,15,8,18.8,3,0,0,Tottenham Hotspur,2022
9/11/2021,12:30,Premier League,Matchweek 4,Sat,Away,L,0,3,Crystal Palace,0.1,2.1,38,26000,Hugo Lloris,4-1-2-1-2◆,4/3/2003,Jonathan Moss,Match Report,,2,1,19.1,0,0,0,Tottenham Hotspur,2022
9/19/2021,16:30,Premier League,Matchweek 5,Sun,Home,L,0,3,Chelsea,0.5,2.1,47,60059,Hugo Lloris,4-3-2-1,3/4/2003,Paul Tierney,Match Report,,8,2,20,1,0,0,Tottenham Hotspur,2022
9/26/2021,16:30,Premier League,Matchweek 6,Sun,Away,L,1,3,Arsenal,1,1.1,54,59919,Hugo Lloris,4/3/2003,4-2-3-1,Craig Pawson,Match Report,,10,4,16.3,0,0,0,Tottenham Hotspur,2022
10/3/2021,14:00,Premier League,Matchweek 7,Sun,Home,W,2,1,Aston Villa,1.3,1.2,56,53076,Hugo Lloris,4-2-3-1,3/5/2002,Chris Kavanagh,Match Report,,17,7,20.5,2,0,0,Tottenham Hotspur,2022
10/17/2021,16:30,Premier League,Matchweek 8,Sun,Away,W,3,2,Newcastle Utd,1.7,0.4,64,52214,Hugo Lloris,4-2-3-1,4-1-4-1,Andre Marriner,Match Report,,14,4,17.9,1,0,0,Tottenham Hotspur,2022
10/24/2021,14:00,Premier League,Matchweek 9,Sun,Away,L,0,1,West Ham,0.7,1.3,62,59924,Hugo Lloris,4-2-3-1,4-2-3-1,Paul Tierney,Match Report,,7,4,17.8,0,0,0,Tottenham Hotspur,2022
10/30/2021,17:30,Premier League,Matchweek 10,Sat,Home,L,0,3,Manchester Utd,1,1.5,58,60356,Hugo Lloris,4-2-3-1,3/5/2002,Stuart Attwell,Match Report,,9,0,16.6,1,0,0,Tottenham Hotspur,2022
11/7/2021,14:00,Premier League,Matchweek 11,Sun,Away,D,0,0,Everton,0.7,0.6,55,39059,Hugo Lloris,3/4/2003,4-4-1-1,Chris Kavanagh,Match Report,,8,0,19.5,0,0,0,Tottenham Hotspur,2022
11/21/2021,16:30,Premier League,Matchweek 12,Sun,Home,W,2,1,Leeds United,2.1,1.4,43,58989,Hugo Lloris,3/4/2003,3-3-3-1,Andre Marriner,Match Report,,13,4,17.5,1,0,0,Tottenham Hotspur,2022
12/2/2021,19:30,Premier League,Matchweek 14,Thu,Home,W,2,0,Brentford,1.9,0.3,47,54202,Hugo Lloris,3/4/2003,3/5/2002,Jonathan Moss,Match Report,,11,6,9.8,0,0,0,Tottenham Hotspur,2022
12/5/2021,14:00,Premier League,Matchweek 15,Sun,Home,W,3,0,Norwich City,1.6,1.2,41,57088,Hugo Lloris,3/4/2003,5/3/2002,Jarred Gillett,Match Report,,17,7,18.5,0,0,0,Tottenham Hotspur,2022
12/19/2021,16:30,Premier League,Matchweek 18,Sun,Home,D,2,2,Liverpool,3,1.1,44,45421,Hugo Lloris,5/3/2002,4/3/2003,Paul Tierney,Match Report,,10,5,10.4,0,0,0,Tottenham Hotspur,2022
12/26/2021,15:00,Premier League,Matchweek 19,Sun,Home,W,3,0,Crystal Palace,2.3,0.2,60,40539,Hugo Lloris,3/4/2003,4/3/2003,Jonathan Moss,Match Report,,17,6,14.5,0,0,0,Tottenham Hotspur,2022
12/28/2021,15:00,Premier League,Matchweek 20,Tue,Away,D,1,1,Southampton,2.3,0.4,65,31304,Hugo Lloris,3/4/2003,5/3/2002,Anthony Taylor,Match Report,,20,10,15.8,1,1,1,Tottenham Hotspur,2022
1/1/2022,15:00,Premier League,Matchweek 21,Sat,Away,W,1,0,Watford,2.2,0.3,74,20391,Hugo Lloris,3/4/2003,4/4/2002,Robert Jones,Match Report,,21,9,17.6,0,0,0,Tottenham Hotspur,2022
1/19/2022,19:30,Premier League,Matchweek 17,Wed,Away,W,3,2,Leicester City,3.1,1.2,51,31986,Hugo Lloris,3/5/2002,3/5/2002,Jonathan Moss,Match Report,,27,8,16.4,1,0,0,Tottenham Hotspur,2022
1/23/2022,16:30,Premier League,Matchweek 23,Sun,Away,L,0,2,Chelsea,0.5,1.2,36,40020,Hugo Lloris,4/4/2002,4/3/2003,Paul Tierney,Match Report,,6,3,16.6,0,0,0,Tottenham Hotspur,2022
2/9/2022,19:45,Premier League,Matchweek 24,Wed,Home,L,2,3,Southampton,1.4,2.2,48,54012,Hugo Lloris,3/4/2003,4/4/2002,David Coote,Match Report,,8,3,15.3,0,0,0,Tottenham Hotspur,2022
2/13/2022,14:00,Premier League,Matchweek 25,Sun,Home,L,0,2,Wolves,1.2,1.3,58,56452,Hugo Lloris,3/4/2003,3/5/2002,Kevin Friend,Match Report,,17,7,15.9,2,0,0,Tottenham Hotspur,2022
2/19/2022,17:30,Premier League,Matchweek 26,Sat,Away,W,3,2,Manchester City,1.4,2.1,29,53201,Hugo Lloris,3/4/2003,4/3/2003,Anthony Taylor,Match Report,,6,5,15,0,0,0,Tottenham Hotspur,2022
2/23/2022,19:30,Premier League,Matchweek 13,Wed,Away,L,0,1,Burnley,0.7,0.9,66,19488,Hugo Lloris,3/4/2003,4/4/2002,Graham Scott,Match Report,,12,2,17.4,0,0,0,Tottenham Hotspur,2022
2/26/2022,12:30,Premier League,Matchweek 27,Sat,Away,W,4,0,Leeds United,1.9,1.5,50,36599,Hugo Lloris,3/4/2003,4-1-4-1,Craig Pawson,Match Report,,15,10,14.2,0,0,0,Tottenham Hotspur,2022
3/7/2022,20:00,Premier League,Matchweek 28,Mon,Home,W,5,0,Everton,2.5,0.2,55,59647,Hugo Lloris,3/4/2003,4-2-3-1,Stuart Attwell,Match Report,,14,7,13.5,0,0,0,Tottenham Hotspur,2022
3/12/2022,17:30,Premier League,Matchweek 29,Sat,Away,L,2,3,Manchester Utd,1.5,1,57,73458,Hugo Lloris,3/4/2003,4-2-3-1,Jonathan Moss,Match Report,,9,1,19.8,1,1,1,Tottenham Hotspur,2022
3/16/2022,19:30,Premier League,Matchweek 16,Wed,Away,W,2,0,Brighton,2.2,0.7,52,31144,Hugo Lloris,3/4/2003,4-2-3-1,Robert Jones,Match Report,,17,7,19,1,0,0,Tottenham Hotspur,2022
3/20/2022,16:30,Premier League,Matchweek 30,Sun,Home,W,3,1,West Ham,3,0.6,53,58685,Hugo Lloris,3/4/2003,3/4/2003,Anthony Taylor,Match Report,,17,4,16.6,0,0,0,Tottenham Hotspur,2022
4/3/2022,16:30,Premier League,Matchweek 31,Sun,Home,W,5,1,Newcastle Utd,3.1,0.5,60,57553,Hugo Lloris,3/4/2003,4/3/2003,Martin Atkinson,Match Report,,19,6,16,1,0,0,Tottenham Hotspur,2022
4/9/2022,17:30,Premier League,Matchweek 32,Sat,Away,W,4,0,Aston Villa,1.1,1.6,48,41949,Hugo Lloris,3/4/2003,4-3-1-2,Graham Scott,Match Report,,11,5,18.8,0,0,0,Tottenham Hotspur,2022
4/16/2022,12:30,Premier League,Matchweek 33,Sat,Home,L,0,1,Brighton,0.5,0.6,49,58685,Hugo Lloris,3/4/2003,3/5/2002,Craig Pawson,Match Report,,5,0,20.8,0,0,0,Tottenham Hotspur,2022
4/23/2022,17:30,Premier League,Matchweek 34,Sat,Away,D,0,0,Brentford,0.6,0.9,56,17072,Hugo Lloris,3/4/2003,5/3/2002,Martin Atkinson,Match Report,,9,0,16.7,0,0,0,Tottenham Hotspur,2022
5/1/2022,14:00,Premier League,Matchweek 35,Sun,Home,W,3,1,Leicester City,1.2,0.5,40,59482,Hugo Lloris,3/4/2003,3/5/2002,Jonathan Moss,Match Report,,13,7,14.2,0,0,0,Tottenham Hotspur,2022
5/7/2022,19:45,Premier League,Matchweek 36,Sat,Away,D,1,1,Liverpool,0.9,1.3,36,53177,Hugo Lloris,3/4/2003,4/3/2003,Michael Oliver,Match Report,,8,3,17.5,0,0,0,Tottenham Hotspur,2022
5/12/2022,19:45,Premier League,Matchweek 22,Thu,Home,W,3,0,Arsenal,2.7,0.5,57,62027,Hugo Lloris,3/4/2003,4/3/2003,Paul Tierney,Match Report,,15,5,14.3,0,1,1,Tottenham Hotspur,2022
5/15/2022,12:00,Premier League,Matchweek 37,Sun,Home,W,1,0,Burnley,2.2,0.7,68,61729,Hugo Lloris,3/4/2003,5/3/2002,Kevin Friend,Match Report,,20,6,20.3,0,1,1,Tottenham Hotspur,2022
5/22/2022,16:00,Premier League,Matchweek 38,Sun,Away,W,5,0,Norwich City,3.4,0.5,59,27022,Hugo Lloris,3/4/2003,5/4/2001,Chris Kavanagh,Match Report,,19,12,14.9,0,0,0,Tottenham Hotspur,2022
8/6/2022,15:00,Premier League,Matchweek 1,Sat,Home,W,4,1,Southampton,1.5,0.5,58,61732,Hugo Lloris,3/4/2003,5/3/2002,Andre Marriner,Match Report,,18,8,16.5,0,0,0,Tottenham Hotspur,2023
8/14/2022,16:30,Premier League,Matchweek 2,Sun,Away,D,2,2,Chelsea,1,1.6,37,39946,Hugo Lloris,3/4/2003,3/5/2002,Anthony Taylor,Match Report,,10,5,13.4,0,0,0,Tottenham Hotspur,2023
8/20/2022,12:30,Premier League,Matchweek 3,Sat,Home,W,1,0,Wolves,1.7,0.7,50,61298,Hugo Lloris,3/4/2003,3/5/2002,Simon Hooper,Match Report,,11,4,11.7,0,0,0,Tottenham Hotspur,2023
8/28/2022,16:30,Premier League,Matchweek 4,Sun,Away,W,2,0,Nott'ham Forest,2.4,0.9,45,29296,Hugo Lloris,3/4/2003,3/4/2003,Craig Pawson,Match Report,,17,5,19.7,0,0,1,Tottenham Hotspur,2023
8/31/2022,19:45,Premier League,Matchweek 5,Wed,Away,D,1,1,West Ham,0.6,1.2,61,62450,Hugo Lloris,3/4/2003,4-2-3-1,Peter Bankes,Match Report,,12,3,16.8,0,0,0,Tottenham Hotspur,2023
9/3/2022,15:00,Premier League,Matchweek 6,Sat,Home,W,2,1,Fulham,2.9,0.7,52,61641,Hugo Lloris,3/4/2003,4-2-3-1,Stuart Attwell,Match Report,,23,10,15.5,1,0,0,Tottenham Hotspur,2023
9/17/2022,17:30,Premier League,Matchweek 8,Sat,Home,W,6,2,Leicester City,2.2,1.8,44,61450,Hugo Lloris,3/4/2003,4-1-4-1,Simon Hooper,Match Report,,16,11,16.5,0,0,0,Tottenham Hotspur,2023
10/1/2022,12:30,Premier League,Matchweek 9,Sat,Away,L,1,3,Arsenal,1.6,2.4,36,60278,Hugo Lloris,3/4/2003,4/3/2003,Anthony Taylor,Match Report,,6,2,19.9,0,1,1,Tottenham Hotspur,2023
10/8/2022,17:30,Premier League,Matchweek 10,Sat,Away,W,1,0,Brighton,0.8,0.7,41,31498,Hugo Lloris,3/5/2002,3/4/2003,Tony Harrington,Match Report,,8,3,18.7,1,0,0,Tottenham Hotspur,2023
10/15/2022,17:30,Premier League,Matchweek 11,Sat,Home,W,2,0,Everton,2.2,0.4,62,61812,Hugo Lloris,3/4/2003,5/3/2002,Paul Tierney,Match Report,,20,6,17.2,1,1,1,Tottenham Hotspur,2023
10/19/2022,20:15,Premier League,Matchweek 12,Wed,Away,L,0,2,Manchester Utd,0.6,1.5,48,73677,Hugo Lloris,3/5/2002,4-2-3-1,Simon Hooper,Match Report,,9,2,14.9,0,0,0,Tottenham Hotspur,2023
10/23/2022,16:30,Premier League,Matchweek 13,Sun,Home,L,1,2,Newcastle Utd,1.6,1.2,53,61726,Hugo Lloris,3/5/2002,4/3/2003,Jarred Gillett,Match Report,,17,4,16.9,0,0,0,Tottenham Hotspur,2023
10/29/2022,15:00,Premier League,Matchweek 14,Sat,Away,W,3,2,Bournemouth,2,0.5,69,10430,Hugo Lloris,3/5/2002,3-5-1-1,Anthony Taylor,Match Report,,23,7,15.1,1,0,0,Tottenham Hotspur,2023
11/6/2022,16:30,Premier League,Matchweek 15,Sun,Home,L,1,2,Liverpool,1.2,1.2,47,62008,Hugo Lloris,5/3/2002,4-1-2-1-2,Andy Madley,Match Report,,14,5,14.4,0,0,0,Tottenham Hotspur,2023
11/12/2022,15:00,Premier League,Matchweek 16,Sat,Home,W,4,3,Leeds United,1.8,1.1,55,61667,Hugo Lloris,3/4/2003,4-2-3-1,Michael Salisbury,Match Report,,14,7,14.5,0,0,0,Tottenham Hotspur,2023
12/26/2022,12:30,Premier League,Matchweek 17,Mon,Away,D,2,2,Brentford,1.1,2,61,17137,Harry Kane,3/4/2003,3/5/2002,David Coote,Match Report,,15,8,19.7,1,0,0,Tottenham Hotspur,2023
1/1/2023,14:00,Premier League,Matchweek 18,Sun,Home,L,0,2,Aston Villa,0.7,1,59,61651,Hugo Lloris,3/4/2003,4/4/2002,John Brooks,Match Report,,6,1,15.2,1,0,0,Tottenham Hotspur,2023
1/4/2023,20:00,Premier League,Matchweek 19,Wed,Away,W,4,0,Crystal Palace,1.4,0.8,53,25132,Hugo Lloris,3/4/2003,4-2-3-1,Michael Oliver,Match Report,,14,6,16.2,0,0,0,Tottenham Hotspur,2023
1/15/2023,16:30,Premier League,Matchweek 20,Sun,Home,L,0,2,Arsenal,1.6,1.8,51,61870,Hugo Lloris,3/4/2003,4/3/2003,Craig Pawson,Match Report,,17,7,16.3,1,0,0,Tottenham Hotspur,2023
1/19/2023,20:00,Premier League,Matchweek 7,Thu,Away,L,2,4,Manchester City,0.8,2.3,42,53088,Hugo Lloris,3/4/2003,4-2-3-1,Simon Hooper,Match Report,,9,3,16.5,0,0,0,Tottenham Hotspur,2023
1/23/2023,20:00,Premier League,Matchweek 21,Mon,Away,W,1,0,Fulham,0.9,1,46,24190,Hugo Lloris,3/4/2003,4-2-3-1,Paul Tierney,Match Report,,10,3,17,1,0,0,Tottenham Hotspur,2023
2/5/2023,16:30,Premier League,Matchweek 22,Sun,Home,W,1,0,Manchester City,1.4,1.3,36,61747,Hugo Lloris,3/4/2003,4/4/2002,Andy Madley,Match Report,,12,3,14.7,0,0,0,Tottenham Hotspur,2023
2/11/2023,15:00,Premier League,Matchweek 23,Sat,Away,L,1,4,Leicester City,1.3,1.7,51,32184,Harry Kane,3/4/2003,4-2-3-1,Michael Salisbury,Match Report,,11,4,16.8,2,0,0,Tottenham Hotspur,2023
2/19/2023,16:30,Premier League,Matchweek 24,Sun,Home,W,2,0,West Ham,1.5,0.5,57,61476,Harry Kane,3/4/2003,3/4/2003,Michael Oliver,Match Report,,16,6,21.5,0,0,0,Tottenham Hotspur,2023
2/26/2023,13:30,Premier League,Matchweek 25,Sun,Home,W,2,0,Chelsea,0.8,0.4,41,61613,Harry Kane,3/4/2003,4-2-3-1,Stuart Attwell,Match Report,,8,3,16.5,0,0,0,Tottenham Hotspur,2023
3/4/2023,15:00,Premier League,Matchweek 26,Sat,Away,L,0,1,Wolves,1.2,0.5,54,31585,Harry Kane,3/4/2003,4-2-3-1,Tim Robinson,Match Report,,21,6,20.6,2,0,0,Tottenham Hotspur,2023
3/11/2023,15:00,Premier League,Matchweek 27,Sat,Home,W,3,1,Nott'ham Forest,2,1.5,55,61460,Harry Kane,3/4/2003,4-3-2-1,Craig Pawson,Match Report,,14,6,14.8,0,1,1,Tottenham Hotspur,2023
3/18/2023,15:00,Premier League,Matchweek 28,Sat,Away,D,3,3,Southampton,2.3,2.4,49,30157,Harry Kane,3/4/2003,4/4/2002,Simon Hooper,Match Report,,17,3,15.8,0,0,0,Tottenham Hotspur,2023
4/3/2023,20:00,Premier League,Matchweek 29,Mon,Away,D,1,1,Everton,1.4,0.9,61,39294,Hugo Lloris,3/4/2003,4-1-4-1,David Coote,Match Report,,7,0,19.6,0,1,1,Tottenham Hotspur,2023
4/8/2023,15:00,Premier League,Matchweek 30,Sat,Home,W,2,1,Brighton,0.8,1.4,35,61405,Hugo Lloris,3/4/2003,4-2-3-1,Stuart Attwell,Match Report,,9,3,15.2,0,0,0,Tottenham Hotspur,2023
4/15/2023,15:00,Premier League,Matchweek 31,Sat,Home,L,2,3,Bournemouth,2.2,1.3,58,61369,Hugo Lloris,3/4/2003,3/4/2003,Andy Madley,Match Report,,24,8,17.9,1,0,0,Tottenham Hotspur,2023
4/23/2023,14:00,Premier League,Matchweek 32,Sun,Away,L,1,6,Newcastle Utd,1,3.7,44,52252,Hugo Lloris,4/3/2003,4/3/2003,David Coote,Match Report,,11,3,17.2,0,0,0,Tottenham Hotspur,2023
4/27/2023,20:15,Premier League,Matchweek 33,Thu,Home,D,2,2,Manchester Utd,2.5,2,40,61586,Harry Kane,3/4/2003,4-2-3-1,Anthony Taylor,Match Report,,18,7,16.5,0,0,0,Tottenham Hotspur,2023
4/30/2023,16:30,Premier League,Matchweek 34,Sun,Away,L,3,4,Liverpool,2,2.2,33,53275,Harry Kane,3/4/2003,4/3/2003,Paul Tierney,Match Report,,10,6,20.1,0,0,0,Tottenham Hotspur,2023
5/6/2023,15:00,Premier League,Matchweek 35,Sat,Home,W,1,0,Crystal Palace,0.9,0.4,56,61093,Harry Kane,3/4/2003,4/3/2003,Darren England,Match Report,,8,3,12.7,0,0,0,Tottenham Hotspur,2023
5/13/2023,15:00,Premier League,Matchweek 36,Sat,Away,L,1,2,Aston Villa,1.4,1.2,52,42164,Harry Kane,3/4/2003,4/4/2002,Peter Bankes,Match Report,,4,1,20.3,0,1,1,Tottenham Hotspur,2023
5/20/2023,12:30,Premier League,Matchweek 37,Sat,Home,L,1,3,Brentford,1.7,1.2,61,61514,Harry Kane,4/4/2002,4/3/2003,Jarred Gillett,Match Report,,22,7,15.4,1,0,0,Tottenham Hotspur,2023
5/28/2023,16:30,Premier League,Matchweek 38,Sun,Away,W,4,1,Leeds United,2.2,1.5,48,36871,Harry Kane,4/4/2002,5/4/2001,Anthony Taylor,Match Report,,11,7,14.5,0,0,0,Tottenham Hotspur,2023
8/13/2023,14:00,Premier League,Matchweek 1,Sun,Away,D,2,2,Brentford,1.3,2.2,69,17066,Son Heung-min,4-2-3-1,5/3/2002,Robert Jones,Match Report,,18,6,19.6,0,0,0,Tottenham Hotspur,2024
8/19/2023,17:30,Premier League,Matchweek 2,Sat,Home,W,2,0,Manchester Utd,1.7,2.1,55,61910,Son Heung-min,4-2-3-1,4-2-3-1,Michael Oliver,Match Report,,17,6,13.8,0,0,0,Tottenham Hotspur,2024
8/26/2023,12:30,Premier League,Matchweek 3,Sat,Away,W,2,0,Bournemouth,2.1,0.7,56,10567,Son Heung-min,4-2-3-1,4-2-3-1,Tim Robinson,Match Report,,17,6,16.6,1,0,0,Tottenham Hotspur,2024
9/2/2023,15:00,Premier League,Matchweek 4,Sat,Away,W,5,2,Burnley,2.2,1.3,53,21750,Son Heung-min,4-2-3-1,4/4/2002,Darren England,Match Report,,21,11,19.3,0,0,0,Tottenham Hotspur,2024
9/16/2023,15:00,Premier League,Matchweek 5,Sat,Home,W,2,1,Sheffield Utd,2.1,0.7,70,61706,Son Heung-min,4-2-3-1,3/5/2002,Peter Bankes,Match Report,,28,10,16.4,0,0,0,Tottenham Hotspur,2024
9/24/2023,14:00,Premier League,Matchweek 6,Sun,Away,D,2,2,Arsenal,1.4,1.8,53,60156,Son Heung-min,4-2-3-1,4/3/2003,Robert Jones,Match Report,,13,5,16,0,0,0,Tottenham Hotspur,2024
9/30/2023,17:30,Premier League,Matchweek 7,Sat,Home,W,2,1,Liverpool,2.2,1.3,64,62001,Son Heung-min,4-2-3-1,4/3/2003,Simon Hooper,Match Report,,24,8,19.8,0,0,0,Tottenham Hotspur,2024
10/7/2023,12:30,Premier League,Matchweek 8,Sat,Away,W,1,0,Luton Town,1.9,0.8,66,10290,Son Heung-min,4-2-3-1,4/4/2002,John Brooks,Match Report,,15,4,16.9,1,0,0,Tottenham Hotspur,2024
10/23/2023,20:00,Premier League,Matchweek 9,Mon,Home,W,2,0,Fulham,1.5,1,55,61286,Son Heung-min,4-2-3-1,4-2-3-1,Anthony Taylor,Match Report,,15,5,17.2,0,0,0,Tottenham Hotspur,2024
10/27/2023,20:00,Premier League,Matchweek 10,Fri,Away,W,2,1,Crystal Palace,1.1,0.6,75,25074,Son Heung-min,4-2-3-1,4-2-3-1,Andy Madley,Match Report,,10,1,19.5,1,0,0,Tottenham Hotspur,2024
11/6/2023,20:00,Premier League,Matchweek 11,Mon,Home,L,1,4,Chelsea,0.9,4.1,40,61726,Son Heung-min,4-2-3-1,4-2-3-1,Michael Oliver,Match Report,,8,5,23.5,1,0,0,Tottenham Hotspur,2024
11/11/2023,12:30,Premier League,Matchweek 12,Sat,Away,L,1,2,Wolves,0.7,2.1,58,31642,Son Heung-min,4/3/2003,3/5/2002,Tim Robinson,Match Report,,6,2,17.5,0,0,0,Tottenham Hotspur,2024
11/26/2023,14:00,Premier League,Matchweek 13,Sun,Home,L,1,2,Aston Villa,2.3,1.7,62,61679,Son Heung-min,4-2-3-1,4/4/2002,Robert Jones,Match Report,,18,7,14,0,0,0,Tottenham Hotspur,2024
12/3/2023,16:30,Premier League,Matchweek 14,Sun,Away,D,3,3,Manchester City,0.5,2.6,45,53473,Son Heung-min,4-2-3-1,3-2-4-1,Simon Hooper,Match Report,,8,4,20.7,0,0,0,Tottenham Hotspur,2024
12/7/2023,20:15,Premier League,Matchweek 15,Thu,Home,L,1,2,West Ham,1.8,2.2,74,61171,Son Heung-min,4-2-3-1,4/3/2003,Michael Salisbury,Match Report,,23,6,17.1,1,0,0,Tottenham Hotspur,2024
12/10/2023,16:30,Premier League,Matchweek 16,Sun,Home,W,4,1,Newcastle Utd,3.8,1.7,56,61171,Son Heung-min,4-2-3-1,4/3/2003,Chris Kavanagh,Match Report,,22,10,15.5,0,1,1,Tottenham Hotspur,2024
12/15/2023,20:00,Premier League,Matchweek 17,Fri,Away,W,2,0,Nott'ham Forest,1.5,1.3,66,29296,Son Heung-min,4-2-3-1,3/5/2002,Jarred Gillett,Match Report,,12,6,12.5,0,0,0,Tottenham Hotspur,2024
12/23/2023,15:00,Premier League,Matchweek 18,Sat,Home,W,2,1,Everton,1.5,1.8,61,61808,Son Heung-min,4-2-3-1,4-2-3-1,Stuart Attwell,Match Report,,13,6,15.1,0,0,0,Tottenham Hotspur,2024
12/28/2023,19:30,Premier League,Matchweek 19,Thu,Away,L,2,4,Brighton,2.3,3.2,55,31675,Son Heung-min,4-2-3-1,4-1-2-1-2,Jarred Gillett,Match Report,,19,3,15.2,1,0,0,Tottenham Hotspur,2024
12/31/2023,14:00,Premier League,Matchweek 20,Sun,Home,W,3,1,Bournemouth,2.3,1.7,50,61780,Son Heung-min,4/3/2003,4-2-3-1,Simon Hooper,Match Report,,12,6,14.7,0,0,0,Tottenham Hotspur,2024
1/14/2024,16:30,Premier League,Matchweek 21,Sun,Away,D,2,2,Manchester Utd,1.2,0.8,63,73489,Cristian Romero,4/3/2003,4-2-3-1,John Brooks,Match Report,,16,5,14.4,0,0,0,Tottenham Hotspur,2024
1/31/2024,19:30,Premier League,Matchweek 22,Wed,Home,W,3,2,Brentford,2.9,1.6,67,61210,Cristian Romero,4-2-3-1,3/5/2002,David Coote,Match Report,,19,5,14.3,0,0,0,Tottenham Hotspur,2024
2/3/2024,12:30,Premier League,Matchweek 23,Sat,Away,D,2,2,Everton,1,2.6,57,39321,Cristian Romero,4-2-3-1,4-4-1-1,Michael Oliver,Match Report,,9,6,17.8,0,0,0,Tottenham Hotspur,2024
2/10/2024,15:00,Premier League,Matchweek 24,Sat,Home,W,2,1,Brighton,1.6,1.2,52,61445,Cristian Romero,4-2-3-1,4-2-3-1,Samuel Barrott,Match Report,,16,6,17.1,1,0,0,Tottenham Hotspur,2024
2/17/2024,15:00,Premier League,Matchweek 25,Sat,Home,L,1,2,Wolves,1.6,1.8,71,61532,Son Heung-min,4-2-3-1,3/4/2003,Anthony Taylor,Match Report,,15,4,14.3,0,0,0,Tottenham Hotspur,2024
3/2/2024,15:00,Premier League,Matchweek 27,Sat,Home,W,3,1,Crystal Palace,1.9,0.3,78,61339,Son Heung-min,4-2-3-1,3/4/2003,John Brooks,Match Report,,14,6,13.5,0,0,0,Tottenham Hotspur,2024
3/10/2024,13:00,Premier League,Matchweek 28,Sun,Away,W,4,0,Aston Villa,1.5,0.8,68,42310,Son Heung-min,4-2-3-1,5/3/2002,Chris Kavanagh,Match Report,,9,5,14.9,0,0,0,Tottenham Hotspur,2024
3/16/2024,17:30,Premier League,Matchweek 29,Sat,Away,L,0,3,Fulham,2.4,2.6,57,24410,Son Heung-min,4-2-3-1,4-2-3-1,Robert Jones,Match Report,,14,5,14,0,0,0,Tottenham Hotspur,2024
3/30/2024,15:00,Premier League,Matchweek 30,Sat,Home,W,2,1,Luton Town,2.9,0.5,70,61534,Son Heung-min,4-2-3-1,4/3/2003,Jarred Gillett,Match Report,,17,2,14.5,1,0,0,Tottenham Hotspur,2024
4/2/2024,20:15,Premier League,Matchweek 31,Tue,Away,D,1,1,West Ham,1,1.5,67,62469,Son Heung-min,4-2-3-1,4/5/2001,John Brooks,Match Report,,13,4,17.4,0,0,0,Tottenham Hotspur,2024
4/7/2024,18:00,Premier League,Matchweek 32,Sun,Home,W,3,1,Nott'ham Forest,1.5,1.5,63,61098,Son Heung-min,4-2-3-1,4-2-3-1,Simon Hooper,Match Report,,17,7,20.2,1,0,0,Tottenham Hotspur,2024
4/13/2024,12:30,Premier League,Matchweek 33,Sat,Away,L,0,4,Newcastle Utd,0.8,2.8,72,52147,Son Heung-min,4-2-3-1,4/3/2003,Tim Robinson,Match Report,,11,2,19,0,0,0,Tottenham Hotspur,2024
4/28/2024,14:00,Premier League,Matchweek 35,Sun,Home,L,2,3,Arsenal,2.3,1,62,61554,Son Heung-min,4-2-3-1,4/3/2003,Michael Oliver,Match Report,,14,1,16.8,0,1,1,Tottenham Hotspur,2024
5/2/2024,19:30,Premier League,Matchweek 26,Thu,Away,L,0,2,Chelsea,1.6,2.2,63,39086,Son Heung-min,4-2-3-1,4-2-3-1,Robert Jones,Match Report,,19,3,16.9,0,0,0,Tottenham Hotspur,2024
5/5/2024,16:30,Premier League,Matchweek 36,Sun,Away,L,2,4,Liverpool,1.2,3.3,56,60075,Son Heung-min,4/3/2003,4/3/2003,Paul Tierney,Match Report,,11,6,21.6,1,0,0,Tottenham Hotspur,2024
5/11/2024,15:00,Premier League,Matchweek 37,Sat,Home,W,2,1,Burnley,2.7,0.7,63,61148,Son Heung-min,4/3/2003,4/4/2002,Jarred Gillett,Match Report,,21,9,16,0,0,0,Tottenham Hotspur,2024
5/14/2024,20:00,Premier League,Matchweek 34,Tue,Home,L,0,2,Manchester City,1.7,2.4,53,61065,Son Heung-min,4-3-1-2,4-2-3-1,Chris Kavanagh,Match Report,,10,5,15,0,0,0,Tottenham Hotspur,2024
5/19/2024,16:00,Premier League,Matchweek 38,Sun,Away,W,3,0,Sheffield Utd,3.1,1,75,29116,Son Heung-min,4-2-3-1,5/3/2002,Andy Madley,Match Report,,18,9,14.4,1,0,0,Tottenham Hotspur,2024
8/19/2024,20:00,Premier League,Matchweek 1,Mon,Away,D,1,1,Leicester City,1.2,1,70,31977,Son Heung-min,4/3/2003,4-2-3-1,Chris Kavanagh,Match Report,,15,6,13.7,0,0,0,Tottenham Hotspur,2025
8/24/2024,15:00,Premier League,Matchweek 2,Sat,Home,W,4,0,Everton,2.4,1,70,61357,Son Heung-min,4/3/2003,4-2-3-1,Anthony Taylor,Match Report,,13,7,14.1,1,0,0,Tottenham Hotspur,2025
9/1/2024,13:30,Premier League,Matchweek 3,Sun,Away,L,1,2,Newcastle Utd,1.2,1.8,65,52211,Son Heung-min,4-2-3-1,4/3/2003,Robert Jones,Match Report,,20,6,19.9,1,0,0,Tottenham Hotspur,2025
9/15/2024,14:00,Premier League,Matchweek 4,Sun,Home,L,0,1,Arsenal,0.7,0.7,63,61645,Son Heung-min,4/3/2003,4/4/2002,Jarred Gillett,Match Report,,15,5,18.1,0,0,0,Tottenham Hotspur,2025
9/21/2024,15:00,Premier League,Matchweek 5,Sat,Home,W,3,1,Brentford,3.5,0.8,48,61246,Son Heung-min,4/3/2003,5/3/2002,John Brooks,Match Report,,23,9,14.4,0,0,0,Tottenham Hotspur,2025
9/29/2024,16:30,Premier League,Matchweek 6,Sun,Away,W,3,0,Manchester Utd,4.4,1,61,73587,Cristian Romero,4/3/2003,4-2-3-1,Chris Kavanagh,Match Report,,24,10,14.6,0,0,0,Tottenham Hotspur,2025
10/6/2024,16:30,Premier League,Matchweek 7,Sun,Away,L,2,3,Brighton,1.3,1.8,59,31487,Cristian Romero,4/3/2003,4-2-3-1,David Coote,Match Report,,13,3,16.2,0,0,0,Tottenham Hotspur,2025
10/19/2024,12:30,Premier League,Matchweek 8,Sat,Home,W,4,1,West Ham,1.9,0.8,57,61381,Son Heung-min,4/3/2003,4-1-4-1,Andy Madley,Match Report,,22,7,15.8,0,0,0,Tottenham Hotspur,2025
10/27/2024,14:00,Premier League,Matchweek 9,Sun,Away,L,0,1,Crystal Palace,0.7,0.8,66,25108,Cristian Romero,4/3/2003,3/4/2003,Darren Bond,Match Report,,11,3,12.9,0,0,0,Tottenham Hotspur,2025
11/3/2024,14:00,Premier League,Matchweek 10,Sun,Home,W,4,1,Aston Villa,2.4,1.8,51,61253,Son Heung-min,4/3/2003,4-2-3-1,Craig Pawson,Match Report,,16,6,20.4,1,0,0,Tottenham Hotspur,2025
11/10/2024,14:00,Premier League,Matchweek 11,Sun,Home,L,1,2,Ipswich Town,1.5,1.6,66,61505,Son Heung-min,4/3/2003,4-2-3-1,Darren England,Match Report,,17,5,17.8,0,0,0,Tottenham Hotspur,2025
11/23/2024,17:30,Premier League,Matchweek 12,Sat,Away,W,4,0,Manchester City,2.5,2.1,42,52478,Son Heung-min,4/3/2003,4/3/2003,John Brooks,Match Report,,9,7,13,0,0,0,Tottenham Hotspur,2025
12/1/2024,13:30,Premier League,Matchweek 13,Sun,Home,D,1,1,Fulham,0.8,1.5,51,61141,Son Heung-min,4/3/2003,4-2-3-1,Darren Bond,Match Report,,8,3,17.5,2,0,0,Tottenham Hotspur,2025
12/5/2024,20:15,Premier League,Matchweek 14,Thu,Away,L,0,1,Bournemouth,0.9,3.5,65,11234,James Maddison,4/3/2003,4-2-3-1,Simon Hooper,Match Report,,12,4,17,0,0,0,Tottenham Hotspur,2025
12/8/2024,16:30,Premier League,Matchweek 15,Sun,Home,L,3,4,Chelsea,2.8,2.8,39,61184,Son Heung-min,4/3/2003,4-2-3-1,Anthony Taylor,Match Report,,13,5,13.7,1,0,0,Tottenham Hotspur,2025
12/15/2024,19:00,Premier League,Matchweek 16,Sun,Away,W,5,0,Southampton,2.3,0.8,58,31090,Son Heung-min,4-2-3-1,4-3-1-2,Darren England,Match Report,,18,9,13.1,0,0,0,Tottenham Hotspur,2025
12/22/2024,16:30,Premier League,Matchweek 17,Sun,Home,L,3,6,Liverpool,1.3,5.6,52,61439,Son Heung-min,4-2-3-1,4-2-3-1,Samuel Barrott,Match Report,,9,5,17.1,0,0,0,Tottenham Hotspur,2025
12/26/2024,15:00,Premier League,Matchweek 18,Thu,Away,L,0,1,Nott'ham Forest,0.9,1.1,70,30200,Son Heung-min,4-2-3-1,4-2-3-1,Craig Pawson,Match Report,,13,4,20,1,0,0,Tottenham Hotspur,2025
12/29/2024,15:00,Premier League,Matchweek 19,Sun,Home,D,2,2,Wolves,2.2,0.7,48,61284,Son Heung-min,4-2-3-1,3/4/2003,Chris Kavanagh,Match Report,,12,2,15.9,0,0,1,Tottenham Hotspur,2025
1/4/2025,12:30,Premier League,Matchweek 20,Sat,Home,L,1,2,Newcastle Utd,0.9,2.5,56,61293,Dejan Kulusevski,4-2-3-1,4/3/2003,Andy Madley,Match Report,,13,4,15.9,0,0,0,Tottenham Hotspur,2025
1/15/2025,20:00,Premier League,Matchweek 21,Wed,Away,L,1,2,Arsenal,0.8,1.4,47,60287,Son Heung-min,4/3/2003,4/3/2003,Simon Hooper,Match Report,,10,2,16,0,0,0,Tottenham Hotspur,2025
1/19/2025,14:00,Premier League,Matchweek 22,Sun,Away,L,2,3,Everton,1.1,1.8,64,39326,Son Heung-min,3/4/2003,4-2-3-1,Darren England,Match Report,,11,5,16.4,0,0,0,Tottenham Hotspur,2025
1/26/2025,14:00,Premier League,Matchweek 23,Sun,Home,L,1,2,Leicester City,1,1.6,61,61295,Son Heung-min,4/3/2003,4-2-3-1,Robert Jones,Match Report,,15,6,18.3,1,0,0,Tottenham Hotspur,2025
2/2/2025,14:00,Premier League,Matchweek 24,Sun,Away,W,2,0,Brentford,0.8,2.1,46,17154,Son Heung-min,4-2-3-1,4-2-3-1,Jarred Gillett,Match Report,,13,2,18.8,0,0,0,Tottenham Hotspur,2025
2/16/2025,16:30,Premier League,Matchweek 25,Sun,Home,W,1,0,Manchester Utd,2.2,1.5,55,61383,Son Heung-min,4/3/2003,3/4/2003,Peter Bankes,Match Report,,22,7,15.3,0,0,0,Tottenham Hotspur,2025
2/22/2025,15:00,Premier League,Matchweek 26,Sat,Away,W,4,1,Ipswich Town,1.7,1.1,58,30003,Son Heung-min,4/3/2003,4-2-3-1,Tim Robinson,Match Report,,10,6,13.4,0,0,0,Tottenham Hotspur,2025
2/26/2025,19:30,Premier League,Matchweek 27,Wed,Home,L,0,1,Manchester City,1.3,2.1,55,60820,James Maddison,4/3/2003,4-2-3-1,Jarred Gillett,Match Report,,11,6,10.9,0,0,0,Tottenham Hotspur,2025
3/9/2025,14:00,Premier League,Matchweek 28,Sun,Home,D,2,2,Bournemouth,1.5,2.2,61,61178,Cristian Romero,4/3/2003,4-2-3-1,John Brooks,Match Report,,11,3,18.2,0,1,1,Tottenham Hotspur,2025
3/16/2025,13:30,Premier League,Matchweek 29,Sun,Away,L,0,2,Fulham,0.9,1,43,27182,Cristian Romero,4/3/2003,4-2-3-1,Andy Madley,Match Report,,12,4,14.5,0,0,0,Tottenham Hotspur,2025
4/3/2025,20:00,Premier League,Matchweek 30,Thu,Away,L,0,1,Chelsea,0.9,1,49,39852,Son Heung-min,4/3/2003,4-2-3-1,Craig Pawson,Match Report,,8,2,15.6,1,0,0,Tottenham Hotspur,2025
4/6/2025,14:00,Premier League,Matchweek 31,Sun,Home,W,3,1,Southampton,2.1,1,51,60984,Son Heung-min,4/3/2003,4-2-3-1,Michael Salisbury,Match Report,,12,7,14,0,1,1,Tottenham Hotspur,2025
4/13/2025,14:00,Premier League,Matchweek 32,Sun,Away,L,2,4,Wolves,2,2.4,63,31463,Cristian Romero,4/3/2003,3/4/2003,Anthony Taylor,Match Report,,11,4,14.7,1,0,0,Tottenham Hotspur,2025
4/21/2025,20:00,Premier League,Matchweek 33,Mon,Home,L,1,2,Nott'ham Forest,2.1,0.5,69,59314,Cristian Romero,4/3/2003,4-2-2-2,Peter Bankes,Match Report,,22,5,15.6,0,0,0,Tottenham Hotspur,2025
4/27/2025,16:30,Premier League,Matchweek 34,Sun,Away,L,1,5,Liverpool,0.5,2.2,39,60415,James Maddison,4/3/2003,4-2-3-1,Thomas Bramall,Match Report,,8,3,20.4,0,0,0,Tottenham Hotspur,2025
5/4/2025,14:00,Premier League,Matchweek 35,Sun,Away,D,1,1,West Ham,0.8,0.8,45,62468,Guglielmo Vicario,4/3/2003,3/4/2003,Michael Oliver,Match Report,,7,2,18.8,1,0,0,Tottenham Hotspur,2025
5/11/2025,14:15,Premier League,Matchweek 36,Sun,Home,L,0,2,Crystal Palace,0.7,3.3,48,60254,Rodrigo Bentancur,4/3/2003,3/4/2003,Chris Kavanagh,Match Report,,8,1,15.1,1,0,0,Tottenham Hotspur,2025
5/16/2025,19:30,Premier League,Matchweek 37,Fri,Away,L,0,2,Aston Villa,0.5,1.4,33,42239,Son Heung-min,4-2-3-1,4-2-3-1,Peter Bankes,Match Report,,3,1,17,1,0,0,Tottenham Hotspur,2025
5/25/2025,16:00,Premier League,Matchweek 38,Sun,Home,L,1,4,Brighton,2,2.2,34,61449,Guglielmo Vicario,4/3/2003,4/4/2002,Robert Jones,Match Report,,3,1,17.1,0,1,1,Tottenham Hotspur,2025
8/14/2021,15:00,Premier League,Matchweek 1,Sat,Home,W,3,2,Aston Villa,1.2,1.2,38,20051,Tom Cleverley,4-1-4-1,4-2-3-1,Mike Dean,Match Report,,13,7,17.9,0,0,0,Watford,2022
8/21/2021,17:30,Premier League,Matchweek 2,Sat,Away,L,0,2,Brighton,0.5,1.3,44,29485,Tom Cleverley,4-1-4-1,4-4-1-1,Anthony Taylor,Match Report,,10,1,19.3,0,0,0,Watford,2022
8/29/2021,14:00,Premier League,Matchweek 3,Sun,Away,L,0,1,Tottenham,0.8,1,43,57672,Craig Cathcart,4-1-4-1,4/3/2003,Andre Marriner,Match Report,,9,2,16.3,1,0,0,Watford,2022
9/11/2021,15:00,Premier League,Matchweek 4,Sat,Home,L,0,2,Wolves,0.2,2.2,45,20019,William Troost-Ekong,4-1-4-1,3/4/2003,Peter Bankes,Match Report,,6,2,23.1,0,0,0,Watford,2022
9/18/2021,15:00,Premier League,Matchweek 5,Sat,Away,W,3,1,Norwich City,2.4,1,51,26649,Tom Cleverley,4-2-3-1,4/3/2003,Robert Jones,Match Report,,12,8,13.5,0,0,0,Watford,2022
9/25/2021,15:00,Premier League,Matchweek 6,Sat,Home,D,1,1,Newcastle Utd,0.9,1.9,53,20650,Tom Cleverley,4-2-3-1,4-1-4-1,Jarred Gillett,Match Report,,15,4,21.2,1,0,0,Watford,2022
10/2/2021,15:00,Premier League,Matchweek 7,Sat,Away,L,0,1,Leeds United,0.2,1.3,34,36261,Ben Foster,4-2-3-1,4-1-4-1,Simon Hooper,Match Report,,5,1,19.4,0,0,0,Watford,2022
10/16/2021,12:30,Premier League,Matchweek 8,Sat,Home,L,0,5,Liverpool,0.5,3.3,25,21085,Moussa Sissoko,5/4/2001,4/3/2003,Jonathan Moss,Match Report,,6,2,18.2,0,0,0,Watford,2022
10/23/2021,15:00,Premier League,Matchweek 9,Sat,Away,W,5,2,Everton,3.7,1.5,51,38834,Moussa Sissoko,4-1-4-1,4-4-1-1,Graham Scott,Match Report,,20,8,19.2,0,0,0,Watford,2022
10/30/2021,15:00,Premier League,Matchweek 10,Sat,Home,L,0,1,Southampton,1,1.8,40,20869,Moussa Sissoko,4-4-1-1,4/4/2002,Peter Bankes,Match Report,,10,3,20.2,1,0,0,Watford,2022
11/7/2021,14:00,Premier League,Matchweek 11,Sun,Away,L,0,1,Arsenal,0.5,1.6,40,59833,Moussa Sissoko,4-1-4-1,4-4-1-1,Kevin Friend,Match Report,,7,1,19.7,0,0,0,Watford,2022
11/20/2021,15:00,Premier League,Matchweek 12,Sat,Home,W,4,1,Manchester Utd,2.7,1.4,39,21087,Moussa Sissoko,4-1-4-1,4-2-3-1,Jonathan Moss,Match Report,,19,6,15.9,2,0,1,Watford,2022
11/28/2021,14:00,Premier League,Matchweek 13,Sun,Away,L,2,4,Leicester City,2.8,2.1,44,32020,Moussa Sissoko,4-1-4-1,4-2-3-1,Andy Madley,Match Report,,16,4,16.4,1,1,1,Watford,2022
12/1/2021,19:30,Premier League,Matchweek 14,Wed,Home,L,1,2,Chelsea,1,0.9,51,20388,Moussa Sissoko,4-1-4-1,3/4/2003,David Coote,Match Report,,14,6,21.4,2,0,0,Watford,2022
12/4/2021,17:30,Premier League,Matchweek 15,Sat,Home,L,1,3,Manchester City,0.8,3.1,23,20673,Moussa Sissoko,4-1-4-1,4/3/2003,Simon Hooper,Match Report,,11,4,19.6,1,0,0,Watford,2022
12/10/2021,20:00,Premier League,Matchweek 16,Fri,Away,L,1,2,Brentford,0.5,1.6,37,16861,Moussa Sissoko,4-2-3-1,3/5/2002,Michael Oliver,Match Report,,6,2,14.9,1,0,0,Watford,2022
12/28/2021,15:00,Premier League,Matchweek 20,Tue,Home,L,1,4,West Ham,1.6,3.6,43,20073,Moussa Sissoko,4-1-4-1,4-2-3-1,Darren England,Match Report,,14,5,15.2,0,0,0,Watford,2022
1/1/2022,15:00,Premier League,Matchweek 21,Sat,Home,L,0,1,Tottenham,0.3,2.2,26,20391,Moussa Sissoko,4/4/2002,3/4/2003,Robert Jones,Match Report,,6,4,19,1,0,0,Watford,2022
1/15/2022,15:00,Premier League,Matchweek 22,Sat,Away,D,1,1,Newcastle Utd,1.4,1.2,48,52223,Moussa Sissoko,4/3/2003,4/3/2003,Paul Tierney,Match Report,,18,5,19.3,2,0,0,Watford,2022
1/21/2022,20:00,Premier League,Matchweek 23,Fri,Home,L,0,3,Norwich City,1.2,1.1,67,20782,Moussa Sissoko,4/3/2003,4/4/2002,Mike Dean,Match Report,,15,3,19.1,0,0,0,Watford,2022
2/5/2022,18:00,Premier League,Matchweek 17,Sat,Away,D,0,0,Burnley,0.8,0.6,47,19527,Moussa Sissoko,4/4/2002,4/4/2002,Craig Pawson,Match Report,,11,5,16.3,0,0,0,Watford,2022
2/8/2022,19:45,Premier League,Matchweek 24,Tue,Away,L,0,1,West Ham,0.3,0.8,36,59581,Moussa Sissoko,4/4/2002,4-2-3-1,Martin Atkinson,Match Report,,6,1,22.6,0,0,0,Watford,2022
2/12/2022,15:00,Premier League,Matchweek 25,Sat,Home,L,0,2,Brighton,0.5,1.6,36,20795,Moussa Sissoko,4/4/2002,3-1-4-2,Jonathan Moss,Match Report,,9,1,17.4,1,0,0,Watford,2022
2/19/2022,15:00,Premier League,Matchweek 26,Sat,Away,W,1,0,Aston Villa,1.2,1.3,41,41936,Moussa Sissoko,4/3/2003,4/3/2003,Robert Jones,Match Report,,8,4,18.1,0,0,0,Watford,2022
2/23/2022,19:30,Premier League,Matchweek 18,Wed,Home,L,1,4,Crystal Palace,1.4,1.1,46,20012,Moussa Sissoko,4/3/2003,4/3/2003,Andre Marriner,Match Report,,8,1,13.3,0,0,0,Watford,2022
2/26/2022,15:00,Premier League,Matchweek 27,Sat,Away,D,0,0,Manchester Utd,0.6,2.8,33,73152,Moussa Sissoko,4/3/2003,4-2-3-1,Kevin Friend,Match Report,,10,2,21.7,0,0,0,Watford,2022
3/6/2022,14:00,Premier League,Matchweek 28,Sun,Home,L,2,3,Arsenal,1,1,44,21142,Moussa Sissoko,4/3/2003,4-2-3-1,Craig Pawson,Match Report,,13,7,19,2,0,0,Watford,2022
3/10/2022,19:30,Premier League,Matchweek 19,Thu,Away,L,0,4,Wolves,0.6,0.7,34,29658,Moussa Sissoko,4/3/2003,3/4/2003,Darren England,Match Report,,9,0,21.8,2,0,0,Watford,2022
3/13/2022,14:00,Premier League,Matchweek 29,Sun,Away,W,2,1,Southampton,1.7,1.4,37,28863,Moussa Sissoko,4/3/2003,4/4/2002,Graham Scott,Match Report,,9,5,16.9,0,0,0,Watford,2022
4/2/2022,12:30,Premier League,Matchweek 31,Sat,Away,L,0,2,Liverpool,0.6,2.2,27,53104,Moussa Sissoko,4-1-4-1,4/3/2003,Stuart Attwell,Match Report,,5,2,15.3,0,0,0,Watford,2022
4/9/2022,15:00,Premier League,Matchweek 32,Sat,Home,L,0,3,Leeds United,1.1,0.7,49,20957,Moussa Sissoko,4/3/2003,4-2-3-1,Andre Marriner,Match Report,,8,1,26,1,0,0,Watford,2022
4/16/2022,15:00,Premier League,Matchweek 33,Sat,Home,L,1,2,Brentford,1.7,1.9,50,21045,Moussa Sissoko,4/3/2003,4/3/2003,Simon Hooper,Match Report,,18,4,16.3,2,0,0,Watford,2022
4/23/2022,15:00,Premier League,Matchweek 34,Sat,Away,L,1,5,Manchester City,0.5,3.6,27,53013,Moussa Sissoko,4/3/2003,4-2-3-1,Kevin Friend,Match Report,,5,2,14.5,0,0,0,Watford,2022
4/30/2022,15:00,Premier League,Matchweek 35,Sat,Home,L,1,2,Burnley,1,1.6,47,20738,Moussa Sissoko,4/3/2003,4/4/2002,Craig Pawson,Match Report,,13,1,15.5,1,0,0,Watford,2022
5/7/2022,15:00,Premier League,Matchweek 36,Sat,Away,L,0,1,Crystal Palace,0.4,2.2,33,24622,Moussa Sissoko,4/3/2003,4/3/2003,Graham Scott,Match Report,,6,1,17.7,0,0,0,Watford,2022
5/11/2022,19:45,Premier League,Matchweek 30,Wed,Home,D,0,0,Everton,0.3,0.7,48,20653,Moussa Sissoko,4/3/2003,5/4/2001,Mike Dean,Match Report,,6,0,20,1,0,0,Watford,2022
5/15/2022,14:00,Premier League,Matchweek 37,Sun,Home,L,1,5,Leicester City,1.4,2.5,41,20257,Moussa Sissoko,4/3/2003,4-1-4-1,Jarred Gillett,Match Report,,13,5,12.4,0,0,0,Watford,2022
5/22/2022,16:00,Premier League,Matchweek 38,Sun,Away,L,1,2,Chelsea,0.6,2.2,29,32089,Moussa Sissoko,4/3/2003,3/4/2003,Mike Dean,Match Report,,8,3,21.9,1,0,0,Watford,2022
9/13/2020,14:00,Premier League,Matchweek 1,Sun,Home,L,0,3,Leicester City,0.4,2.8,36,,Jake Livermore,5/4/2001,4-1-4-1,Anthony Taylor,Match Report,,7,1,18.4,1,0,0,West Bromwich Albion,2021
9/19/2020,12:30,Premier League,Matchweek 2,Sat,Away,L,2,5,Everton,0.3,3.9,29,,Jake Livermore,5/4/2001,4/3/2003,Mike Dean,Match Report,,6,4,22.2,1,0,0,West Bromwich Albion,2021
9/26/2020,17:30,Premier League,Matchweek 3,Sat,Home,D,3,3,Chelsea,0.6,2,25,,Jake Livermore,5/4/2001,4-2-3-1,Jonathan Moss,Match Report,,9,3,20.7,0,0,0,West Bromwich Albion,2021
10/4/2020,12:00,Premier League,Matchweek 4,Sun,Away,L,0,2,Southampton,0.2,1.2,38,,Jake Livermore,4-2-3-1,4/4/2002,Chris Kavanagh,Match Report,,5,2,20.6,0,0,0,West Bromwich Albion,2021
10/19/2020,17:30,Premier League,Matchweek 5,Mon,Home,D,0,0,Burnley,0.8,1.1,57,,Jake Livermore,4-1-4-1,4/4/2002,Anthony Taylor,Match Report,,13,6,17.3,0,0,0,West Bromwich Albion,2021
10/26/2020,17:30,Premier League,Matchweek 6,Mon,Away,D,1,1,Brighton,0.4,0.5,50,,Jake Livermore,4-1-4-1,3/4/2003,Jonathan Moss,Match Report,,9,3,21.9,0,0,0,West Bromwich Albion,2021
11/2/2020,17:30,Premier League,Matchweek 7,Mon,Away,L,0,2,Fulham,0.5,1.5,53,,Jake Livermore,4-1-4-1,4-2-3-1,Simon Hooper,Match Report,,10,1,21.4,1,0,0,West Bromwich Albion,2021
11/8/2020,12:00,Premier League,Matchweek 8,Sun,Home,L,0,1,Tottenham,0.8,1.9,42,,Jake Livermore,5/3/2002,4-2-3-1,Andy Madley,Match Report,,12,2,18.1,0,0,0,West Bromwich Albion,2021
11/21/2020,20:00,Premier League,Matchweek 9,Sat,Away,L,0,1,Manchester Utd,0.6,2.4,37,,Kyle Bartley,5/4/2001,4-2-3-1,David Coote,Match Report,,7,2,15.2,0,0,0,West Bromwich Albion,2021
11/28/2020,20:00,Premier League,Matchweek 10,Sat,Home,W,1,0,Sheffield Utd,1.2,2.9,49,,Kyle Bartley,3-4-1-2,3/5/2002,Mike Dean,Match Report,,17,6,17.1,1,0,0,West Bromwich Albion,2021
12/6/2020,12:00,Premier League,Matchweek 11,Sun,Home,L,1,5,Crystal Palace,0.7,1.6,50,,Kyle Bartley,3-4-1-2,4/4/2002,Paul Tierney,Match Report,,9,4,16.4,0,0,0,West Bromwich Albion,2021
12/12/2020,15:00,Premier League,Matchweek 12,Sat,Away,L,1,2,Newcastle Utd,0.6,0.8,54,,Branislav Ivanović,3/5/2002,4/4/2002,Darren England,Match Report,,13,3,23.1,1,0,0,West Bromwich Albion,2021
12/15/2020,20:00,Premier League,Matchweek 13,Tue,Away,D,1,1,Manchester City,0.4,2.2,23,,Jake Livermore,4-1-4-1,4-2-3-1,Peter Bankes,Match Report,,5,1,19.7,0,0,0,West Bromwich Albion,2021
12/20/2020,19:15,Premier League,Matchweek 14,Sun,Home,L,0,3,Aston Villa,0,2.4,33,,Jake Livermore,4-1-4-1,4-2-3-1,Martin Atkinson,Match Report,,1,1,34.1,1,0,0,West Bromwich Albion,2021
12/27/2020,16:30,Premier League,Matchweek 15,Sun,Away,D,1,1,Liverpool,0.6,1.5,23,2000,Matt Phillips,4/5/2001,4/3/2003,Kevin Friend,Match Report,,5,3,17.5,0,0,0,West Bromwich Albion,2021
12/29/2020,18:00,Premier League,Matchweek 16,Tue,Home,L,0,5,Leeds United,0.5,1.2,25,,Matt Phillips,4-1-4-1,4-1-4-1,Lee Mason,Match Report,,4,1,20.3,0,0,0,West Bromwich Albion,2021
1/2/2021,20:00,Premier League,Matchweek 17,Sat,Home,L,0,4,Arsenal,1,3.7,39,,Matt Phillips,4-4-1-1,4-2-3-1,Martin Atkinson,Match Report,,7,3,19.4,0,0,0,West Bromwich Albion,2021
1/16/2021,12:30,Premier League,Matchweek 19,Sat,Away,W,3,2,Wolves,2.4,1.5,33,,Jake Livermore,4-2-3-1,4/3/2003,Michael Oliver,Match Report,,10,3,20.1,0,2,2,West Bromwich Albion,2021
1/19/2021,18:00,Premier League,Matchweek 18,Tue,Away,L,1,2,West Ham,0.5,2,41,,Jake Livermore,4-4-1-1,4-2-3-1,Graham Scott,Match Report,,6,2,20.5,0,0,0,West Bromwich Albion,2021
1/26/2021,20:15,Premier League,Matchweek 20,Tue,Home,L,0,5,Manchester City,0.5,1.8,23,,Jake Livermore,4-4-1-1,4/3/2003,Chris Kavanagh,Match Report,,4,1,10.4,0,0,0,West Bromwich Albion,2021
1/30/2021,15:00,Premier League,Matchweek 21,Sat,Home,D,2,2,Fulham,1,1.3,38,,Jake Livermore,3/5/2002,3/4/2003,Anthony Taylor,Match Report,,5,3,15.3,0,0,0,West Bromwich Albion,2021
2/2/2021,18:00,Premier League,Matchweek 22,Tue,Away,L,1,2,Sheffield Utd,1.6,1.3,32,,Jake Livermore,4-4-1-1,3/5/2002,Paul Tierney,Match Report,,8,4,13.6,0,0,0,West Bromwich Albion,2021
2/7/2021,12:00,Premier League,Matchweek 23,Sun,Away,L,0,2,Tottenham,0.6,1.5,35,,Kyle Bartley,4-1-4-1,4-2-3-1,Stuart Attwell,Match Report,,4,1,10.7,0,0,0,West Bromwich Albion,2021
2/14/2021,14:00,Premier League,Matchweek 24,Sun,Home,D,1,1,Manchester Utd,1,0.5,27,,Kyle Bartley,4-1-4-1,4-2-3-1,Craig Pawson,Match Report,,7,3,14,0,0,0,West Bromwich Albion,2021
2/20/2021,15:00,Premier League,Matchweek 25,Sat,Away,D,0,0,Burnley,1.6,0.5,38,,Kyle Bartley,4-1-4-1,4/4/2002,Mike Dean,Match Report,,10,2,22.9,2,0,0,West Bromwich Albion,2021
2/27/2021,15:00,Premier League,Matchweek 26,Sat,Home,W,1,0,Brighton,0.8,2.9,32,,Kyle Bartley,4-1-4-1,4-2-3-1,Lee Mason,Match Report,,6,2,18.3,0,0,0,West Bromwich Albion,2021
3/4/2021,18:00,Premier League,Matchweek 29,Thu,Home,L,0,1,Everton,1,1,49,,Kyle Bartley,4-1-4-1,4/4/2002,Darren England,Match Report,,11,3,16.9,0,0,0,West Bromwich Albion,2021
3/7/2021,12:00,Premier League,Matchweek 27,Sun,Home,D,0,0,Newcastle Utd,2,0.5,53,,Kyle Bartley,4-1-4-1,4-3-1-2,Martin Atkinson,Match Report,,13,3,17.9,0,0,0,West Bromwich Albion,2021
3/13/2021,15:00,Premier League,Matchweek 28,Sat,Away,L,0,1,Crystal Palace,0.8,1.2,55,,Kyle Bartley,4-1-4-1,4/4/2002,Simon Hooper,Match Report,,12,1,18,1,0,0,West Bromwich Albion,2021
4/3/2021,12:30,Premier League,Matchweek 30,Sat,Away,W,5,2,Chelsea,1.6,2.1,35,,Kyle Bartley,5/4/2001,3/4/2003,David Coote,Match Report,,14,7,19.4,2,0,0,West Bromwich Albion,2021
4/12/2021,18:00,Premier League,Matchweek 31,Mon,Home,W,3,0,Southampton,3,1.5,40,,Kyle Bartley,4-4-1-1,4/4/2002,Simon Hooper,Match Report,,14,5,14.9,1,1,1,West Bromwich Albion,2021
4/22/2021,20:00,Premier League,Matchweek 32,Thu,Away,L,0,3,Leicester City,0.5,2.1,28,,Kyle Bartley,4-4-1-1,3-4-1-2,Andy Madley,Match Report,,4,1,15.2,0,0,0,West Bromwich Albion,2021
4/25/2021,19:00,Premier League,Matchweek 33,Sun,Away,D,2,2,Aston Villa,1.5,3.2,30,,Kyle Bartley,4-1-4-1,4-2-3-1,Stuart Attwell,Match Report,,9,3,22.4,2,1,1,West Bromwich Albion,2021
5/3/2021,18:00,Premier League,Matchweek 34,Mon,Home,D,1,1,Wolves,1.1,1,43,,Kyle Bartley,3-5-1-1,4-2-3-1,Paul Tierney,Match Report,,10,3,15.7,0,0,0,West Bromwich Albion,2021
5/9/2021,19:00,Premier League,Matchweek 35,Sun,Away,L,1,3,Arsenal,1.8,0.9,35,,Kyle Bartley,4-4-1-1,4-2-3-1,Peter Bankes,Match Report,,12,1,19.3,0,0,0,West Bromwich Albion,2021
5/16/2021,16:30,Premier League,Matchweek 36,Sun,Home,L,1,2,Liverpool,1,1.9,24,,Kyle Bartley,4-4-1-1,4/3/2003,Mike Dean,Match Report,,9,3,15.6,1,0,0,West Bromwich Albion,2021
5/19/2021,20:15,Premier League,Matchweek 37,Wed,Home,L,1,3,West Ham,1.1,3.4,52,5371,Kyle Bartley,4-4-1-1,4-2-3-1,Michael Oliver,Match Report,,14,4,19.5,1,0,0,West Bromwich Albion,2021
5/23/2021,16:00,Premier League,Matchweek 38,Sun,Away,L,1,3,Leeds United,1,2.3,36,8000,Kyle Bartley,5/3/2002,3/4/2003,David Coote,Match Report,,14,5,18.9,0,0,0,West Bromwich Albion,2021
9/12/2020,20:00,Premier League,Matchweek 1,Sat,Home,L,0,2,Newcastle Utd,1,1.6,58,,Mark Noble,4-2-3-1,4/4/2002,Stuart Attwell,Match Report,,15,3,16.5,0,0,0,West Ham United,2021
9/19/2020,20:00,Premier League,Matchweek 2,Sat,Away,L,1,2,Arsenal,2,1.1,38,,Declan Rice,5/4/2001,3/4/2003,Michael Oliver,Match Report,,14,2,18.1,1,0,0,West Ham United,2021
9/27/2020,19:00,Premier League,Matchweek 3,Sun,Home,W,4,0,Wolves,2.4,0.5,37,,Declan Rice,5/4/2001,3/4/2003,Martin Atkinson,Match Report,,15,7,12.6,0,0,0,West Ham United,2021
10/4/2020,12:00,Premier League,Matchweek 4,Sun,Away,W,3,0,Leicester City,2,0.6,31,,Declan Rice,5/4/2001,3/4/2003,Andy Madley,Match Report,,14,6,13.2,0,0,0,West Ham United,2021
10/18/2020,16:30,Premier League,Matchweek 5,Sun,Away,D,3,3,Tottenham,1.9,1.7,50,,Declan Rice,5/4/2001,4-2-3-1,Paul Tierney,Match Report,,13,4,15.2,1,0,0,West Ham United,2021
10/24/2020,12:30,Premier League,Matchweek 6,Sat,Home,D,1,1,Manchester City,0.3,1,31,,Declan Rice,5/4/2001,4/3/2003,Anthony Taylor,Match Report,,6,2,22.3,0,0,0,West Ham United,2021
10/31/2020,17:30,Premier League,Matchweek 7,Sat,Away,L,1,2,Liverpool,0.3,1.7,28,,Declan Rice,5/4/2001,4/3/2003,Kevin Friend,Match Report,,4,3,14.2,0,0,0,West Ham United,2021
11/7/2020,20:00,Premier League,Matchweek 8,Sat,Home,W,1,0,Fulham,1.3,1.7,53,,Declan Rice,3/4/2003,4-2-3-1,Robert Jones,Match Report,,16,7,15.8,1,0,0,West Ham United,2021
11/22/2020,14:00,Premier League,Matchweek 9,Sun,Away,W,1,0,Sheffield Utd,2.1,0.9,49,,Declan Rice,3/4/2003,3/5/2002,Martin Atkinson,Match Report,,15,3,12.3,0,0,0,West Ham United,2021
11/30/2020,20:00,Premier League,Matchweek 10,Mon,Home,W,2,1,Aston Villa,0.4,2.5,34,,Declan Rice,3/4/2003,4/3/2003,Peter Bankes,Match Report,,6,2,15.8,0,0,0,West Ham United,2021
12/5/2020,17:30,Premier League,Matchweek 11,Sat,Home,L,1,3,Manchester Utd,2,1.7,40,2000,Declan Rice,3/4/2003,4-2-3-1,Andre Marriner,Match Report,,19,6,15.7,1,0,0,West Ham United,2021
12/11/2020,20:00,Premier League,Matchweek 12,Fri,Away,W,2,1,Leeds United,1.3,1.6,37,,Declan Rice,4-2-3-1,4-1-4-1,Michael Oliver,Match Report,,19,8,16.8,1,0,0,West Ham United,2021
12/16/2020,20:00,Premier League,Matchweek 13,Wed,Home,D,1,1,Crystal Palace,0.4,1.1,52,,Declan Rice,4-2-3-1,4/4/2002,David Coote,Match Report,,9,2,20.1,1,0,0,West Ham United,2021
12/21/2020,20:00,Premier League,Matchweek 14,Mon,Away,L,0,3,Chelsea,0.4,2,47,,Mark Noble,4-2-3-1,4/3/2003,Chris Kavanagh,Match Report,,6,0,12.8,0,0,0,West Ham United,2021
12/27/2020,14:15,Premier League,Matchweek 15,Sun,Home,D,2,2,Brighton,1.3,1.1,44,,Mark Noble,3-4-1-2,3/4/2003,Simon Hooper,Match Report,,11,4,13.4,0,0,0,West Ham United,2021
12/29/2020,18:00,Premier League,Matchweek 16,Tue,Away,D,0,0,Southampton,1.2,0.6,38,,Declan Rice,4-1-4-1,4/4/2002,Andy Madley,Match Report,,8,3,13.9,0,0,0,West Ham United,2021
1/1/2021,17:30,Premier League,Matchweek 17,Fri,Away,W,1,0,Everton,1.3,0.4,40,,Declan Rice,4-2-3-1,4-2-3-1,Kevin Friend,Match Report,,11,5,16.9,1,0,0,West Ham United,2021
1/16/2021,15:00,Premier League,Matchweek 19,Sat,Home,W,1,0,Burnley,1.7,0.5,45,,Declan Rice,4-2-3-1,4/4/2002,Chris Kavanagh,Match Report,,15,3,12.9,1,0,0,West Ham United,2021
1/19/2021,18:00,Premier League,Matchweek 18,Tue,Home,W,2,1,West Brom,2,0.5,59,,Declan Rice,4-2-3-1,4-4-1-1,Graham Scott,Match Report,,14,6,18.3,1,0,0,West Ham United,2021
1/26/2021,18:00,Premier League,Matchweek 20,Tue,Away,W,3,2,Crystal Palace,2.8,0.7,46,,Declan Rice,4-2-3-1,4/4/2002,Stuart Attwell,Match Report,,17,7,15.5,0,0,0,West Ham United,2021
1/31/2021,16:30,Premier League,Matchweek 21,Sun,Home,L,1,3,Liverpool,0.8,2,33,,Declan Rice,4-2-3-1,4-3-1-2,Jonathan Moss,Match Report,,8,2,14.7,0,0,0,West Ham United,2021
2/3/2021,20:15,Premier League,Matchweek 22,Wed,Away,W,3,1,Aston Villa,1.7,0.7,44,,Declan Rice,4-2-3-1,4-2-3-1,Andy Madley,Match Report,,20,9,18.9,1,0,0,West Ham United,2021
2/6/2021,17:30,Premier League,Matchweek 23,Sat,Away,D,0,0,Fulham,1,1.5,40,,Declan Rice,4-2-3-1,4-2-3-1,Mike Dean,Match Report,,8,1,13.3,1,0,0,West Ham United,2021
2/15/2021,18:00,Premier League,Matchweek 24,Mon,Home,W,3,0,Sheffield Utd,1.9,0.7,46,,Declan Rice,3/4/2003,3/5/2002,Simon Hooper,Match Report,,12,8,19,2,1,1,West Ham United,2021
2/21/2021,12:00,Premier League,Matchweek 25,Sun,Home,W,2,1,Tottenham,1.1,1.1,32,,Declan Rice,4-2-3-1,4-2-3-1,Craig Pawson,Match Report,,4,4,7.6,0,0,0,West Ham United,2021
2/27/2021,12:30,Premier League,Matchweek 26,Sat,Away,L,1,2,Manchester City,1.5,0.5,37,,Declan Rice,3/4/2003,4/3/2003,Michael Oliver,Match Report,,9,3,13,0,0,0,West Ham United,2021
3/8/2021,20:00,Premier League,Matchweek 27,Mon,Home,W,2,0,Leeds United,1.8,1.4,35,,Declan Rice,4-2-3-1,4-1-4-1,Mike Dean,Match Report,,15,4,21.2,1,0,1,West Ham United,2021
3/14/2021,19:15,Premier League,Matchweek 28,Sun,Away,L,0,1,Manchester Utd,0.6,1.5,39,,Mark Noble,3-1-4-2,4-2-3-1,Martin Atkinson,Match Report,,7,0,14,0,0,0,West Ham United,2021
3/21/2021,15:00,Premier League,Matchweek 29,Sun,Home,D,3,3,Arsenal,2.4,1.4,38,,Declan Rice,4-2-3-1,4-2-3-1,Jonathan Moss,Match Report,,15,5,12.9,0,0,0,West Ham United,2021
4/5/2021,20:15,Premier League,Matchweek 30,Mon,Away,W,3,2,Wolves,1.2,2.1,35,,Mark Noble,4-2-3-1,4-2-3-1,Michael Oliver,Match Report,,9,6,12.6,0,0,0,West Ham United,2021
4/11/2021,14:05,Premier League,Matchweek 31,Sun,Home,W,3,2,Leicester City,0.8,0.9,37,,Mark Noble,3-4-1-2,3/5/2002,Mike Dean,Match Report,,4,4,15.4,0,0,0,West Ham United,2021
4/17/2021,12:30,Premier League,Matchweek 32,Sat,Away,L,2,3,Newcastle Utd,1.9,2.2,66,,Mark Noble,3-4-1-2,5/3/2002,Kevin Friend,Match Report,,15,5,19.3,0,1,1,West Ham United,2021
4/24/2021,17:30,Premier League,Matchweek 33,Sat,Home,L,0,1,Chelsea,0.4,2.5,45,,Mark Noble,3-4-1-2,3/4/2003,Chris Kavanagh,Match Report,,9,2,23.2,1,0,0,West Ham United,2021
5/3/2021,20:15,Premier League,Matchweek 34,Mon,Away,W,2,1,Burnley,2.3,2,55,,Aaron Cresswell,4-2-3-1,4/4/2002,Anthony Taylor,Match Report,,22,4,16.9,1,0,0,West Ham United,2021
5/9/2021,16:30,Premier League,Matchweek 35,Sun,Home,L,0,1,Everton,1.3,1.5,68,,Aaron Cresswell,4-2-3-1,4/4/2002,Stuart Attwell,Match Report,,11,0,15.8,0,0,0,West Ham United,2021
5/15/2021,20:00,Premier League,Matchweek 36,Sat,Away,D,1,1,Brighton,1.7,0.8,49,,Declan Rice,4-2-3-1,3/4/2003,Andre Marriner,Match Report,,15,2,18.6,0,0,0,West Ham United,2021
5/19/2021,20:15,Premier League,Matchweek 37,Wed,Away,W,3,1,West Brom,3.4,1.1,48,5371,Declan Rice,4-2-3-1,4-4-1-1,Michael Oliver,Match Report,,20,9,16.2,1,0,1,West Ham United,2021
5/23/2021,16:00,Premier League,Matchweek 38,Sun,Home,W,3,0,Southampton,1.3,1.5,38,10000,Declan Rice,4-2-3-1,4/4/2002,Martin Atkinson,Match Report,,14,7,15.9,0,0,0,West Ham United,2021
8/15/2021,14:00,Premier League,Matchweek 1,Sun,Away,W,4,2,Newcastle Utd,2.7,1.8,54,50673,Declan Rice,4-2-3-1,5/3/2002,Martin Atkinson,Match Report,,17,7,17.1,1,0,1,West Ham United,2022
8/23/2021,20:00,Premier League,Matchweek 2,Mon,Home,W,4,1,Leicester City,2.3,0.6,52,59901,Declan Rice,4-2-3-1,4-2-3-1,Michael Oliver,Match Report,,19,7,13.9,0,0,0,West Ham United,2022
8/28/2021,15:00,Premier League,Matchweek 3,Sat,Home,D,2,2,Crystal Palace,1.3,1.1,47,59751,Declan Rice,4-2-3-1,4/3/2003,Stuart Attwell,Match Report,,14,4,15.2,0,0,0,West Ham United,2022
9/11/2021,15:00,Premier League,Matchweek 4,Sat,Away,D,0,0,Southampton,0.7,0.7,58,30000,Declan Rice,4-2-3-1,4-1-4-1,David Coote,Match Report,,13,3,20,1,0,0,West Ham United,2022
9/19/2021,14:00,Premier League,Matchweek 5,Sun,Home,L,1,2,Manchester Utd,1.6,2,40,60000,Declan Rice,4/4/2002,4-2-3-1,Martin Atkinson,Match Report,,12,3,22,0,0,1,West Ham United,2022
9/25/2021,15:00,Premier League,Matchweek 6,Sat,Away,W,2,1,Leeds United,1.6,1.2,47,36417,Declan Rice,4-2-3-1,4-1-4-1,Kevin Friend,Match Report,,20,6,18.2,2,0,0,West Ham United,2022
10/3/2021,14:00,Premier League,Matchweek 7,Sun,Home,L,1,2,Brentford,1.5,1.2,59,49940,Declan Rice,4-2-3-1,3/5/2002,Peter Bankes,Match Report,,18,5,16.7,1,0,0,West Ham United,2022
10/17/2021,14:00,Premier League,Matchweek 8,Sun,Away,W,1,0,Everton,1.2,0.9,61,39132,Declan Rice,4-2-3-1,4-4-1-1,Stuart Attwell,Match Report,,16,4,16.5,0,0,0,West Ham United,2022
10/24/2021,14:00,Premier League,Matchweek 9,Sun,Home,W,1,0,Tottenham,1.3,0.7,38,59924,Declan Rice,4-2-3-1,4-2-3-1,Paul Tierney,Match Report,,13,4,14.8,0,0,0,West Ham United,2022
10/31/2021,16:30,Premier League,Matchweek 10,Sun,Away,W,4,1,Aston Villa,2.3,0.7,57,41874,Declan Rice,4-2-3-1,4/3/2003,Chris Kavanagh,Match Report,,21,8,16.5,3,0,0,West Ham United,2022
11/7/2021,16:30,Premier League,Matchweek 11,Sun,Home,W,3,2,Liverpool,1,1.2,31,59909,Declan Rice,4-2-3-1,4/3/2003,Craig Pawson,Match Report,,7,3,14.5,0,0,0,West Ham United,2022
11/20/2021,15:00,Premier League,Matchweek 12,Sat,Away,L,0,1,Wolves,0.4,1.4,48,30667,Declan Rice,4-2-3-1,3/4/2003,Mike Dean,Match Report,,8,3,20.2,0,0,0,West Ham United,2022
11/28/2021,14:00,Premier League,Matchweek 13,Sun,Away,L,1,2,Manchester City,0.2,2.1,32,53245,Declan Rice,4-2-3-1,4/3/2003,Michael Oliver,Match Report,,5,3,21.4,1,0,0,West Ham United,2022
12/1/2021,19:30,Premier League,Matchweek 14,Wed,Home,D,1,1,Brighton,1.3,1.3,35,59626,Declan Rice,4-2-3-1,4-2-3-1,Chris Kavanagh,Match Report,,14,5,22.6,0,0,0,West Ham United,2022
12/4/2021,12:30,Premier League,Matchweek 15,Sat,Home,W,3,2,Chelsea,1.8,1.1,37,59942,Declan Rice,3/4/2003,3/4/2003,Andre Marriner,Match Report,,10,3,20.1,0,1,1,West Ham United,2022
12/12/2021,14:00,Premier League,Matchweek 16,Sun,Away,D,0,0,Burnley,0.8,0.8,60,18065,Declan Rice,4-2-3-1,4/4/2002,Graham Scott,Match Report,,16,3,18.6,0,0,0,West Ham United,2022
12/15/2021,20:00,Premier League,Matchweek 17,Wed,Away,L,0,2,Arsenal,0.4,2.8,45,59777,Declan Rice,4-2-3-1,4-4-1-1,Anthony Taylor,Match Report,,7,1,22.3,1,0,0,West Ham United,2022
12/26/2021,15:00,Premier League,Matchweek 19,Sun,Home,L,2,3,Southampton,1.6,1.2,56,41027,Declan Rice,4-2-3-1,4-1-4-1,Kevin Friend,Match Report,,11,4,17.2,0,0,0,West Ham United,2022
12/28/2021,15:00,Premier League,Matchweek 20,Tue,Away,W,4,1,Watford,3.6,1.6,57,20073,Mark Noble,4-2-3-1,4-1-4-1,Darren England,Match Report,,12,5,16,0,1,1,West Ham United,2022
1/1/2022,17:30,Premier League,Matchweek 21,Sat,Away,W,3,2,Crystal Palace,2.2,2.4,38,24351,Declan Rice,4-2-3-1,4/3/2003,Darren England,Match Report,,9,4,14.5,0,1,1,West Ham United,2022
1/12/2022,19:45,Premier League,Matchweek 18,Wed,Home,W,2,0,Norwich City,2.5,0.3,62,59775,Declan Rice,4-2-3-1,4-2-3-1,Simon Hooper,Match Report,,13,5,15.1,0,0,0,West Ham United,2022
1/16/2022,14:00,Premier League,Matchweek 22,Sun,Home,L,2,3,Leeds United,2.4,2.2,48,59951,Declan Rice,4-2-3-1,4-1-4-1,Mike Dean,Match Report,,15,5,12.6,0,0,0,West Ham United,2022
1/22/2022,15:00,Premier League,Matchweek 23,Sat,Away,L,0,1,Manchester Utd,0.3,1.9,43,73130,Declan Rice,4-2-3-1,4-2-3-1,Jonathan Moss,Match Report,,6,1,17.9,0,0,0,West Ham United,2022
2/8/2022,19:45,Premier League,Matchweek 24,Tue,Home,W,1,0,Watford,0.8,0.3,64,59581,Declan Rice,4-2-3-1,4/4/2002,Martin Atkinson,Match Report,,9,2,13.2,0,0,0,West Ham United,2022
2/13/2022,16:30,Premier League,Matchweek 25,Sun,Away,D,2,2,Leicester City,1.1,1.4,45,32061,Declan Rice,4-2-3-1,4/3/2003,Michael Oliver,Match Report,,8,3,16.1,0,0,0,West Ham United,2022
2/19/2022,12:30,Premier League,Matchweek 26,Sat,Home,D,1,1,Newcastle Utd,0.6,0.8,47,59949,Declan Rice,4-2-3-1,4/3/2003,Chris Kavanagh,Match Report,,11,3,14.4,0,0,0,West Ham United,2022
2/27/2022,14:00,Premier League,Matchweek 27,Sun,Home,W,1,0,Wolves,1.8,0.7,39,59946,Declan Rice,3/4/2003,3/4/2003,Anthony Taylor,Match Report,,13,4,16.7,1,0,0,West Ham United,2022
3/5/2022,17:30,Premier League,Matchweek 28,Sat,Away,L,0,1,Liverpool,1.3,2.4,32,59925,Aaron Cresswell,4/4/2002,4/3/2003,Jonathan Moss,Match Report,,13,4,14.9,0,0,0,West Ham United,2022
3/13/2022,14:00,Premier League,Matchweek 29,Sun,Home,W,2,1,Aston Villa,1.2,1.1,47,59957,Declan Rice,4-2-3-1,4-1-2-1-2,Jarred Gillett,Match Report,,11,4,16.3,0,0,0,West Ham United,2022
3/20/2022,16:30,Premier League,Matchweek 30,Sun,Away,L,1,3,Tottenham,0.6,3,47,58685,Declan Rice,3/4/2003,3/4/2003,Anthony Taylor,Match Report,,6,1,9.1,0,0,0,West Ham United,2022
4/3/2022,14:00,Premier League,Matchweek 31,Sun,Home,W,2,1,Everton,1.2,0.7,55,59953,Declan Rice,4-2-3-1,4/3/2003,Michael Oliver,Match Report,,11,5,19.9,2,0,0,West Ham United,2022
4/10/2022,14:00,Premier League,Matchweek 32,Sun,Away,L,0,2,Brentford,0.3,1.4,53,17032,Declan Rice,4-2-3-1,4/3/2003,Martin Atkinson,Match Report,,5,1,17.5,0,0,0,West Ham United,2022
4/17/2022,14:15,Premier League,Matchweek 33,Sun,Home,D,1,1,Burnley,2.2,1.8,61,59958,Declan Rice,4-2-3-1,4/4/2002,Paul Tierney,Match Report,,21,6,14.7,0,0,0,West Ham United,2022
4/24/2022,14:00,Premier League,Matchweek 34,Sun,Away,L,0,1,Chelsea,0.5,3,34,32231,Mark Noble,3/4/2003,3-4-1-2,Michael Oliver,Match Report,,6,2,13.4,0,0,0,West Ham United,2022
5/1/2022,16:30,Premier League,Matchweek 35,Sun,Home,L,1,2,Arsenal,0.5,0.9,57,59959,Mark Noble,4-2-3-1,4-2-3-1,Mike Dean,Match Report,,8,3,14,0,0,0,West Ham United,2022
5/8/2022,14:00,Premier League,Matchweek 36,Sun,Away,W,4,0,Norwich City,3,0.8,63,26428,Declan Rice,4-2-3-1,4-2-3-1,Robert Jones,Match Report,,12,4,14.4,0,1,1,West Ham United,2022
5/15/2022,14:00,Premier League,Matchweek 37,Sun,Home,D,2,2,Manchester City,1.1,2.4,22,59972,Declan Rice,4-2-3-1,4/3/2003,Anthony Taylor,Match Report,,6,2,13.7,0,0,0,West Ham United,2022
5/22/2022,16:00,Premier League,Matchweek 38,Sun,Away,L,1,3,Brighton,0.2,1.6,50,31604,Declan Rice,4-2-3-1,4-3-2-1,Kevin Friend,Match Report,,7,2,22,0,0,0,West Ham United,2022
8/7/2022,16:30,Premier League,Matchweek 1,Sun,Home,L,0,2,Manchester City,0.5,2.2,25,62443,Declan Rice,4-2-3-1,4/3/2003,Michael Oliver,Match Report,,6,1,16.3,0,0,0,West Ham United,2023
8/14/2022,14:00,Premier League,Matchweek 2,Sun,Away,L,0,1,Nott'ham Forest,2.1,1.3,57,29281,Declan Rice,4/3/2003,3-4-1-2,Robert Jones,Match Report,,18,3,19.3,2,0,1,West Ham United,2023
8/21/2022,14:00,Premier League,Matchweek 3,Sun,Home,L,0,2,Brighton,0.8,1.7,50,62449,Declan Rice,4-2-3-1,3-5-1-1,Anthony Taylor,Match Report,,13,3,16.5,0,0,0,West Ham United,2023
8/28/2022,14:00,Premier League,Matchweek 4,Sun,Away,W,1,0,Aston Villa,0.6,0.5,42,41796,Declan Rice,3/5/2002,4-3-1-2,David Coote,Match Report,,7,2,24.8,1,0,0,West Ham United,2023
8/31/2022,19:45,Premier League,Matchweek 5,Wed,Home,D,1,1,Tottenham,1.2,0.6,39,62450,Declan Rice,4-2-3-1,3/4/2003,Peter Bankes,Match Report,,14,4,16.3,0,0,0,West Ham United,2023
9/3/2022,15:00,Premier League,Matchweek 6,Sat,Away,L,1,2,Chelsea,1.1,0.9,33,39923,Declan Rice,3-4-1-2,3-1-4-2,Andy Madley,Match Report,,6,3,15.9,0,0,0,West Ham United,2023
9/18/2022,14:15,Premier League,Matchweek 8,Sun,Away,L,0,1,Everton,1,0.4,47,39298,Declan Rice,4-2-3-1,4/3/2003,Michael Oliver,Match Report,,14,4,15.2,0,0,0,West Ham United,2023
10/1/2022,17:30,Premier League,Matchweek 9,Sat,Home,W,2,0,Wolves,0.9,0.7,39,62444,Declan Rice,4-2-3-1,3/4/2003,Paul Tierney,Match Report,,18,5,20.3,1,0,0,West Ham United,2023
10/9/2022,14:00,Premier League,Matchweek 10,Sun,Home,W,3,1,Fulham,2.4,0.7,50,62407,Declan Rice,4-2-3-1,4-2-3-1,Chris Kavanagh,Match Report,,16,7,16.4,0,1,1,West Ham United,2023
10/16/2022,14:00,Premier League,Matchweek 11,Sun,Away,D,1,1,Southampton,1.7,0.5,61,29159,Declan Rice,3/4/2003,4/3/2003,Peter Bankes,Match Report,,25,4,18.8,0,0,0,West Ham United,2023
10/19/2022,19:30,Premier League,Matchweek 12,Wed,Away,L,0,1,Liverpool,1.7,1.7,46,52982,Declan Rice,4/4/2002,4/4/2002,Stuart Attwell,Match Report,,7,2,15.2,0,0,1,West Ham United,2023
10/24/2022,20:00,Premier League,Matchweek 13,Mon,Home,W,2,0,Bournemouth,1.9,0.4,55,62447,Declan Rice,4-2-3-1,4-2-3-1,David Coote,Match Report,,19,3,21.1,1,1,1,West Ham United,2023
10/30/2022,16:15,Premier League,Matchweek 14,Sun,Away,L,0,1,Manchester Utd,1.1,1.2,47,73682,Declan Rice,4-2-3-1,4-2-3-1,Chris Kavanagh,Match Report,,13,4,22.3,0,0,0,West Ham United,2023
11/6/2022,14:00,Premier League,Matchweek 15,Sun,Home,L,1,2,Crystal Palace,0.3,1,42,62451,Declan Rice,4-2-3-1,4/3/2003,Paul Tierney,Match Report,,5,2,16.7,0,0,0,West Ham United,2023
11/12/2022,15:00,Premier League,Matchweek 16,Sat,Home,L,0,2,Leicester City,1.4,1.8,54,62459,Declan Rice,4-2-3-1,4-1-4-1,Jarred Gillett,Match Report,,18,6,16.4,0,0,0,West Ham United,2023
12/26/2022,20:00,Premier League,Matchweek 17,Mon,Away,L,1,3,Arsenal,1,2.1,34,60125,Declan Rice,4-2-3-1,4/3/2003,Michael Oliver,Match Report,,7,3,24.2,0,1,1,West Ham United,2023
12/30/2022,19:45,Premier League,Matchweek 18,Fri,Home,L,0,2,Brentford,1.3,1.6,63,62467,Declan Rice,3/4/2003,3/5/2002,Darren England,Match Report,,20,5,18.2,2,0,0,West Ham United,2023
1/4/2023,19:45,Premier League,Matchweek 19,Wed,Away,D,2,2,Leeds United,1.4,1.6,38,36173,Declan Rice,4/3/2003,4-2-3-1,David Coote,Match Report,,14,1,22.5,0,1,1,West Ham United,2023
1/14/2023,15:00,Premier League,Matchweek 20,Sat,Away,L,0,1,Wolves,1.1,0.9,42,31511,Declan Rice,4/3/2003,4-2-3-1,Simon Hooper,Match Report,,16,3,18.4,0,0,0,West Ham United,2023
1/21/2023,15:00,Premier League,Matchweek 21,Sat,Home,W,2,0,Everton,2.2,0.5,33,62470,Declan Rice,3/4/2003,3/4/2003,Stuart Attwell,Match Report,,11,4,11.9,0,0,0,West Ham United,2023
2/4/2023,17:30,Premier League,Matchweek 22,Sat,Away,D,1,1,Newcastle Utd,1,1,38,52256,Declan Rice,3/4/2003,4/3/2003,Peter Bankes,Match Report,,10,1,16.2,0,0,0,West Ham United,2023
2/11/2023,12:30,Premier League,Matchweek 23,Sat,Home,D,1,1,Chelsea,1.3,1.1,29,62471,Declan Rice,3/4/2003,4-2-3-1,Craig Pawson,Match Report,,10,2,13.8,1,0,0,West Ham United,2023
2/19/2023,16:30,Premier League,Matchweek 24,Sun,Away,L,0,2,Tottenham,0.5,1.5,43,61476,Declan Rice,3/4/2003,3/4/2003,Michael Oliver,Match Report,,6,1,16,1,0,0,West Ham United,2023
2/25/2023,15:00,Premier League,Matchweek 25,Sat,Home,W,4,0,Nott'ham Forest,2.7,0.4,49,62469,Declan Rice,4/3/2003,4-3-2-1,Jarred Gillett,Match Report,,18,5,14.9,0,0,0,West Ham United,2023
3/4/2023,15:00,Premier League,Matchweek 26,Sat,Away,L,0,4,Brighton,0.3,3.5,35,31523,Declan Rice,4-2-3-1,4-2-3-1,Stuart Attwell,Match Report,,3,2,12.1,0,0,0,West Ham United,2023
3/12/2023,14:00,Premier League,Matchweek 27,Sun,Home,D,1,1,Aston Villa,2.1,1.5,41,62472,Declan Rice,4-1-4-1,4-2-3-1,Chris Kavanagh,Match Report,,16,4,16.7,0,1,1,West Ham United,2023
4/2/2023,14:00,Premier League,Matchweek 29,Sun,Home,W,1,0,Southampton,1.4,0.3,43,62498,Declan Rice,4/3/2003,4/4/2002,Paul Tierney,Match Report,,12,2,14.2,1,0,0,West Ham United,2023
4/5/2023,20:00,Premier League,Matchweek 7,Wed,Home,L,1,5,Newcastle Utd,1,3.3,42,62481,Declan Rice,4-2-3-1,4/3/2003,Craig Pawson,Match Report,,7,2,19,1,0,0,West Ham United,2023
4/8/2023,15:00,Premier League,Matchweek 30,Sat,Away,W,1,0,Fulham,1.1,0.7,24,24491,Declan Rice,4/4/2002,4-2-3-1,Jarred Gillett,Match Report,,9,5,14.1,0,0,0,West Ham United,2023
4/16/2023,14:00,Premier League,Matchweek 31,Sun,Home,D,2,2,Arsenal,1.8,2.7,30,62481,Declan Rice,4/3/2003,4/3/2003,David Coote,Match Report,,15,2,14.8,1,1,1,West Ham United,2023
4/23/2023,14:00,Premier League,Matchweek 32,Sun,Away,W,4,0,Bournemouth,2.4,1.5,36,10465,Declan Rice,4/3/2003,3/4/2003,Anthony Taylor,Match Report,,18,10,16.2,1,0,0,West Ham United,2023
4/26/2023,19:45,Premier League,Matchweek 33,Wed,Home,L,1,2,Liverpool,0.8,1.9,28,62473,Declan Rice,4-2-3-1,4/3/2003,Chris Kavanagh,Match Report,,7,2,15.5,0,0,0,West Ham United,2023
4/29/2023,12:30,Premier League,Matchweek 34,Sat,Away,L,3,4,Crystal Palace,1.7,2.1,41,25148,Declan Rice,4-2-3-1,4/3/2003,Craig Pawson,Match Report,,8,4,16.1,0,0,0,West Ham United,2023
5/3/2023,20:00,Premier League,Matchweek 28,Wed,Away,L,0,3,Manchester City,0.4,2.3,31,53305,Aaron Cresswell,4-2-3-1,3-2-4-1,John Brooks,Match Report,,6,2,24.2,0,0,0,West Ham United,2023
5/7/2023,19:00,Premier League,Matchweek 35,Sun,Home,W,1,0,Manchester Utd,1.3,1.2,35,62477,Declan Rice,4-2-3-1,4-2-3-1,Peter Bankes,Match Report,,15,4,15.5,0,0,0,West Ham United,2023
5/14/2023,14:00,Premier League,Matchweek 36,Sun,Away,L,0,2,Brentford,0.2,3.4,47,17075,Angelo Ogbonna,4-2-3-1,4/3/2003,Michael Oliver,Match Report,,4,4,19,0,0,0,West Ham United,2023
5/21/2023,13:30,Premier League,Matchweek 37,Sun,Home,W,3,1,Leeds United,2.1,0.9,59,62478,Declan Rice,4-2-3-1,4/3/2003,Peter Bankes,Match Report,,19,9,14.6,0,0,0,West Ham United,2023
5/28/2023,16:30,Premier League,Matchweek 38,Sun,Away,L,1,2,Leicester City,1.4,1.4,52,32183,Declan Rice,4-2-3-1,4-2-3-1,Simon Hooper,Match Report,,16,3,16.7,0,0,0,West Ham United,2023
8/12/2023,15:00,Premier League,Matchweek 1,Sat,Away,D,1,1,Bournemouth,1.1,1.3,38,11245,Kurt Zouma,4-2-3-1,4-2-3-1,Peter Bankes,Match Report,,16,2,16.1,0,0,0,West Ham United,2024
8/20/2023,16:30,Premier League,Matchweek 2,Sun,Home,W,3,1,Chelsea,1.8,2.5,25,62451,Kurt Zouma,4-2-3-1,3/4/2003,John Brooks,Match Report,,11,5,19.6,0,1,1,West Ham United,2024
8/26/2023,17:30,Premier League,Matchweek 3,Sat,Away,W,3,1,Brighton,3,1.5,22,31508,Kurt Zouma,4-1-4-1,4-2-3-1,Anthony Taylor,Match Report,,12,7,12.3,0,0,0,West Ham United,2024
9/1/2023,20:00,Premier League,Matchweek 4,Fri,Away,W,2,1,Luton Town,1,1.4,61,10802,Kurt Zouma,4-2-3-1,5/3/2002,Paul Tierney,Match Report,,9,3,16.3,0,0,0,West Ham United,2024
9/16/2023,15:00,Premier League,Matchweek 5,Sat,Home,L,1,3,Manchester City,0.9,3.6,32,62475,Kurt Zouma,4-2-3-1,4-2-3-1,Andy Madley,Match Report,,6,3,12.1,0,0,0,West Ham United,2024
9/24/2023,14:00,Premier League,Matchweek 6,Sun,Away,L,1,3,Liverpool,1.1,3,37,50136,Kurt Zouma,4-2-3-1,4/3/2003,Chris Kavanagh,Match Report,,11,4,13.5,0,0,0,West Ham United,2024
9/30/2023,15:00,Premier League,Matchweek 7,Sat,Home,W,2,0,Sheffield Utd,2.1,1.1,52,62459,Kurt Zouma,4-2-3-1,3/5/2002,Graham Scott,Match Report,,20,8,12.6,1,0,0,West Ham United,2024
10/8/2023,14:00,Premier League,Matchweek 8,Sun,Home,D,2,2,Newcastle Utd,1.2,2,36,62473,Kurt Zouma,4-2-3-1,4/3/2003,Peter Bankes,Match Report,,5,3,14.9,1,0,0,West Ham United,2024
10/22/2023,16:30,Premier League,Matchweek 9,Sun,Away,L,1,4,Aston Villa,1.1,1.9,42,41734,Kurt Zouma,4-2-3-1,4/4/2002,David Coote,Match Report,,14,4,15.2,1,0,0,West Ham United,2024
10/29/2023,13:00,Premier League,Matchweek 10,Sun,Home,L,0,1,Everton,0.7,0.8,64,62469,Kurt Zouma,4-2-3-1,4-4-1-1,Stuart Attwell,Match Report,,12,2,17.3,0,0,0,West Ham United,2024
11/4/2023,15:00,Premier League,Matchweek 11,Sat,Away,L,2,3,Brentford,1.8,1.5,42,17103,James Ward-Prowse,4/4/2002,4/3/2003,Thomas Bramall,Match Report,,12,2,15.3,0,0,0,West Ham United,2024
11/12/2023,14:00,Premier League,Matchweek 12,Sun,Home,W,3,2,Nott'ham Forest,1.8,1.7,54,62470,Kurt Zouma,4-2-3-1,4/3/2003,Michael Salisbury,Match Report,,16,6,18,1,0,0,West Ham United,2024
11/25/2023,15:00,Premier League,Matchweek 13,Sat,Away,W,2,1,Burnley,0.9,1.3,50,21319,Kurt Zouma,4-2-3-1,4/4/2002,Samuel Barrott,Match Report,,11,3,13.2,0,0,0,West Ham United,2024
12/3/2023,14:00,Premier League,Matchweek 14,Sun,Home,D,1,1,Crystal Palace,1.1,0.9,55,62414,Tomáš Souček,4-2-3-1,4/3/2003,Michael Oliver,Match Report,,9,3,15.7,1,0,0,West Ham United,2024
12/7/2023,20:15,Premier League,Matchweek 15,Thu,Away,W,2,1,Tottenham,2.2,1.8,26,61171,Kurt Zouma,4/3/2003,4-2-3-1,Michael Salisbury,Match Report,,11,5,15,0,0,0,West Ham United,2024
12/10/2023,14:00,Premier League,Matchweek 16,Sun,Away,L,0,5,Fulham,1.3,2.3,37,23988,Kurt Zouma,4-4-1-1,4-2-3-1,Paul Tierney,Match Report,,9,5,19.2,1,0,0,West Ham United,2024
12/17/2023,14:00,Premier League,Matchweek 17,Sun,Home,W,3,0,Wolves,1.1,0.7,45,62455,Kurt Zouma,4-2-3-1,3/4/2003,Chris Kavanagh,Match Report,,13,4,19.8,2,0,0,West Ham United,2024
12/23/2023,12:30,Premier League,Matchweek 18,Sat,Home,W,2,0,Manchester Utd,1.2,1,35,64472,Kurt Zouma,4-2-3-1,4-2-3-1,Simon Hooper,Match Report,,12,5,13.8,0,0,0,West Ham United,2024
12/28/2023,20:15,Premier League,Matchweek 19,Thu,Away,W,2,0,Arsenal,1.4,2.7,27,60261,Angelo Ogbonna,4-2-3-1,4/3/2003,Michael Oliver,Match Report,,5,2,17.4,0,0,1,West Ham United,2024
1/2/2024,19:30,Premier League,Matchweek 20,Tue,Home,D,0,0,Brighton,0.7,2.3,32,62462,Angelo Ogbonna,4-2-3-1,4-3-1-2,Samuel Barrott,Match Report,,6,2,16,0,0,0,West Ham United,2024
1/21/2024,14:00,Premier League,Matchweek 21,Sun,Away,D,2,2,Sheffield Utd,2.3,2.5,43,29164,Kurt Zouma,4-4-1-1,4-1-4-1,Michael Salisbury,Match Report,,15,4,14.9,0,1,1,West Ham United,2024
2/1/2024,19:30,Premier League,Matchweek 22,Thu,Home,D,1,1,Bournemouth,1.4,1.2,48,62478,Kurt Zouma,4-3-2-1,4-2-3-1,Tim Robinson,Match Report,,8,2,17.1,0,1,1,West Ham United,2024
2/4/2024,14:00,Premier League,Matchweek 23,Sun,Away,L,0,3,Manchester Utd,1.4,0.7,49,73612,Kurt Zouma,4-2-3-1,4-2-3-1,Andy Madley,Match Report,,22,3,18.9,1,0,0,West Ham United,2024
2/11/2024,14:00,Premier League,Matchweek 24,Sun,Home,L,0,6,Arsenal,0.2,3.6,30,62475,Kurt Zouma,4-2-3-1,4/3/2003,Craig Pawson,Match Report,,5,1,19.9,0,0,0,West Ham United,2024
2/17/2024,15:00,Premier League,Matchweek 25,Sat,Away,L,0,2,Nott'ham Forest,0.5,2.8,51,29490,Kurt Zouma,4-2-3-1,4-2-3-1,Thomas Bramall,Match Report,,10,3,18.9,1,0,0,West Ham United,2024
2/26/2024,20:00,Premier League,Matchweek 26,Mon,Home,W,4,2,Brentford,1.7,0.9,41,62450,Kurt Zouma,4-2-3-1,3/5/2002,Simon Hooper,Match Report,,17,6,17.7,0,0,0,West Ham United,2024
3/2/2024,15:00,Premier League,Matchweek 27,Sat,Away,W,3,1,Everton,1.9,2.7,45,39262,Kurt Zouma,4-2-3-1,4-4-1-1,Craig Pawson,Match Report,,12,5,14.2,0,0,0,West Ham United,2024
3/10/2024,14:00,Premier League,Matchweek 28,Sun,Home,D,2,2,Burnley,2.1,0.7,52,62441,Tomáš Souček,4-2-3-1,4/4/2002,Darren England,Match Report,,22,4,14.8,0,0,0,West Ham United,2024
3/17/2024,14:00,Premier League,Matchweek 29,Sun,Home,D,1,1,Aston Villa,2,0.7,31,62461,Kurt Zouma,4-2-3-1,4/4/2002,Jarred Gillett,Match Report,,13,4,15.9,1,0,0,West Ham United,2024
3/30/2024,12:30,Premier League,Matchweek 30,Sat,Away,L,3,4,Newcastle Utd,1.4,4.1,40,52199,Kurt Zouma,4-2-3-1,4/3/2003,Robert Jones,Match Report,,10,4,14.1,0,0,0,West Ham United,2024
4/2/2024,20:15,Premier League,Matchweek 31,Tue,Home,D,1,1,Tottenham,1.5,1,33,62469,Kurt Zouma,4/5/2001,4-2-3-1,John Brooks,Match Report,,11,4,16.6,1,0,0,West Ham United,2024
4/6/2024,15:00,Premier League,Matchweek 32,Sat,Away,W,2,1,Wolves,1.2,1.5,42,31504,Kurt Zouma,4-2-3-1,3/4/2003,Tony Harrington,Match Report,,10,3,24.6,2,1,1,West Ham United,2024
4/14/2024,14:00,Premier League,Matchweek 33,Sun,Home,L,0,2,Fulham,0.9,3.2,58,62459,Łukasz Fabiański,4-2-3-1,4-2-3-1,Stuart Attwell,Match Report,,15,4,16.2,0,0,0,West Ham United,2024
4/21/2024,15:00,Premier League,Matchweek 34,Sun,Away,L,2,5,Crystal Palace,1.3,2.4,40,25145,Kurt Zouma,4-2-3-1,3/4/2003,Graham Scott,Match Report,,4,1,10.8,0,0,0,West Ham United,2024
4/27/2024,12:30,Premier League,Matchweek 35,Sat,Home,D,2,2,Liverpool,0.7,1.7,29,62474,Kurt Zouma,4-2-3-1,4/3/2003,Anthony Taylor,Match Report,,11,8,17,0,0,0,West Ham United,2024
5/5/2024,14:00,Premier League,Matchweek 36,Sun,Away,L,0,5,Chelsea,0.9,4.1,31,39295,Kurt Zouma,4-2-3-1,4-2-3-1,Andy Madley,Match Report,,13,2,17.6,2,0,0,West Ham United,2024
5/11/2024,15:00,Premier League,Matchweek 37,Sat,Home,W,3,1,Luton Town,3.2,0.3,58,62475,Kurt Zouma,4-2-3-1,3/4/2003,Michael Oliver,Match Report,,24,8,16.5,1,0,0,West Ham United,2024
5/19/2024,16:00,Premier League,Matchweek 38,Sun,Away,L,1,3,Manchester City,0.4,1.9,29,55097,Kurt Zouma,3/4/2003,4-1-4-1,John Brooks,Match Report,,3,2,10.3,0,0,0,West Ham United,2024
8/17/2024,17:30,Premier League,Matchweek 1,Sat,Home,L,1,2,Aston Villa,2.3,2,52,62463,Jarrod Bowen,4-1-4-1,4-2-3-1,Tony Harrington,Match Report,,13,2,13.6,0,1,1,West Ham United,2025
8/24/2024,15:00,Premier League,Matchweek 2,Sat,Away,W,2,0,Crystal Palace,1.4,1.3,42,25099,Jarrod Bowen,4-1-4-1,3/4/2003,Robert Jones,Match Report,,18,3,17.2,0,0,0,West Ham United,2025
8/31/2024,17:30,Premier League,Matchweek 3,Sat,Home,L,1,3,Manchester City,0.7,3,33,62469,Jarrod Bowen,4-2-3-1,3-2-4-1,Michael Oliver,Match Report,,10,2,16.9,0,0,0,West Ham United,2025
9/14/2024,15:00,Premier League,Matchweek 4,Sat,Away,D,1,1,Fulham,0.8,1.5,46,26528,Jarrod Bowen,4-2-3-1,4-2-3-1,Tim Robinson,Match Report,,11,3,18,0,0,0,West Ham United,2025
9/21/2024,12:30,Premier League,Matchweek 5,Sat,Home,L,0,3,Chelsea,0.9,2.2,53,62473,Jarrod Bowen,3/4/2003,4-2-3-1,Samuel Barrott,Match Report,,15,7,18,1,0,0,West Ham United,2025
9/28/2024,15:00,Premier League,Matchweek 6,Sat,Away,D,1,1,Brentford,1,0.4,43,17050,Jarrod Bowen,4-1-4-1,4/4/2002,Simon Hooper,Match Report,,19,3,18.7,0,0,0,West Ham United,2025
10/5/2024,15:00,Premier League,Matchweek 7,Sat,Home,W,4,1,Ipswich Town,3.6,0.6,52,62467,Jarrod Bowen,4-1-4-1,4-2-3-1,Anthony Taylor,Match Report,,23,12,16.4,1,0,0,West Ham United,2025
10/19/2024,12:30,Premier League,Matchweek 8,Sat,Away,L,1,4,Tottenham,0.8,1.9,43,61381,Jarrod Bowen,4-1-4-1,4/3/2003,Andy Madley,Match Report,,11,3,16.9,0,0,0,West Ham United,2025
10/27/2024,14:00,Premier League,Matchweek 9,Sun,Home,W,2,1,Manchester Utd,2.8,2.3,42,62474,Jarrod Bowen,4-2-3-1,4-2-3-1,David Coote,Match Report,,11,2,12.3,0,1,1,West Ham United,2025
11/2/2024,15:00,Premier League,Matchweek 10,Sat,Away,L,0,3,Nott'ham Forest,0.1,2.2,46,30112,Jarrod Bowen,3/4/2003,4-2-3-1,Peter Bankes,Match Report,,4,1,23.2,0,0,0,West Ham United,2025
11/9/2024,15:00,Premier League,Matchweek 11,Sat,Home,D,0,0,Everton,0.8,1.1,49,62463,Jarrod Bowen,4-1-4-1,4-2-3-1,Stuart Attwell,Match Report,,11,6,17,0,0,0,West Ham United,2025
11/25/2024,20:00,Premier League,Matchweek 12,Mon,Away,W,2,0,Newcastle Utd,0.9,1.6,47,52094,Jarrod Bowen,4-2-3-1,4/3/2003,Craig Pawson,Match Report,,15,6,19.8,1,0,0,West Ham United,2025
11/30/2024,17:30,Premier League,Matchweek 13,Sat,Home,L,2,5,Arsenal,1.5,3.5,40,62475,Jarrod Bowen,4-2-3-1,4/3/2003,Anthony Taylor,Match Report,,12,5,18.1,2,0,0,West Ham United,2025
12/3/2024,20:15,Premier League,Matchweek 14,Tue,Away,L,1,3,Leicester City,3,1.7,61,30947,Jarrod Bowen,4-2-3-1,4-2-3-1,Joshua Smith,Match Report,,31,8,14.7,0,0,0,West Ham United,2025
12/9/2024,20:00,Premier League,Matchweek 15,Mon,Home,W,2,1,Wolves,1,1.4,54,62474,Jarrod Bowen,4-2-3-1,3/4/2003,John Brooks,Match Report,,19,4,15.8,0,0,0,West Ham United,2025
12/16/2024,20:00,Premier League,Matchweek 16,Mon,Away,D,1,1,Bournemouth,2.1,1.9,48,11204,Jarrod Bowen,4-1-4-1,4-2-3-1,Chris Kavanagh,Match Report,,15,2,15.2,0,1,1,West Ham United,2025
12/21/2024,15:00,Premier League,Matchweek 17,Sat,Home,D,1,1,Brighton,1.2,0.9,47,62460,Jarrod Bowen,4-1-4-1,4-2-3-1,Robert Jones,Match Report,,11,4,13.7,0,0,0,West Ham United,2025
12/26/2024,15:00,Premier League,Matchweek 18,Thu,Away,W,1,0,Southampton,1.7,1.4,46,31059,Jarrod Bowen,4-1-4-1,3-4-1-2,Lewis Smith,Match Report,,16,2,15.3,1,0,0,West Ham United,2025
12/29/2024,17:15,Premier League,Matchweek 19,Sun,Home,L,0,5,Liverpool,0.4,3.1,46,62476,Jarrod Bowen,4-2-3-1,4-2-3-1,Anthony Taylor,Match Report,,7,0,17.5,0,0,0,West Ham United,2025
1/4/2025,15:00,Premier League,Matchweek 20,Sat,Away,L,1,4,Manchester City,1.4,1.9,44,52737,Tomáš Souček,4-2-3-1,4-1-4-1,Michael Salisbury,Match Report,,17,4,15.3,1,0,0,West Ham United,2025
1/14/2025,19:30,Premier League,Matchweek 21,Tue,Home,W,3,2,Fulham,1,1.7,44,62456,Tomáš Souček,4-2-3-1,4-2-3-1,Craig Pawson,Match Report,,4,3,14.6,0,0,0,West Ham United,2025
1/18/2025,15:00,Premier League,Matchweek 22,Sat,Home,L,0,2,Crystal Palace,0.3,1.3,53,62469,Tomáš Souček,3/4/2003,3/4/2003,Thomas Bramall,Match Report,,7,0,19.6,0,0,0,West Ham United,2025
1/26/2025,16:30,Premier League,Matchweek 23,Sun,Away,D,1,1,Aston Villa,1.3,0.9,54,41628,Tomáš Souček,3/4/2003,4-2-3-1,Peter Bankes,Match Report,,14,3,14.6,0,0,0,West Ham United,2025
2/3/2025,20:00,Premier League,Matchweek 24,Mon,Away,L,1,2,Chelsea,1.2,1.6,32,39459,Jarrod Bowen,3/4/2003,4-2-3-1,Stuart Attwell,Match Report,,14,5,20.4,1,0,0,West Ham United,2025
2/15/2025,15:00,Premier League,Matchweek 25,Sat,Home,L,0,1,Brentford,0.8,1.6,58,62415,Jarrod Bowen,4-2-3-1,4-2-3-1,Darren England,Match Report,,13,3,20.5,2,0,0,West Ham United,2025
2/22/2025,15:00,Premier League,Matchweek 26,Sat,Away,W,1,0,Arsenal,1.1,1.2,32,60262,Jarrod Bowen,5/3/2002,4/3/2003,Craig Pawson,Match Report,,5,2,11.8,0,0,0,West Ham United,2025
2/27/2025,20:00,Premier League,Matchweek 27,Thu,Home,W,2,0,Leicester City,1.3,0.4,58,62455,Jarrod Bowen,3/5/2002,4-2-3-1,Anthony Taylor,Match Report,,8,2,10.6,0,0,0,West Ham United,2025
3/10/2025,20:00,Premier League,Matchweek 28,Mon,Home,L,0,1,Newcastle Utd,0.7,1.4,51,62463,Jarrod Bowen,3/5/2002,4/3/2003,Michael Salisbury,Match Report,,9,2,20.9,0,0,0,West Ham United,2025
3/15/2025,15:00,Premier League,Matchweek 29,Sat,Away,D,1,1,Everton,0.8,1,46,39343,Jarrod Bowen,3/5/2002,4-2-3-1,Darren Bond,Match Report,,10,5,13.6,0,0,0,West Ham United,2025
4/1/2025,19:45,Premier League,Matchweek 30,Tue,Away,L,0,1,Wolves,1.3,1.2,58,29587,Jarrod Bowen,3/4/2003,3/4/2003,Tony Harrington,Match Report,,10,1,15.4,2,0,0,West Ham United,2025
4/5/2025,15:00,Premier League,Matchweek 31,Sat,Home,D,2,2,Bournemouth,0.7,2.1,56,62459,Jarrod Bowen,4-2-3-1,4-2-3-1,Tim Robinson,Match Report,,9,3,16.4,1,0,0,West Ham United,2025
4/13/2025,14:00,Premier League,Matchweek 32,Sun,Away,L,1,2,Liverpool,1.4,1.8,45,60376,Jarrod Bowen,3/5/2002,4-2-3-1,Andy Madley,Match Report,,11,4,13.5,0,0,0,West Ham United,2025
4/19/2025,15:00,Premier League,Matchweek 33,Sat,Home,D,1,1,Southampton,0.9,0.6,52,62461,Jarrod Bowen,4-2-3-1,3/4/2003,Andrew Kitchen,Match Report,,12,4,17.6,0,0,0,West Ham United,2025
4/26/2025,15:00,Premier League,Matchweek 34,Sat,Away,L,2,3,Brighton,1.3,1.3,47,31499,Jarrod Bowen,3/5/2002,4-2-3-1,Darren England,Match Report,,12,4,15.2,0,0,0,West Ham United,2025
5/4/2025,14:00,Premier League,Matchweek 35,Sun,Home,D,1,1,Tottenham,0.8,0.8,55,62468,Jarrod Bowen,3/4/2003,4/3/2003,Michael Oliver,Match Report,,11,2,18.3,1,0,0,West Ham United,2025
5/11/2025,14:15,Premier League,Matchweek 36,Sun,Away,W,2,0,Manchester Utd,1.7,2.1,48,73804,Jarrod Bowen,3-4-1-2,3/4/2003,Jarred Gillett,Match Report,,9,4,12.4,0,0,0,West Ham United,2025
5/18/2025,14:15,Premier League,Matchweek 37,Sun,Home,L,1,2,Nott'ham Forest,1.1,1.9,60,62466,Jarrod Bowen,3-4-1-2,4-3-1-2,Samuel Barrott,Match Report,,16,5,15.5,0,0,0,West Ham United,2025
5/25/2025,16:00,Premier League,Matchweek 38,Sun,Away,W,3,1,Ipswich Town,1.1,0.7,58,29771,Jarrod Bowen,3-1-4-2,4-2-3-1,Tim Robinson,Match Report,,10,6,17.3,0,0,0,West Ham United,2025
9/14/2020,18:00,Premier League,Matchweek 1,Mon,Away,W,2,0,Sheffield Utd,1.4,1,45,,Conor Coady,3/4/2003,3/5/2002,Mike Dean,Match Report,,11,4,17.2,0,0,0,Wolverhampton Wanderers,2021
9/21/2020,20:15,Premier League,Matchweek 2,Mon,Home,L,1,3,Manchester City,0.6,1.9,35,,Conor Coady,5/3/2002,4-2-3-1,Andre Marriner,Match Report,,10,1,17.4,0,0,0,Wolverhampton Wanderers,2021
9/27/2020,19:00,Premier League,Matchweek 3,Sun,Away,L,0,4,West Ham,0.5,2.4,63,,Conor Coady,3/4/2003,5/4/2001,Martin Atkinson,Match Report,,11,2,21.1,0,0,0,Wolverhampton Wanderers,2021
10/4/2020,14:00,Premier League,Matchweek 4,Sun,Home,W,1,0,Fulham,1.2,0.9,48,,Conor Coady,3/5/2002,4-2-3-1,Darren England,Match Report,,14,5,19.5,1,0,0,Wolverhampton Wanderers,2021
10/19/2020,20:00,Premier League,Matchweek 5,Mon,Away,W,1,0,Leeds United,0.4,1,34,,Conor Coady,3/5/2002,4-1-4-1,David Coote,Match Report,,7,3,18.3,0,0,0,Wolverhampton Wanderers,2021
10/25/2020,16:30,Premier League,Matchweek 6,Sun,Home,D,1,1,Newcastle Utd,0.7,0.3,63,,Conor Coady,3/4/2003,5/3/2002,Lee Mason,Match Report,,16,3,23.2,0,0,0,Wolverhampton Wanderers,2021
10/30/2020,20:00,Premier League,Matchweek 7,Fri,Home,W,2,0,Crystal Palace,1.3,0.7,45,,Conor Coady,3/4/2003,4/3/2003,Martin Atkinson,Match Report,,15,5,18.8,0,0,0,Wolverhampton Wanderers,2021
11/8/2020,14:00,Premier League,Matchweek 8,Sun,Away,L,0,1,Leicester City,0.8,2,51,,Conor Coady,3/4/2003,3/4/2003,Anthony Taylor,Match Report,,8,2,19.4,1,0,0,Wolverhampton Wanderers,2021
11/23/2020,20:00,Premier League,Matchweek 9,Mon,Home,D,1,1,Southampton,1.5,1,46,,Rúben Neves,4/3/2003,4/4/2002,Andre Marriner,Match Report,,20,9,16.5,1,0,0,Wolverhampton Wanderers,2021
11/29/2020,19:15,Premier League,Matchweek 10,Sun,Away,W,2,1,Arsenal,1.8,1.5,44,,Conor Coady,4-2-3-1,4-2-3-1,Michael Oliver,Match Report,,11,5,12.1,0,0,0,Wolverhampton Wanderers,2021
12/6/2020,19:15,Premier League,Matchweek 11,Sun,Away,L,0,4,Liverpool,0.4,1.2,40,2000,Conor Coady,4/3/2003,4/3/2003,Craig Pawson,Match Report,,9,3,18.5,1,0,0,Wolverhampton Wanderers,2021
12/12/2020,12:30,Premier League,Matchweek 12,Sat,Home,L,0,1,Aston Villa,1.1,1.4,50,,Conor Coady,4-2-3-1,4/3/2003,Mike Dean,Match Report,,16,7,18.5,1,0,0,Wolverhampton Wanderers,2021
12/15/2020,18:00,Premier League,Matchweek 13,Tue,Home,W,2,1,Chelsea,0.5,1,45,,Conor Coady,3-4-1-2,4/3/2003,Stuart Attwell,Match Report,,12,4,21.9,0,0,0,Wolverhampton Wanderers,2021
12/21/2020,17:30,Premier League,Matchweek 14,Mon,Away,L,1,2,Burnley,1.5,1.7,63,,Conor Coady,3-4-1-2,4/4/2002,Lee Mason,Match Report,,14,2,20.5,2,1,1,Wolverhampton Wanderers,2021
12/27/2020,19:15,Premier League,Matchweek 15,Sun,Home,D,1,1,Tottenham,0.9,0.4,55,,Conor Coady,4-2-3-1,3-4-1-2,Paul Tierney,Match Report,,11,6,17.2,1,0,0,Wolverhampton Wanderers,2021
12/29/2020,20:00,Premier League,Matchweek 16,Tue,Away,L,0,1,Manchester Utd,0.5,1.5,42,,Conor Coady,3-4-1-2,4-2-3-1,Jonathan Moss,Match Report,,9,5,18.3,0,0,0,Wolverhampton Wanderers,2021
1/2/2021,17:30,Premier League,Matchweek 17,Sat,Away,D,3,3,Brighton,1.6,2.2,46,,Conor Coady,4-2-3-1,3/4/2003,Andy Madley,Match Report,,10,3,19.7,0,1,1,Wolverhampton Wanderers,2021
1/12/2021,20:15,Premier League,Matchweek 18,Tue,Home,L,1,2,Everton,0.7,0.6,52,,Conor Coady,4/3/2003,4/4/2002,Martin Atkinson,Match Report,,12,3,17.9,1,0,0,Wolverhampton Wanderers,2021
1/16/2021,12:30,Premier League,Matchweek 19,Sat,Home,L,2,3,West Brom,1.5,2.4,67,,Conor Coady,4/3/2003,4-2-3-1,Michael Oliver,Match Report,,23,6,17.2,1,0,0,Wolverhampton Wanderers,2021
1/27/2021,18:00,Premier League,Matchweek 20,Wed,Away,D,0,0,Chelsea,0.5,0.7,22,,Conor Coady,3-4-1-2,3/4/2003,Andy Madley,Match Report,,4,0,19.9,1,0,0,Wolverhampton Wanderers,2021
1/30/2021,15:00,Premier League,Matchweek 21,Sat,Away,L,0,1,Crystal Palace,0.4,1.4,52,,Conor Coady,3/4/2003,4-2-3-1,Simon Hooper,Match Report,,6,4,15.7,0,0,0,Wolverhampton Wanderers,2021
2/2/2021,18:00,Premier League,Matchweek 22,Tue,Home,W,2,1,Arsenal,1.5,0.8,55,,Conor Coady,4-2-3-1,4-2-3-1,Craig Pawson,Match Report,,10,6,19.4,0,1,1,Wolverhampton Wanderers,2021
2/7/2021,14:00,Premier League,Matchweek 23,Sun,Home,D,0,0,Leicester City,1.1,0.8,44,,Conor Coady,3/4/2003,4-2-3-1,Martin Atkinson,Match Report,,13,1,17.5,1,0,0,Wolverhampton Wanderers,2021
2/14/2021,12:00,Premier League,Matchweek 24,Sun,Away,W,2,1,Southampton,1.1,0.8,49,,Conor Coady,3/4/2003,4/4/2002,Graham Scott,Match Report,,9,3,19.2,0,1,1,Wolverhampton Wanderers,2021
2/19/2021,20:00,Premier League,Matchweek 25,Fri,Home,W,1,0,Leeds United,0.6,1.7,42,,Conor Coady,3/4/2003,4-4-1-1,David Coote,Match Report,,15,5,23.1,0,0,0,Wolverhampton Wanderers,2021
2/27/2021,20:00,Premier League,Matchweek 26,Sat,Away,D,1,1,Newcastle Utd,1.1,1.7,52,,Conor Coady,3/4/2003,4/3/2003,Mike Dean,Match Report,,14,4,19.1,1,0,0,Wolverhampton Wanderers,2021
3/2/2021,20:00,Premier League,Matchweek 29,Tue,Away,L,1,4,Manchester City,0.3,3.3,28,,Conor Coady,3/4/2003,4/3/2003,Chris Kavanagh,Match Report,,6,1,15.3,0,0,0,Wolverhampton Wanderers,2021
3/6/2021,17:30,Premier League,Matchweek 27,Sat,Away,D,0,0,Aston Villa,1.6,0.6,51,,Conor Coady,3/4/2003,4/3/2003,Andy Madley,Match Report,,10,2,17.4,1,0,0,Wolverhampton Wanderers,2021
3/15/2021,20:00,Premier League,Matchweek 28,Mon,Home,L,0,1,Liverpool,1.1,0.9,53,,Conor Coady,3-4-1-2,4/3/2003,Craig Pawson,Match Report,,10,5,15.1,1,0,0,Wolverhampton Wanderers,2021
4/5/2021,20:15,Premier League,Matchweek 30,Mon,Home,L,2,3,West Ham,2.1,1.2,65,,Conor Coady,4-2-3-1,4-2-3-1,Michael Oliver,Match Report,,20,5,15.6,0,0,0,Wolverhampton Wanderers,2021
4/9/2021,20:00,Premier League,Matchweek 31,Fri,Away,W,1,0,Fulham,0.5,0.9,50,,Conor Coady,4-2-3-1,3/4/2003,Jonathan Moss,Match Report,,7,3,14.9,1,0,0,Wolverhampton Wanderers,2021
4/17/2021,20:15,Premier League,Matchweek 32,Sat,Home,W,1,0,Sheffield Utd,1.1,0.5,48,,Conor Coady,3/4/2003,3/4/2003,Robert Jones,Match Report,,10,4,13.6,0,0,0,Wolverhampton Wanderers,2021
4/25/2021,12:00,Premier League,Matchweek 33,Sun,Home,L,0,4,Burnley,0.4,2,58,,Conor Coady,3-4-1-2,4/4/2002,Darren England,Match Report,,12,2,24.8,1,0,0,Wolverhampton Wanderers,2021
5/3/2021,18:00,Premier League,Matchweek 34,Mon,Away,D,1,1,West Brom,1,1.1,57,,Conor Coady,4-2-3-1,3-5-1-1,Paul Tierney,Match Report,,20,10,19,0,0,0,Wolverhampton Wanderers,2021
5/9/2021,12:00,Premier League,Matchweek 35,Sun,Home,W,2,1,Brighton,1.1,0.3,61,,Conor Coady,4-2-3-1,4-4-1-1,Jonathan Moss,Match Report,,16,6,20.5,1,0,0,Wolverhampton Wanderers,2021
5/16/2021,14:05,Premier League,Matchweek 36,Sun,Away,L,0,2,Tottenham,0.9,3.2,38,,Conor Coady,4-2-3-1,4-2-3-1,Martin Atkinson,Match Report,,15,3,17.6,0,0,0,Wolverhampton Wanderers,2021
5/19/2021,18:00,Premier League,Matchweek 37,Wed,Away,L,0,1,Everton,0.3,0.7,59,4988,Conor Coady,3-4-1-2,4/4/2002,Andy Madley,Match Report,,9,3,21.5,0,0,0,Wolverhampton Wanderers,2021
5/23/2021,16:00,Premier League,Matchweek 38,Sun,Home,L,1,2,Manchester Utd,0.9,2,57,4500,Conor Coady,3/5/2002,4-2-3-1,Mike Dean,Match Report,,14,4,18,0,0,0,Wolverhampton Wanderers,2021
8/14/2021,15:00,Premier League,Matchweek 1,Sat,Away,L,0,1,Leicester City,1.3,0.5,44,31983,Conor Coady,3/4/2003,4-2-3-1,Craig Pawson,Match Report,,17,3,17.9,0,0,0,Wolverhampton Wanderers,2022
8/22/2021,14:00,Premier League,Matchweek 2,Sun,Home,L,0,1,Tottenham,1.7,1.7,58,30368,Conor Coady,3/4/2003,4/3/2003,Stuart Attwell,Match Report,,25,6,20.3,0,0,0,Wolverhampton Wanderers,2022
8/29/2021,16:30,Premier League,Matchweek 3,Sun,Home,L,0,1,Manchester Utd,2.1,0.6,44,30621,Conor Coady,3/4/2003,4-2-3-1,Mike Dean,Match Report,,15,5,15.9,0,0,0,Wolverhampton Wanderers,2022
9/11/2021,15:00,Premier League,Matchweek 4,Sat,Away,W,2,0,Watford,2.2,0.2,55,20019,Conor Coady,3/4/2003,4-1-4-1,Peter Bankes,Match Report,,14,5,16.4,1,0,0,Wolverhampton Wanderers,2022
9/18/2021,12:30,Premier League,Matchweek 5,Sat,Home,L,0,2,Brentford,0.6,2.5,62,30000,Conor Coady,3/4/2003,3/5/2002,Darren England,Match Report,,11,0,22.8,1,0,0,Wolverhampton Wanderers,2022
9/26/2021,14:00,Premier League,Matchweek 6,Sun,Away,W,1,0,Southampton,1,1,43,28002,Conor Coady,3/4/2003,4/4/2002,Andy Madley,Match Report,,5,3,13.5,0,0,0,Wolverhampton Wanderers,2022
10/2/2021,15:00,Premier League,Matchweek 7,Sat,Home,W,2,1,Newcastle Utd,1,0.6,52,30483,Conor Coady,3/4/2003,4-1-4-1,Graham Scott,Match Report,,7,3,19.7,0,0,0,Wolverhampton Wanderers,2022
10/16/2021,15:00,Premier League,Matchweek 8,Sat,Away,W,3,2,Aston Villa,2,1,52,41951,Conor Coady,3/4/2003,3-4-1-2,Michael Oliver,Match Report,,9,4,14.4,1,0,0,Wolverhampton Wanderers,2022
10/23/2021,15:00,Premier League,Matchweek 9,Sat,Away,D,1,1,Leeds United,0.9,1.6,38,36475,Conor Coady,3/4/2003,4-4-1-1,Robert Jones,Match Report,,8,4,16.5,1,0,0,Wolverhampton Wanderers,2022
11/1/2021,20:00,Premier League,Matchweek 10,Mon,Home,W,2,1,Everton,1.7,1.5,61,30617,Conor Coady,3/4/2003,4/4/2002,Martin Atkinson,Match Report,,10,4,15.6,1,0,0,Wolverhampton Wanderers,2022
11/6/2021,15:00,Premier League,Matchweek 11,Sat,Away,L,0,2,Crystal Palace,0.3,1.9,40,24390,Conor Coady,3/4/2003,4/3/2003,Graham Scott,Match Report,,4,2,18.8,1,0,0,Wolverhampton Wanderers,2022
11/20/2021,15:00,Premier League,Matchweek 12,Sat,Home,W,1,0,West Ham,1.4,0.4,52,30667,Conor Coady,3/4/2003,4-2-3-1,Mike Dean,Match Report,,15,5,19.1,0,0,0,Wolverhampton Wanderers,2022
11/27/2021,15:00,Premier League,Matchweek 13,Sat,Away,D,0,0,Norwich City,0.3,1.6,57,26911,Conor Coady,3/4/2003,4-1-4-1,Simon Hooper,Match Report,,5,2,17,0,0,0,Wolverhampton Wanderers,2022
12/1/2021,19:30,Premier League,Matchweek 14,Wed,Home,D,0,0,Burnley,0.7,0.2,65,30328,Conor Coady,3/4/2003,4/4/2002,John Brooks,Match Report,,16,2,20.1,0,0,0,Wolverhampton Wanderers,2022
12/4/2021,15:00,Premier League,Matchweek 15,Sat,Home,L,0,1,Liverpool,0.1,2.7,34,30729,Conor Coady,3/4/2003,4/3/2003,Chris Kavanagh,Match Report,,3,1,23.7,0,0,0,Wolverhampton Wanderers,2022
12/11/2021,12:30,Premier League,Matchweek 16,Sat,Away,L,0,1,Manchester City,0.2,3.2,29,52613,Conor Coady,3/5/2002,4/3/2003,Jonathan Moss,Match Report,,2,1,10.2,0,0,0,Wolverhampton Wanderers,2022
12/15/2021,19:30,Premier League,Matchweek 17,Wed,Away,W,1,0,Brighton,1,1.2,41,30362,Conor Coady,3/4/2003,4/3/2003,Tony Harrington,Match Report,,8,5,18,1,0,0,Wolverhampton Wanderers,2022
12/19/2021,14:00,Premier League,Matchweek 18,Sun,Home,D,0,0,Chelsea,0.2,0.9,37,30631,Conor Coady,3/5/2002,3/4/2003,David Coote,Match Report,,4,1,27.4,0,0,0,Wolverhampton Wanderers,2022
1/3/2022,17:30,Premier League,Matchweek 21,Mon,Away,W,1,0,Manchester Utd,0.7,0.8,49,73045,Conor Coady,3/4/2003,4-2-2-2,Mike Dean,Match Report,,19,6,20.4,1,0,0,Wolverhampton Wanderers,2022
1/15/2022,15:00,Premier League,Matchweek 22,Sat,Home,W,3,1,Southampton,2.5,0.8,43,30057,Conor Coady,3/4/2003,3/5/2002,Michael Salisbury,Match Report,,8,4,15.4,0,1,1,Wolverhampton Wanderers,2022
1/22/2022,15:00,Premier League,Matchweek 23,Sat,Away,W,2,1,Brentford,0.2,1.1,50,16982,Conor Coady,3/5/2002,3/5/2002,Peter Bankes,Match Report,,7,2,21.7,0,0,0,Wolverhampton Wanderers,2022
2/10/2022,19:45,Premier League,Matchweek 24,Thu,Home,L,0,1,Arsenal,0.8,1.8,58,31523,Conor Coady,3/4/2003,4-2-3-1,Michael Oliver,Match Report,,15,4,19.1,2,0,0,Wolverhampton Wanderers,2022
2/13/2022,14:00,Premier League,Matchweek 25,Sun,Away,W,2,0,Tottenham,1.3,1.2,42,56452,Conor Coady,3/5/2002,3/4/2003,Kevin Friend,Match Report,,11,7,15.9,0,0,0,Wolverhampton Wanderers,2022
2/20/2022,16:30,Premier League,Matchweek 26,Sun,Home,W,2,1,Leicester City,0.5,1.7,37,31587,Conor Coady,3/5/2002,4/3/2003,Craig Pawson,Match Report,,11,3,19.4,1,0,0,Wolverhampton Wanderers,2022
2/24/2022,19:45,Premier League,Matchweek 20,Thu,Away,L,1,2,Arsenal,1,3.1,44,59888,Conor Coady,3/4/2003,4-2-3-1,Martin Atkinson,Match Report,,6,2,14.8,0,0,0,Wolverhampton Wanderers,2022
2/27/2022,14:00,Premier League,Matchweek 27,Sun,Away,L,0,1,West Ham,0.7,1.8,61,59946,Conor Coady,3/4/2003,3/4/2003,Anthony Taylor,Match Report,,14,1,21.1,0,0,0,Wolverhampton Wanderers,2022
3/5/2022,15:00,Premier League,Matchweek 28,Sat,Home,L,0,2,Crystal Palace,0.7,2.7,63,31395,Conor Coady,3/4/2003,4-2-3-1,Andy Madley,Match Report,,12,5,19.8,0,0,0,Wolverhampton Wanderers,2022
3/10/2022,19:30,Premier League,Matchweek 19,Thu,Home,W,4,0,Watford,0.7,0.6,66,29658,Conor Coady,3/4/2003,4/3/2003,Darren England,Match Report,,10,5,18.9,0,0,0,Wolverhampton Wanderers,2022
3/13/2022,14:00,Premier League,Matchweek 29,Sun,Away,W,1,0,Everton,0.8,0.4,61,39112,Conor Coady,3/5/2002,3/4/2003,Michael Oliver,Match Report,,14,3,21.7,0,0,0,Wolverhampton Wanderers,2022
3/18/2022,20:00,Premier League,Matchweek 30,Fri,Home,L,2,3,Leeds United,1.2,2,48,31842,Conor Coady,3/4/2003,4-2-3-1,Kevin Friend,Match Report,,14,8,20.9,0,0,0,Wolverhampton Wanderers,2022
4/2/2022,15:00,Premier League,Matchweek 31,Sat,Home,W,2,1,Aston Villa,1.3,2.1,49,31012,Conor Coady,3/4/2003,4-3-1-2,Darren England,Match Report,,11,4,15,0,0,0,Wolverhampton Wanderers,2022
4/8/2022,20:00,Premier League,Matchweek 32,Fri,Away,L,0,1,Newcastle Utd,0.4,1.5,58,52164,Conor Coady,3/4/2003,4/3/2003,Peter Bankes,Match Report,,5,2,18.2,0,0,0,Wolverhampton Wanderers,2022
4/24/2022,14:00,Premier League,Matchweek 34,Sun,Away,L,0,1,Burnley,0.6,1.4,64,19246,Conor Coady,3/4/2003,4/4/2002,Anthony Taylor,Match Report,,10,4,19,0,0,0,Wolverhampton Wanderers,2022
4/30/2022,15:00,Premier League,Matchweek 35,Sat,Home,L,0,3,Brighton,0.7,2.6,49,31243,Conor Coady,3/5/2002,3/4/2003,Simon Hooper,Match Report,,11,1,18.7,1,0,0,Wolverhampton Wanderers,2022
5/7/2022,15:00,Premier League,Matchweek 36,Sat,Away,D,2,2,Chelsea,2,1.7,41,32190,Conor Coady,3/5/2002,3-4-1-2,Peter Bankes,Match Report,,14,4,15.6,0,0,0,Wolverhampton Wanderers,2022
5/11/2022,20:15,Premier League,Matchweek 33,Wed,Home,L,1,5,Manchester City,0.5,2.3,34,32000,Conor Coady,3/5/2002,4-2-3-1,Martin Atkinson,Match Report,,7,3,16.9,0,0,0,Wolverhampton Wanderers,2022
5/15/2022,14:00,Premier League,Matchweek 37,Sun,Home,D,1,1,Norwich City,0.9,1.1,64,31219,Conor Coady,3/4/2003,3/4/2003,Tony Harrington,Match Report,,17,4,20.8,1,0,0,Wolverhampton Wanderers,2022
5/22/2022,16:00,Premier League,Matchweek 38,Sun,Away,L,1,3,Liverpool,1.3,2.7,37,53097,Conor Coady,3/5/2002,4/3/2003,Anthony Taylor,Match Report,,7,5,14.7,0,0,0,Wolverhampton Wanderers,2022
8/6/2022,15:00,Premier League,Matchweek 1,Sat,Away,L,1,2,Leeds United,1.3,0.8,60,36347,Rúben Neves,4-2-3-1,4-2-3-1,Robert Jones,Match Report,,15,6,18.9,0,0,0,Wolverhampton Wanderers,2023
8/13/2022,15:00,Premier League,Matchweek 2,Sat,Home,D,0,0,Fulham,0.9,1.5,59,31178,Rúben Neves,4-2-3-1,4-2-3-1,John Brooks,Match Report,,7,1,18.7,1,0,0,Wolverhampton Wanderers,2023
8/20/2022,12:30,Premier League,Matchweek 3,Sat,Away,L,0,1,Tottenham,0.7,1.7,50,61298,Rúben Neves,3/5/2002,3/4/2003,Simon Hooper,Match Report,,20,3,21.9,1,0,0,Wolverhampton Wanderers,2023
8/28/2022,14:00,Premier League,Matchweek 4,Sun,Home,D,1,1,Newcastle Utd,0.7,1.7,37,31311,Rúben Neves,4/3/2003,4/3/2003,Peter Bankes,Match Report,,10,4,20.7,1,0,0,Wolverhampton Wanderers,2023
8/31/2022,19:30,Premier League,Matchweek 5,Wed,Away,D,0,0,Bournemouth,1.5,0.4,65,10113,Rúben Neves,4/3/2003,4/4/2002,Anthony Taylor,Match Report,,17,3,17.7,1,0,0,Wolverhampton Wanderers,2023
9/3/2022,15:00,Premier League,Matchweek 6,Sat,Home,W,1,0,Southampton,0.8,1.2,51,30546,Rúben Neves,4/3/2003,4-2-3-1,John Brooks,Match Report,,7,2,12.9,0,0,0,Wolverhampton Wanderers,2023
9/17/2022,12:30,Premier League,Matchweek 8,Sat,Home,L,0,3,Manchester City,0.4,1.1,41,31578,Rúben Neves,4/3/2003,4/3/2003,Anthony Taylor,Match Report,,6,1,19.6,2,0,0,Wolverhampton Wanderers,2023
10/1/2022,17:30,Premier League,Matchweek 9,Sat,Away,L,0,2,West Ham,0.7,0.9,61,62444,Rúben Neves,3/4/2003,4-2-3-1,Paul Tierney,Match Report,,15,4,21.6,0,0,0,Wolverhampton Wanderers,2023
10/8/2022,15:00,Premier League,Matchweek 10,Sat,Away,L,0,3,Chelsea,1.1,1.9,43,39940,João Moutinho,4-2-3-1,4-2-3-1,Simon Hooper,Match Report,,8,2,14.5,1,0,0,Wolverhampton Wanderers,2023
10/15/2022,15:00,Premier League,Matchweek 11,Sat,Home,W,1,0,Nott'ham Forest,1.3,1.5,58,31554,Rúben Neves,4-2-3-1,4/3/2003,Thomas Bramall,Match Report,,8,1,16.8,0,1,1,Wolverhampton Wanderers,2023
10/18/2022,20:15,Premier League,Matchweek 12,Tue,Away,L,1,2,Crystal Palace,0.8,1.2,49,25125,Rúben Neves,4-2-3-1,4/3/2003,David Coote,Match Report,,10,4,16.3,1,0,0,Wolverhampton Wanderers,2023
10/23/2022,14:00,Premier League,Matchweek 13,Sun,Home,L,0,4,Leicester City,2.1,0.9,60,31425,Rúben Neves,4-2-3-1,4-1-4-1,Michael Oliver,Match Report,,21,5,15.7,1,0,0,Wolverhampton Wanderers,2023
10/29/2022,15:00,Premier League,Matchweek 14,Sat,Away,D,1,1,Brentford,0.6,1.4,42,17051,Rúben Neves,4-2-3-1,4/3/2003,Robert Madley,Match Report,,13,4,20.4,0,0,0,Wolverhampton Wanderers,2023
11/5/2022,15:00,Premier League,Matchweek 15,Sat,Home,L,2,3,Brighton,1.2,1.5,29,30732,Rúben Neves,4/3/2003,4-2-3-1,Graham Scott,Match Report,,7,4,18.3,0,1,1,Wolverhampton Wanderers,2023
11/12/2022,19:45,Premier League,Matchweek 16,Sat,Home,L,0,2,Arsenal,0.7,2.1,38,34624,João Moutinho,5/3/2002,4/3/2003,Stuart Attwell,Match Report,,11,2,20,1,0,0,Wolverhampton Wanderers,2023
12/26/2022,15:00,Premier League,Matchweek 17,Mon,Away,W,2,1,Everton,0.8,1.7,42,39252,Rúben Neves,4/3/2003,4/3/2003,Craig Pawson,Match Report,,7,4,18.6,0,0,0,Wolverhampton Wanderers,2023
12/31/2022,12:30,Premier League,Matchweek 18,Sat,Home,L,0,1,Manchester Utd,0.7,2,46,31658,Rúben Neves,4-2-3-1,4-2-3-1,Robert Jones,Match Report,,10,3,17.3,2,0,0,Wolverhampton Wanderers,2023
1/4/2023,20:00,Premier League,Matchweek 19,Wed,Away,D,1,1,Aston Villa,0.9,1.8,44,39978,Rúben Neves,4-2-3-1,4/4/2002,Jarred Gillett,Match Report,,10,3,14.2,0,0,0,Wolverhampton Wanderers,2023
1/14/2023,15:00,Premier League,Matchweek 20,Sat,Home,W,1,0,West Ham,0.9,1.1,58,31511,Rúben Neves,4-2-3-1,4/3/2003,Simon Hooper,Match Report,,17,4,20,0,0,0,Wolverhampton Wanderers,2023
1/22/2023,14:00,Premier League,Matchweek 21,Sun,Away,L,0,3,Manchester City,0.8,2.8,45,53282,Rúben Neves,4/3/2003,3-2-4-1,David Coote,Match Report,,10,1,16.4,0,0,0,Wolverhampton Wanderers,2023
2/4/2023,15:00,Premier League,Matchweek 22,Sat,Home,W,3,0,Liverpool,2,1.8,41,31664,Rúben Neves,4/4/2002,4/3/2003,Paul Tierney,Match Report,,12,5,18.3,0,0,0,Wolverhampton Wanderers,2023
2/11/2023,15:00,Premier League,Matchweek 23,Sat,Away,W,2,1,Southampton,0.8,1.1,59,29751,Rúben Neves,4-2-3-1,5/3/2002,Jarred Gillett,Match Report,,11,1,18.7,0,0,0,Wolverhampton Wanderers,2023
2/18/2023,15:00,Premier League,Matchweek 24,Sat,Home,L,0,1,Bournemouth,1.3,1.1,68,31222,Rúben Neves,4-2-3-1,4-2-3-1,Michael Salisbury,Match Report,,15,4,13.3,0,0,0,Wolverhampton Wanderers,2023
2/24/2023,20:00,Premier League,Matchweek 25,Fri,Away,D,1,1,Fulham,0.8,0.5,49,24399,Rúben Neves,4/4/2002,4-2-3-1,Michael Oliver,Match Report,,8,2,18.1,0,0,0,Wolverhampton Wanderers,2023
3/1/2023,20:00,Premier League,Matchweek 7,Wed,Away,L,0,2,Liverpool,0.8,2.6,43,53259,Rúben Neves,4-2-3-1,4/3/2003,Paul Tierney,Match Report,,4,1,11,0,0,0,Wolverhampton Wanderers,2023
3/4/2023,15:00,Premier League,Matchweek 26,Sat,Home,W,1,0,Tottenham,0.5,1.2,46,31585,Rúben Neves,4-2-3-1,3/4/2003,Tim Robinson,Match Report,,8,5,21,0,0,0,Wolverhampton Wanderers,2023
3/12/2023,16:30,Premier League,Matchweek 27,Sun,Away,L,1,2,Newcastle Utd,1.1,1.8,57,52240,Rúben Neves,4-2-3-1,4/3/2003,Andy Madley,Match Report,,7,4,19.5,1,0,0,Wolverhampton Wanderers,2023
3/18/2023,15:00,Premier League,Matchweek 28,Sat,Home,L,2,4,Leeds United,2.7,1.6,65,31570,Rúben Neves,4/3/2003,4-2-3-1,Michael Salisbury,Match Report,,23,8,16.1,1,0,0,Wolverhampton Wanderers,2023
4/1/2023,15:00,Premier League,Matchweek 29,Sat,Away,D,1,1,Nott'ham Forest,0.5,1.3,71,29368,Rúben Neves,4-2-3-1,4-3-2-1,Chris Kavanagh,Match Report,,8,1,17.2,0,0,0,Wolverhampton Wanderers,2023
4/8/2023,15:00,Premier League,Matchweek 30,Sat,Home,W,1,0,Chelsea,0.6,1.1,38,31614,Max Kilman,4/4/2002,4/3/2003,Peter Bankes,Match Report,,9,4,24.2,0,0,0,Wolverhampton Wanderers,2023
4/15/2023,15:00,Premier League,Matchweek 31,Sat,Home,W,2,0,Brentford,0.8,1.1,50,30769,Max Kilman,4/4/2002,4/3/2003,Paul Tierney,Match Report,,11,9,18.4,0,0,0,Wolverhampton Wanderers,2023
4/22/2023,15:00,Premier League,Matchweek 32,Sat,Away,L,1,2,Leicester City,0.9,2.4,58,32053,Max Kilman,4/4/2002,4-2-3-1,Andy Madley,Match Report,,16,3,20.7,2,0,0,Wolverhampton Wanderers,2023
4/25/2023,19:30,Premier League,Matchweek 33,Tue,Home,W,2,0,Crystal Palace,1.4,0.8,41,30294,Rúben Neves,4/4/2002,4/3/2003,Robert Jones,Match Report,,8,2,17,0,1,1,Wolverhampton Wanderers,2023
4/29/2023,15:00,Premier League,Matchweek 34,Sat,Away,L,0,6,Brighton,0.8,3.3,43,31584,Rúben Neves,4/4/2002,4-2-3-1,David Coote,Match Report,,10,2,18.7,0,0,0,Wolverhampton Wanderers,2023
5/6/2023,15:00,Premier League,Matchweek 35,Sat,Home,W,1,0,Aston Villa,0.8,1.5,38,31641,Rúben Neves,4/4/2002,4/4/2002,Stuart Attwell,Match Report,,6,2,17.6,0,0,0,Wolverhampton Wanderers,2023
5/13/2023,15:00,Premier League,Matchweek 36,Sat,Away,L,0,2,Manchester Utd,0.3,3.2,52,73570,Rúben Neves,4/4/2002,4-2-3-1,John Brooks,Match Report,,5,0,10.5,0,0,0,Wolverhampton Wanderers,2023
5/20/2023,15:00,Premier League,Matchweek 37,Sat,Home,D,1,1,Everton,1.6,2,52,31684,Rúben Neves,4/4/2002,4-1-4-1,David Coote,Match Report,,13,5,17.9,1,0,0,Wolverhampton Wanderers,2023
5/28/2023,16:30,Premier League,Matchweek 38,Sun,Away,L,0,5,Arsenal,0.5,2.8,49,60095,Max Kilman,4/3/2003,4/3/2003,Andre Marriner,Match Report,,6,0,14.7,1,0,0,Wolverhampton Wanderers,2023
8/14/2023,20:00,Premier League,Matchweek 1,Mon,Away,L,0,1,Manchester Utd,2.2,2.2,49,73358,Max Kilman,4/4/2002,4-1-4-1,Simon Hooper,Match Report,,23,6,15.3,0,0,0,Wolverhampton Wanderers,2024
8/19/2023,15:00,Premier League,Matchweek 2,Sat,Home,L,1,4,Brighton,2.1,2.2,47,31317,Max Kilman,4-4-1-1,4-2-3-1,Andy Madley,Match Report,,16,5,16.1,0,0,0,Wolverhampton Wanderers,2024
8/26/2023,15:00,Premier League,Matchweek 3,Sat,Away,W,1,0,Everton,1.1,1.3,53,38851,Max Kilman,4-4-1-1,4-1-4-1,Craig Pawson,Match Report,,11,2,17.8,1,0,0,Wolverhampton Wanderers,2024
9/3/2023,14:00,Premier League,Matchweek 4,Sun,Away,L,2,3,Crystal Palace,1.2,2.1,57,24741,Max Kilman,4/4/2002,4/3/2003,Robert Jones,Match Report,,12,4,16.2,0,0,0,Wolverhampton Wanderers,2024
9/16/2023,12:30,Premier League,Matchweek 5,Sat,Home,L,1,3,Liverpool,0.6,2.5,35,31257,Max Kilman,4-2-3-1,4/3/2003,Michael Oliver,Match Report,,11,2,18.7,0,0,0,Wolverhampton Wanderers,2024
9/23/2023,15:00,Premier League,Matchweek 6,Sat,Away,D,1,1,Luton Town,0.6,2.1,43,10893,Max Kilman,4-2-3-1,3/4/2003,Joshua Smith,Match Report,,3,3,7,0,0,0,Wolverhampton Wanderers,2024
9/30/2023,15:00,Premier League,Matchweek 7,Sat,Home,W,2,1,Manchester City,0.4,0.9,32,31415,Max Kilman,3/4/2003,4-2-3-1,Craig Pawson,Match Report,,3,1,11.4,0,0,0,Wolverhampton Wanderers,2024
10/8/2023,14:00,Premier League,Matchweek 8,Sun,Home,D,1,1,Aston Villa,1.7,1.6,47,31425,Max Kilman,3/4/2003,4/4/2002,Robert Jones,Match Report,,8,3,16,0,0,0,Wolverhampton Wanderers,2024
10/21/2023,15:00,Premier League,Matchweek 9,Sat,Away,W,2,1,Bournemouth,2.4,0.6,65,11175,Max Kilman,3/4/2003,4-2-3-1,Paul Tierney,Match Report,,21,7,16.2,0,0,0,Wolverhampton Wanderers,2024
10/28/2023,17:30,Premier League,Matchweek 10,Sat,Home,D,2,2,Newcastle Utd,0.9,2.2,43,31584,Max Kilman,4/4/2002,4/3/2003,Anthony Taylor,Match Report,,11,6,17.2,1,0,0,Wolverhampton Wanderers,2024
11/4/2023,15:00,Premier League,Matchweek 11,Sat,Away,L,1,2,Sheffield Utd,1.2,1,61,29454,Max Kilman,4-4-1-1,3-4-1-2,Robert Jones,Match Report,,10,3,17.5,1,0,0,Wolverhampton Wanderers,2024
11/11/2023,12:30,Premier League,Matchweek 12,Sat,Home,W,2,1,Tottenham,2.1,0.7,42,31642,Max Kilman,3/5/2002,4/3/2003,Tim Robinson,Match Report,,17,4,18.5,0,0,0,Wolverhampton Wanderers,2024
11/27/2023,20:00,Premier League,Matchweek 13,Mon,Away,L,2,3,Fulham,1.4,2.9,40,24366,Max Kilman,3/5/2002,4-2-3-1,Michael Salisbury,Match Report,,9,5,16.6,0,1,1,Wolverhampton Wanderers,2024
12/2/2023,15:00,Premier League,Matchweek 14,Sat,Away,L,1,2,Arsenal,0.7,2.8,43,60262,Max Kilman,3/5/2002,4/3/2003,Peter Bankes,Match Report,,6,3,10.8,0,0,0,Wolverhampton Wanderers,2024
12/5/2023,19:30,Premier League,Matchweek 15,Tue,Home,W,1,0,Burnley,0.8,0.9,51,30439,Max Kilman,3/4/2003,4/4/2002,Jarred Gillett,Match Report,,7,4,15.8,1,0,0,Wolverhampton Wanderers,2024
12/9/2023,15:00,Premier League,Matchweek 16,Sat,Home,D,1,1,Nott'ham Forest,1.2,1.3,68,31543,Max Kilman,3/4/2003,3/5/2002,Samuel Barrott,Match Report,,10,4,15.2,0,0,0,Wolverhampton Wanderers,2024
12/17/2023,14:00,Premier League,Matchweek 17,Sun,Away,L,0,3,West Ham,0.7,1.1,55,62455,Max Kilman,3/4/2003,4-2-3-1,Chris Kavanagh,Match Report,,14,3,20.5,0,0,0,Wolverhampton Wanderers,2024
12/24/2023,13:00,Premier League,Matchweek 18,Sun,Home,W,2,1,Chelsea,1.3,2,32,31641,Max Kilman,3/4/2003,4-2-3-1,David Coote,Match Report,,14,6,16.7,1,0,0,Wolverhampton Wanderers,2024
12/27/2023,19:30,Premier League,Matchweek 19,Wed,Away,W,4,1,Brentford,2.4,2.2,40,17109,Max Kilman,3/4/2003,4/3/2003,Andy Madley,Match Report,,11,5,17.8,0,0,0,Wolverhampton Wanderers,2024
12/30/2023,15:00,Premier League,Matchweek 20,Sat,Home,W,3,0,Everton,1.9,0.4,53,31639,Max Kilman,3/4/2003,5/4/2001,Thomas Bramall,Match Report,,12,6,13.4,0,0,0,Wolverhampton Wanderers,2024
1/22/2024,19:45,Premier League,Matchweek 21,Mon,Away,D,0,0,Brighton,1.1,1,28,41505,Max Kilman,3/4/2003,4/3/2003,Craig Pawson,Match Report,,8,3,18.6,0,0,0,Wolverhampton Wanderers,2024
2/1/2024,20:15,Premier League,Matchweek 22,Thu,Home,L,3,4,Manchester Utd,2.1,3.3,53,31641,Max Kilman,3/4/2003,4-2-3-1,Jarred Gillett,Match Report,,15,5,16.6,1,1,1,Wolverhampton Wanderers,2024
2/4/2024,14:00,Premier League,Matchweek 23,Sun,Away,W,4,2,Chelsea,2,1.7,36,39628,Max Kilman,3/4/2003,4-2-3-1,Tim Robinson,Match Report,,13,6,16.6,2,1,1,Wolverhampton Wanderers,2024
2/10/2024,15:00,Premier League,Matchweek 24,Sat,Home,L,0,2,Brentford,1,1.9,71,30731,Max Kilman,3/4/2003,3/5/2002,Simon Hooper,Match Report,,17,5,17.2,1,0,0,Wolverhampton Wanderers,2024
2/17/2024,15:00,Premier League,Matchweek 25,Sat,Away,W,2,1,Tottenham,1.8,1.6,29,61532,José Sá,3/4/2003,4-2-3-1,Anthony Taylor,Match Report,,12,7,15.9,0,0,0,Wolverhampton Wanderers,2024
2/25/2024,13:30,Premier League,Matchweek 26,Sun,Home,W,1,0,Sheffield Utd,1.3,0.6,63,30789,Max Kilman,3/4/2003,3/5/2002,Darren Bond,Match Report,,13,2,14.6,0,0,0,Wolverhampton Wanderers,2024
3/2/2024,15:00,Premier League,Matchweek 27,Sat,Away,L,0,3,Newcastle Utd,0.8,2.1,56,52206,Max Kilman,3/4/2003,4/3/2003,Tim Robinson,Match Report,,12,3,15.9,0,0,0,Wolverhampton Wanderers,2024
3/9/2024,15:00,Premier League,Matchweek 28,Sat,Home,W,2,1,Fulham,0.8,2.6,48,30860,Max Kilman,4-2-3-1,4-2-3-1,Tony Harrington,Match Report,,8,3,16.3,0,0,0,Wolverhampton Wanderers,2024
3/30/2024,17:30,Premier League,Matchweek 30,Sat,Away,L,0,2,Aston Villa,1.5,1,52,42640,Max Kilman,3/4/2003,4/4/2002,Paul Tierney,Match Report,,13,3,14.6,1,0,0,Wolverhampton Wanderers,2024
4/2/2024,19:45,Premier League,Matchweek 31,Tue,Away,D,1,1,Burnley,0.9,1.3,49,21528,Max Kilman,4-4-1-1,4/4/2002,Thomas Bramall,Match Report,,8,2,12.4,0,0,0,Wolverhampton Wanderers,2024
4/6/2024,15:00,Premier League,Matchweek 32,Sat,Home,L,1,2,West Ham,1.5,1.2,58,31504,Max Kilman,3/4/2003,4-2-3-1,Tony Harrington,Match Report,,13,6,25.4,1,1,1,Wolverhampton Wanderers,2024
4/13/2024,15:00,Premier League,Matchweek 33,Sat,Away,D,2,2,Nott'ham Forest,1,1.9,54,29604,Max Kilman,3-4-1-2,4-2-3-1,Craig Pawson,Match Report,,11,3,16.1,0,0,0,Wolverhampton Wanderers,2024
4/20/2024,19:30,Premier League,Matchweek 34,Sat,Home,L,0,2,Arsenal,0.2,1.2,46,31621,Max Kilman,4/4/2002,4/3/2003,Paul Tierney,Match Report,,5,3,20.1,0,0,0,Wolverhampton Wanderers,2024
4/24/2024,19:45,Premier League,Matchweek 29,Wed,Home,L,0,1,Bournemouth,0.5,1.9,63,25541,Max Kilman,4-1-4-1,4-2-3-1,Stuart Attwell,Match Report,,15,4,20.1,0,0,0,Wolverhampton Wanderers,2024
4/27/2024,15:00,Premier League,Matchweek 35,Sat,Home,W,2,1,Luton Town,1.2,0.6,58,31531,Max Kilman,3-5-1-1,3/4/2003,David Coote,Match Report,,13,5,18.8,0,0,0,Wolverhampton Wanderers,2024
5/4/2024,17:30,Premier League,Matchweek 36,Sat,Away,L,1,5,Manchester City,0.3,3.7,42,52439,Max Kilman,3/5/2002,4-2-3-1,Craig Pawson,Match Report,,2,1,9,0,0,0,Wolverhampton Wanderers,2024
5/11/2024,15:00,Premier League,Matchweek 37,Sat,Home,L,1,3,Crystal Palace,1.6,2.6,62,31424,Max Kilman,3-5-1-1,3/4/2003,Thomas Bramall,Match Report,,14,8,14.6,0,0,0,Wolverhampton Wanderers,2024
5/19/2024,16:00,Premier League,Matchweek 38,Sun,Away,L,0,2,Liverpool,0.5,4.5,33,60059,Max Kilman,3-5-1-1,4/3/2003,Chris Kavanagh,Match Report,,4,2,19,1,0,0,Wolverhampton Wanderers,2024
8/17/2024,15:00,Premier League,Matchweek 1,Sat,Away,L,0,2,Arsenal,0.5,1.2,47,60261,Mario Lemina,4-2-3-1,4/3/2003,Jarred Gillett,Match Report,,9,3,19.3,1,0,0,Wolverhampton Wanderers,2025
8/25/2024,14:00,Premier League,Matchweek 2,Sun,Home,L,2,6,Chelsea,1.9,1.6,40,31235,Mario Lemina,4-2-3-1,4-2-3-1,Darren England,Match Report,,12,4,19.1,1,0,0,Wolverhampton Wanderers,2025
8/31/2024,15:00,Premier League,Matchweek 3,Sat,Away,D,1,1,Nott'ham Forest,0.7,1,48,29918,Mario Lemina,4-4-1-1,4-2-3-1,Simon Hooper,Match Report,,11,2,20.7,0,0,0,Wolverhampton Wanderers,2025
9/15/2024,16:30,Premier League,Matchweek 4,Sun,Home,L,1,2,Newcastle Utd,1.2,1.5,49,30255,Mario Lemina,4-4-1-1,4/3/2003,Chris Kavanagh,Match Report,,12,5,15.2,0,0,0,Wolverhampton Wanderers,2025
9/21/2024,15:00,Premier League,Matchweek 5,Sat,Away,L,1,3,Aston Villa,0.5,1.7,47,39978,Mario Lemina,4-1-4-1,4-2-3-1,Tim Robinson,Match Report,,10,4,14.9,0,0,0,Wolverhampton Wanderers,2025
9/28/2024,17:30,Premier League,Matchweek 6,Sat,Home,L,1,2,Liverpool,0.6,2.5,45,31413,Mario Lemina,4-1-4-1,4-2-3-1,Anthony Taylor,Match Report,,8,3,22.9,0,0,0,Wolverhampton Wanderers,2025
10/5/2024,15:00,Premier League,Matchweek 7,Sat,Away,L,3,5,Brentford,1,4.2,56,16960,Mario Lemina,4-1-4-1,4-2-3-1,Andy Madley,Match Report,,17,6,20.9,0,0,0,Wolverhampton Wanderers,2025
10/20/2024,14:00,Premier League,Matchweek 8,Sun,Home,L,1,2,Manchester City,0.8,1.6,23,31319,Mario Lemina,3/5/2002,4-1-4-1,Chris Kavanagh,Match Report,,3,2,17.6,0,0,0,Wolverhampton Wanderers,2025
10/26/2024,15:00,Premier League,Matchweek 9,Sat,Away,D,2,2,Brighton,1.3,1.3,49,31840,Mario Lemina,3/4/2003,4/4/2002,Michael Oliver,Match Report,,14,7,11.9,0,0,0,Wolverhampton Wanderers,2025
11/2/2024,17:30,Premier League,Matchweek 10,Sat,Home,D,2,2,Crystal Palace,1.5,2.4,57,31124,Nélson Semedo,3/4/2003,3/4/2003,Anthony Taylor,Match Report,,11,6,17.6,0,0,0,Wolverhampton Wanderers,2025
11/9/2024,15:00,Premier League,Matchweek 11,Sat,Home,W,2,0,Southampton,1.3,0.6,29,31403,Mario Lemina,4-2-3-1,5/4/2001,Thomas Bramall,Match Report,,8,4,23.1,0,0,0,Wolverhampton Wanderers,2025
11/23/2024,15:00,Premier League,Matchweek 12,Sat,Away,W,4,1,Fulham,1.3,1,41,26685,Mario Lemina,3/4/2003,4-2-3-1,Robert Jones,Match Report,,10,5,16.5,0,0,0,Wolverhampton Wanderers,2025
11/30/2024,15:00,Premier League,Matchweek 13,Sat,Home,L,2,4,Bournemouth,0.5,3.3,60,26685,Mario Lemina,4-2-3-1,4-2-3-1,Peter Bankes,Match Report,,10,3,19.9,1,0,0,Wolverhampton Wanderers,2025
12/4/2024,19:30,Premier League,Matchweek 14,Wed,Away,L,0,4,Everton,0.8,1,56,38820,Mario Lemina,3/4/2003,4-2-3-1,Michael Salisbury,Match Report,,6,2,20.7,0,0,0,Wolverhampton Wanderers,2025
12/9/2024,20:00,Premier League,Matchweek 15,Mon,Away,L,1,2,West Ham,1.4,1,46,62474,Mario Lemina,3/4/2003,4-2-3-1,John Brooks,Match Report,,19,5,17.9,0,0,0,Wolverhampton Wanderers,2025
12/14/2024,15:00,Premier League,Matchweek 16,Sat,Home,L,1,2,Ipswich Town,1.3,1.1,54,30866,Nélson Semedo,3/4/2003,4-2-3-1,Simon Hooper,Match Report,,16,6,18.4,0,0,0,Wolverhampton Wanderers,2025
12/22/2024,14:00,Premier League,Matchweek 17,Sun,Away,W,3,0,Leicester City,1.1,0.8,46,31818,Nélson Semedo,3/4/2003,4-2-3-1,Anthony Taylor,Match Report,,8,4,14.6,1,0,0,Wolverhampton Wanderers,2025
12/26/2024,17:30,Premier League,Matchweek 18,Thu,Home,W,2,0,Manchester Utd,0.9,0.4,51,31407,Nélson Semedo,3/4/2003,3/4/2003,Tony Harrington,Match Report,,7,4,24.1,1,0,0,Wolverhampton Wanderers,2025
12/29/2024,15:00,Premier League,Matchweek 19,Sun,Away,D,2,2,Tottenham,0.7,2.2,52,61284,Nélson Semedo,3/4/2003,4-2-3-1,Chris Kavanagh,Match Report,,11,3,20,1,0,0,Wolverhampton Wanderers,2025
1/6/2025,20:00,Premier League,Matchweek 20,Mon,Home,L,0,3,Nott'ham Forest,1.5,2.1,60,29940,Matt Doherty,3/4/2003,4-2-3-1,Peter Bankes,Match Report,,13,5,15.3,0,0,0,Wolverhampton Wanderers,2025
1/15/2025,19:30,Premier League,Matchweek 21,Wed,Away,L,0,3,Newcastle Utd,1.6,2.1,40,51975,Matt Doherty,3/4/2003,4/3/2003,Darren England,Match Report,,13,7,17.4,0,0,0,Wolverhampton Wanderers,2025
1/20/2025,20:00,Premier League,Matchweek 22,Mon,Away,L,1,3,Chelsea,0.8,3.1,37,39221,Nélson Semedo,3/4/2003,4-2-3-1,Simon Hooper,Match Report,,9,4,16.7,0,0,0,Wolverhampton Wanderers,2025
1/25/2025,15:00,Premier League,Matchweek 23,Sat,Home,L,0,1,Arsenal,0.7,1,51,31503,Nélson Semedo,3/4/2003,4/3/2003,Michael Oliver,Match Report,,9,4,22,0,0,0,Wolverhampton Wanderers,2025
2/1/2025,17:30,Premier League,Matchweek 24,Sat,Home,W,2,0,Aston Villa,1.6,0.4,32,31385,Nélson Semedo,3/4/2003,4-2-3-1,Andy Madley,Match Report,,8,5,17.2,1,0,0,Wolverhampton Wanderers,2025
2/16/2025,14:00,Premier League,Matchweek 25,Sun,Away,L,1,2,Liverpool,1.5,1.7,50,60248,Nélson Semedo,3/4/2003,4-2-3-1,Simon Hooper,Match Report,,16,4,22,2,0,0,Wolverhampton Wanderers,2025
2/22/2025,15:00,Premier League,Matchweek 26,Sat,Away,W,1,0,Bournemouth,2,0.9,54,11206,Nélson Semedo,3/4/2003,4-2-3-1,Michael Salisbury,Match Report,,13,5,17.5,1,0,0,Wolverhampton Wanderers,2025
2/25/2025,19:30,Premier League,Matchweek 27,Tue,Home,L,1,2,Fulham,1.3,1.7,60,28708,Nélson Semedo,3/4/2003,3/4/2003,Peter Bankes,Match Report,,18,5,17.9,3,0,0,Wolverhampton Wanderers,2025
3/8/2025,20:00,Premier League,Matchweek 28,Sat,Home,D,1,1,Everton,0.8,1.2,66,30738,Nélson Semedo,3/4/2003,4-2-3-1,Stuart Attwell,Match Report,,11,3,18.3,1,0,0,Wolverhampton Wanderers,2025
3/15/2025,15:00,Premier League,Matchweek 29,Sat,Away,W,2,1,Southampton,0.4,1.3,40,30950,Nélson Semedo,3/4/2003,3/4/2003,Robert Jones,Match Report,,5,3,18.5,0,0,0,Wolverhampton Wanderers,2025
4/1/2025,19:45,Premier League,Matchweek 30,Tue,Home,W,1,0,West Ham,1.2,1.3,42,29587,Nélson Semedo,3/4/2003,3/4/2003,Tony Harrington,Match Report,,9,2,21.5,1,0,0,Wolverhampton Wanderers,2025
4/5/2025,15:00,Premier League,Matchweek 31,Sat,Away,W,2,1,Ipswich Town,2.6,0.8,55,29549,Nélson Semedo,3/4/2003,4-2-3-1,Peter Bankes,Match Report,,22,6,13.2,0,0,0,Wolverhampton Wanderers,2025
4/13/2025,14:00,Premier League,Matchweek 32,Sun,Home,W,4,2,Tottenham,2.4,2,37,31463,Nélson Semedo,3/4/2003,4/3/2003,Anthony Taylor,Match Report,,13,5,15.5,1,0,0,Wolverhampton Wanderers,2025
4/20/2025,14:00,Premier League,Matchweek 33,Sun,Away,W,1,0,Manchester Utd,0.2,1.3,41,73819,Nélson Semedo,3/4/2003,3/4/2003,Robert Jones,Match Report,,4,2,20.6,1,0,0,Wolverhampton Wanderers,2025
4/26/2025,15:00,Premier League,Matchweek 34,Sat,Home,W,3,0,Leicester City,2,1.1,56,31518,Nélson Semedo,3/4/2003,4-2-3-1,Samuel Barrott,Match Report,,20,5,19.8,1,0,0,Wolverhampton Wanderers,2025
5/2/2025,20:00,Premier League,Matchweek 35,Fri,Away,L,0,1,Manchester City,0.4,0.7,37,53282,Nélson Semedo,3/4/2003,4-2-3-1,Peter Bankes,Match Report,,6,0,16.3,0,0,0,Wolverhampton Wanderers,2025
5/10/2025,15:00,Premier League,Matchweek 36,Sat,Home,L,0,2,Brighton,0.9,1.6,56,31279,Nélson Semedo,3/4/2003,4-2-3-1,Michael Oliver,Match Report,,10,3,15.5,0,0,0,Wolverhampton Wanderers,2025
5/20/2025,20:00,Premier League,Matchweek 37,Tue,Away,L,2,4,Crystal Palace,1.4,1.7,69,24766,Toti Gomes,3/4/2003,3/4/2003,David Webb,Match Report,,12,3,15.1,0,0,0,Wolverhampton Wanderers,2025
5/25/2025,16:00,Premier League,Matchweek 38,Sun,Home,D,1,1,Brentford,1,1.4,49,31382,Nélson Semedo,3/4/2003,4-2-3-1,Craig Pawson,Match Report,,18,6,20.6,0,0,0,Wolverhampton Wanderers,2025
